case_id,score,confidence,narrative,payload_json,resolved_payload_json
RC00000001,50,0.7800,Elevated-risk investigation for RC00000001; keep under review pending confirmation.,"{""score"":50,""confidence"":0.78,""ring"":""RING-141"",""reason"":""High-risk merchant and amount significantly above customer baseline.""}",
RC00000002,51,0.7800,Elevated-risk investigation for RC00000002; keep under review pending confirmation.,"{""score"":51,""confidence"":0.78,""ring"":""RING-142"",""reason"":""High-risk merchant and amount significantly above customer baseline.""}",
RC00000003,51,0.7800,Elevated-risk investigation for RC00000003; keep under review pending confirmation.,"{""score"":51,""confidence"":0.78,""ring"":""RING-143"",""reason"":""High-risk merchant and amount significantly above customer baseline.""}",
RC00000004,55,0.7800,Elevated-risk investigation for RC00000004; keep under review pending confirmation.,"{""score"":55,""confidence"":0.78,""ring"":""RING-144"",""reason"":""High-risk merchant and amount significantly above customer baseline.""}",
RC00000005,54,0.7800,Elevated-risk investigation for RC00000005; keep under review pending confirmation.,"{""score"":54,""confidence"":0.78,""ring"":""RING-145"",""reason"":""High-risk merchant and amount significantly above customer baseline.""}",
RC00000006,54,0.7800,Elevated-risk investigation for RC00000006; keep under review pending confirmation.,"{""score"":54,""confidence"":0.78,""ring"":""RING-146"",""reason"":""High-risk merchant and amount significantly above customer baseline.""}",
RC00000007,53,0.7800,Elevated-risk investigation for RC00000007; keep under review pending confirmation.,"{""score"":53,""confidence"":0.78,""ring"":""RING-147"",""reason"":""High-risk merchant and amount significantly above customer baseline.""}",
RC00000008,91,0.9100,High-confidence fraud investigation for RC00000008; keep the transaction held and open dispute workflow.,"{""score"":91,""confidence"":0.91,""ring"":""RING-148"",""reason"":""PaySim-style fraud pattern: account depletion via transfer or cash-out.""}",
RC00000009,94,0.9100,High-confidence fraud investigation for RC00000009; keep the transaction held and open dispute workflow.,"{""score"":94,""confidence"":0.91,""ring"":""RING-149"",""reason"":""PaySim-style fraud pattern: account depletion via transfer or cash-out.""}",
RC00000010,53,0.7800,Elevated-risk investigation for RC00000010; keep under review pending confirmation.,"{""score"":53,""confidence"":0.78,""ring"":""RING-150"",""reason"":""High-risk merchant and amount significantly above customer baseline.""}",
RC00000011,53,0.7800,Elevated-risk investigation for RC00000011; keep under review pending confirmation.,"{""score"":53,""confidence"":0.78,""ring"":""RING-151"",""reason"":""High-risk merchant and amount significantly above customer baseline.""}",
RC00000012,57,0.7800,Elevated-risk investigation for RC00000012; keep under review pending confirmation.,"{""score"":57,""confidence"":0.78,""ring"":""RING-152"",""reason"":""High-risk merchant and amount significantly above customer baseline.""}",
RC00000013,56,0.7800,Elevated-risk investigation for RC00000013; keep under review pending confirmation.,"{""score"":56,""confidence"":0.78,""ring"":""RING-153"",""reason"":""High-risk merchant and amount significantly above customer baseline.""}",
RC00000014,56,0.7800,Elevated-risk investigation for RC00000014; keep under review pending confirmation.,"{""score"":56,""confidence"":0.78,""ring"":""RING-154"",""reason"":""High-risk merchant and amount significantly above customer baseline.""}",
RC00000015,93,0.9100,High-confidence fraud investigation for RC00000015; keep the transaction held and open dispute workflow.,"{""score"":93,""confidence"":0.91,""ring"":""RING-155"",""reason"":""PaySim-style fraud pattern: account depletion via transfer or cash-out.""}",
RC00000016,55,0.7800,Elevated-risk investigation for RC00000016; keep under review pending confirmation.,"{""score"":55,""confidence"":0.78,""ring"":""RING-156"",""reason"":""High-risk merchant and amount significantly above customer baseline.""}",
RC00000017,93,0.9100,High-confidence fraud investigation for RC00000017; keep the transaction held and open dispute workflow.,"{""score"":93,""confidence"":0.91,""ring"":""RING-157"",""reason"":""PaySim-style fraud pattern: account depletion via transfer or cash-out.""}",
RC00000018,53,0.7800,Elevated-risk investigation for RC00000018; keep under review pending confirmation.,"{""score"":53,""confidence"":0.78,""ring"":""RING-158"",""reason"":""High-risk merchant and amount significantly above customer baseline.""}",
RC00000019,57,0.7800,Elevated-risk investigation for RC00000019; keep under review pending confirmation.,"{""score"":57,""confidence"":0.78,""ring"":""RING-159"",""reason"":""High-risk merchant and amount significantly above customer baseline.""}",
RC00000020,52,0.7800,Elevated-risk investigation for RC00000020; keep under review pending confirmation.,"{""score"":52,""confidence"":0.78,""ring"":""RING-160"",""reason"":""High-risk merchant and amount significantly above customer baseline.""}",
RC00000021,56,0.7800,Elevated-risk investigation for RC00000021; keep under review pending confirmation.,"{""score"":56,""confidence"":0.78,""ring"":""RING-161"",""reason"":""High-risk merchant and amount significantly above customer baseline.""}",
RC00000022,56,0.7800,Elevated-risk investigation for RC00000022; keep under review pending confirmation.,"{""score"":56,""confidence"":0.78,""ring"":""RING-162"",""reason"":""High-risk merchant and amount significantly above customer baseline.""}",
RC00000023,87,0.9100,High-confidence fraud investigation for RC00000023; keep the transaction held and open dispute workflow.,"{""score"":87,""confidence"":0.91,""ring"":""RING-163"",""reason"":""PaySim-style fraud pattern: account depletion via transfer or cash-out.""}",
RC00000024,55,0.7800,Elevated-risk investigation for RC00000024; keep under review pending confirmation.,"{""score"":55,""confidence"":0.78,""ring"":""RING-164"",""reason"":""High-risk merchant and amount significantly above customer baseline.""}",
RC00000025,95,0.9100,High-confidence fraud investigation for RC00000025; keep the transaction held and open dispute workflow.,"{""score"":95,""confidence"":0.91,""ring"":""RING-165"",""reason"":""PaySim-style fraud pattern: account depletion via transfer or cash-out.""}",
RC00000026,54,0.7800,Elevated-risk investigation for RC00000026; keep under review pending confirmation.,"{""score"":54,""confidence"":0.78,""ring"":""RING-166"",""reason"":""High-risk merchant and amount significantly above customer baseline.""}",
RC00000027,53,0.7800,Elevated-risk investigation for RC00000027; keep under review pending confirmation.,"{""score"":53,""confidence"":0.78,""ring"":""RING-167"",""reason"":""High-risk merchant and amount significantly above customer baseline.""}",
RC00000028,53,0.7800,Elevated-risk investigation for RC00000028; keep under review pending confirmation.,"{""score"":53,""confidence"":0.78,""ring"":""RING-168"",""reason"":""High-risk merchant and amount significantly above customer baseline.""}",
RC00000029,58,0.7800,Elevated-risk investigation for RC00000029; keep under review pending confirmation.,"{""score"":58,""confidence"":0.78,""ring"":""RING-169"",""reason"":""High-risk merchant and amount significantly above customer baseline.""}",
RC00000030,95,0.9100,High-confidence fraud investigation for RC00000030; keep the transaction held and open dispute workflow.,"{""score"":95,""confidence"":0.91,""ring"":""RING-170"",""reason"":""PaySim-style fraud pattern: account depletion via transfer or cash-out.""}",
RC00000031,53,0.7800,Elevated-risk investigation for RC00000031; keep under review pending confirmation.,"{""score"":53,""confidence"":0.78,""ring"":""RING-171"",""reason"":""High-risk merchant and amount significantly above customer baseline.""}",
RC00000032,89,0.9100,High-confidence fraud investigation for RC00000032; keep the transaction held and open dispute workflow.,"{""score"":89,""confidence"":0.91,""ring"":""RING-172"",""reason"":""PaySim-style fraud pattern: account depletion via transfer or cash-out.""}",
RC00000033,57,0.7800,Elevated-risk investigation for RC00000033; keep under review pending confirmation.,"{""score"":57,""confidence"":0.78,""ring"":""RING-173"",""reason"":""High-risk merchant and amount significantly above customer baseline.""}",
RC00000034,97,0.9100,High-confidence fraud investigation for RC00000034; keep the transaction held and open dispute workflow.,"{""score"":97,""confidence"":0.91,""ring"":""RING-174"",""reason"":""PaySim-style fraud pattern: account depletion via transfer or cash-out.""}",
RC00000035,53,0.7800,Elevated-risk investigation for RC00000035; keep under review pending confirmation.,"{""score"":53,""confidence"":0.78,""ring"":""RING-175"",""reason"":""High-risk merchant and amount significantly above customer baseline.""}",
RC00000036,53,0.7800,Elevated-risk investigation for RC00000036; keep under review pending confirmation.,"{""score"":53,""confidence"":0.78,""ring"":""RING-176"",""reason"":""High-risk merchant and amount significantly above customer baseline.""}",
RC00000037,52,0.7800,Elevated-risk investigation for RC00000037; keep under review pending confirmation.,"{""score"":52,""confidence"":0.78,""ring"":""RING-177"",""reason"":""High-risk merchant and amount significantly above customer baseline.""}",
RC00000038,87,0.9100,High-confidence fraud investigation for RC00000038; keep the transaction held and open dispute workflow.,"{""score"":87,""confidence"":0.91,""ring"":""RING-178"",""reason"":""PaySim-style fraud pattern: account depletion via transfer or cash-out.""}",
RC00000039,53,0.7800,Elevated-risk investigation for RC00000039; keep under review pending confirmation.,"{""score"":53,""confidence"":0.78,""ring"":""RING-179"",""reason"":""High-risk merchant and amount significantly above customer baseline.""}",
RC00000040,91,0.9100,High-confidence fraud investigation for RC00000040; keep the transaction held and open dispute workflow.,"{""score"":91,""confidence"":0.91,""ring"":""RING-180"",""reason"":""PaySim-style fraud pattern: account depletion via transfer or cash-out.""}",
RC00000041,51,0.7800,Elevated-risk investigation for RC00000041; keep under review pending confirmation.,"{""score"":51,""confidence"":0.78,""ring"":""RING-181"",""reason"":""High-risk merchant and amount significantly above customer baseline.""}",
RC00000042,88,0.9100,High-confidence fraud investigation for RC00000042; keep the transaction held and open dispute workflow.,"{""score"":88,""confidence"":0.91,""ring"":""RING-182"",""reason"":""PaySim-style fraud pattern: account depletion via transfer or cash-out.""}",
RC00000043,55,0.7800,Elevated-risk investigation for RC00000043; keep under review pending confirmation.,"{""score"":55,""confidence"":0.78,""ring"":""RING-183"",""reason"":""High-risk merchant and amount significantly above customer baseline.""}",
RC00000044,55,0.7800,Elevated-risk investigation for RC00000044; keep under review pending confirmation.,"{""score"":55,""confidence"":0.78,""ring"":""RING-184"",""reason"":""High-risk merchant and amount significantly above customer baseline.""}",
RC00000045,54,0.7800,Elevated-risk investigation for RC00000045; keep under review pending confirmation.,"{""score"":54,""confidence"":0.78,""ring"":""RING-185"",""reason"":""High-risk merchant and amount significantly above customer baseline.""}",
RC00000046,54,0.7800,Elevated-risk investigation for RC00000046; keep under review pending confirmation.,"{""score"":54,""confidence"":0.78,""ring"":""RING-186"",""reason"":""High-risk merchant and amount significantly above customer baseline.""}",
RC00000047,93,0.9100,High-confidence fraud investigation for RC00000047; keep the transaction held and open dispute workflow.,"{""score"":93,""confidence"":0.91,""ring"":""RING-187"",""reason"":""PaySim-style fraud pattern: account depletion via transfer or cash-out.""}",
RC00000048,90,0.9100,High-confidence fraud investigation for RC00000048; keep the transaction held and open dispute workflow.,"{""score"":90,""confidence"":0.91,""ring"":""RING-188"",""reason"":""PaySim-style fraud pattern: account depletion via transfer or cash-out.""}",
RC00000049,56,0.7800,Elevated-risk investigation for RC00000049; keep under review pending confirmation.,"{""score"":56,""confidence"":0.78,""ring"":""RING-189"",""reason"":""High-risk merchant and amount significantly above customer baseline.""}",
RC00000050,55,0.7800,Elevated-risk investigation for RC00000050; keep under review pending confirmation.,"{""score"":55,""confidence"":0.78,""ring"":""RING-190"",""reason"":""High-risk merchant and amount significantly above customer baseline.""}",
RC00000051,55,0.7800,Elevated-risk investigation for RC00000051; keep under review pending confirmation.,"{""score"":55,""confidence"":0.78,""ring"":""RING-191"",""reason"":""High-risk merchant and amount significantly above customer baseline.""}",
RC00000052,54,0.7800,Elevated-risk investigation for RC00000052; keep under review pending confirmation.,"{""score"":54,""confidence"":0.78,""ring"":""RING-192"",""reason"":""High-risk merchant and amount significantly above customer baseline.""}",
RC00000053,54,0.7800,Elevated-risk investigation for RC00000053; keep under review pending confirmation.,"{""score"":54,""confidence"":0.78,""ring"":""RING-193"",""reason"":""High-risk merchant and amount significantly above customer baseline.""}",
RC00000054,94,0.9100,High-confidence fraud investigation for RC00000054; keep the transaction held and open dispute workflow.,"{""score"":94,""confidence"":0.91,""ring"":""RING-194"",""reason"":""PaySim-style fraud pattern: account depletion via transfer or cash-out.""}",
RC00000055,92,0.9100,High-confidence fraud investigation for RC00000055; keep the transaction held and open dispute workflow.,"{""score"":92,""confidence"":0.91,""ring"":""RING-195"",""reason"":""PaySim-style fraud pattern: account depletion via transfer or cash-out.""}",
RC00000056,52,0.7800,Elevated-risk investigation for RC00000056; keep under review pending confirmation.,"{""score"":52,""confidence"":0.78,""ring"":""RING-196"",""reason"":""High-risk merchant and amount significantly above customer baseline.""}",
RC00000057,89,0.9100,High-confidence fraud investigation for RC00000057; keep the transaction held and open dispute workflow.,"{""score"":89,""confidence"":0.91,""ring"":""RING-197"",""reason"":""PaySim-style fraud pattern: account depletion via transfer or cash-out.""}",
RC00000058,57,0.7800,Elevated-risk investigation for RC00000058; keep under review pending confirmation.,"{""score"":57,""confidence"":0.78,""ring"":""RING-198"",""reason"":""High-risk merchant and amount significantly above customer baseline.""}",
RC00000059,57,0.7800,Elevated-risk investigation for RC00000059; keep under review pending confirmation.,"{""score"":57,""confidence"":0.78,""ring"":""RING-199"",""reason"":""High-risk merchant and amount significantly above customer baseline.""}",
RC00000060,56,0.7800,Elevated-risk investigation for RC00000060; keep under review pending confirmation.,"{""score"":56,""confidence"":0.78,""ring"":""RING-140"",""reason"":""High-risk merchant and amount significantly above customer baseline.""}",
RC00000061,56,0.7800,Elevated-risk investigation for RC00000061; keep under review pending confirmation.,"{""score"":56,""confidence"":0.78,""ring"":""RING-141"",""reason"":""High-risk merchant and amount significantly above customer baseline.""}",
RC00000062,96,0.9100,High-confidence fraud investigation for RC00000062; keep the transaction held and open dispute workflow.,"{""score"":96,""confidence"":0.91,""ring"":""RING-142"",""reason"":""PaySim-style fraud pattern: account depletion via transfer or cash-out.""}",
RC00000063,55,0.7800,Elevated-risk investigation for RC00000063; keep under review pending confirmation.,"{""score"":55,""confidence"":0.78,""ring"":""RING-143"",""reason"":""High-risk merchant and amount significantly above customer baseline.""}",
RC00000064,52,0.7800,Elevated-risk investigation for RC00000064; keep under review pending confirmation.,"{""score"":52,""confidence"":0.78,""ring"":""RING-144"",""reason"":""High-risk merchant and amount significantly above customer baseline.""}",
RC00000065,97,0.9100,High-confidence fraud investigation for RC00000065; keep the transaction held and open dispute workflow.,"{""score"":97,""confidence"":0.91,""ring"":""RING-145"",""reason"":""PaySim-style fraud pattern: account depletion via transfer or cash-out.""}",
RC00000066,54,0.7800,Elevated-risk investigation for RC00000066; keep under review pending confirmation.,"{""score"":54,""confidence"":0.78,""ring"":""RING-146"",""reason"":""High-risk merchant and amount significantly above customer baseline.""}",
RC00000067,51,0.7800,Elevated-risk investigation for RC00000067; keep under review pending confirmation.,"{""score"":51,""confidence"":0.78,""ring"":""RING-147"",""reason"":""High-risk merchant and amount significantly above customer baseline.""}",
RC00000068,90,0.9100,High-confidence fraud investigation for RC00000068; keep the transaction held and open dispute workflow.,"{""score"":90,""confidence"":0.91,""ring"":""RING-148"",""reason"":""PaySim-style fraud pattern: account depletion via transfer or cash-out.""}",
RC00000069,56,0.7800,Elevated-risk investigation for RC00000069; keep under review pending confirmation.,"{""score"":56,""confidence"":0.78,""ring"":""RING-149"",""reason"":""High-risk merchant and amount significantly above customer baseline.""}",
RC00000070,51,0.7800,Elevated-risk investigation for RC00000070; keep under review pending confirmation.,"{""score"":51,""confidence"":0.78,""ring"":""RING-150"",""reason"":""High-risk merchant and amount significantly above customer baseline.""}",
RC00000071,88,0.9100,High-confidence fraud investigation for RC00000071; keep the transaction held and open dispute workflow.,"{""score"":88,""confidence"":0.91,""ring"":""RING-151"",""reason"":""PaySim-style fraud pattern: account depletion via transfer or cash-out.""}",
RC00000072,54,0.7800,Elevated-risk investigation for RC00000072; keep under review pending confirmation.,"{""score"":54,""confidence"":0.78,""ring"":""RING-152"",""reason"":""High-risk merchant and amount significantly above customer baseline.""}",
RC00000073,54,0.7800,Elevated-risk investigation for RC00000073; keep under review pending confirmation.,"{""score"":54,""confidence"":0.78,""ring"":""RING-153"",""reason"":""High-risk merchant and amount significantly above customer baseline.""}",
RC00000074,53,0.7800,Elevated-risk investigation for RC00000074; keep under review pending confirmation.,"{""score"":53,""confidence"":0.78,""ring"":""RING-154"",""reason"":""High-risk merchant and amount significantly above customer baseline.""}",
RC00000075,53,0.7800,Elevated-risk investigation for RC00000075; keep under review pending confirmation.,"{""score"":53,""confidence"":0.78,""ring"":""RING-155"",""reason"":""High-risk merchant and amount significantly above customer baseline.""}",
RC00000076,92,0.9100,High-confidence fraud investigation for RC00000076; keep the transaction held and open dispute workflow.,"{""score"":92,""confidence"":0.91,""ring"":""RING-156"",""reason"":""PaySim-style fraud pattern: account depletion via transfer or cash-out.""}",
RC00000077,52,0.7800,Elevated-risk investigation for RC00000077; keep under review pending confirmation.,"{""score"":52,""confidence"":0.78,""ring"":""RING-157"",""reason"":""High-risk merchant and amount significantly above customer baseline.""}",
RC00000078,52,0.7800,Elevated-risk investigation for RC00000078; keep under review pending confirmation.,"{""score"":52,""confidence"":0.78,""ring"":""RING-158"",""reason"":""High-risk merchant and amount significantly above customer baseline.""}",
RC00000079,90,0.9100,High-confidence fraud investigation for RC00000079; keep the transaction held and open dispute workflow.,"{""score"":90,""confidence"":0.91,""ring"":""RING-159"",""reason"":""PaySim-style fraud pattern: account depletion via transfer or cash-out.""}",
RC00000080,57,0.7800,Elevated-risk investigation for RC00000080; keep under review pending confirmation.,"{""score"":57,""confidence"":0.78,""ring"":""RING-160"",""reason"":""High-risk merchant and amount significantly above customer baseline.""}",
RC00000081,56,0.7800,Elevated-risk investigation for RC00000081; keep under review pending confirmation.,"{""score"":56,""confidence"":0.78,""ring"":""RING-161"",""reason"":""High-risk merchant and amount significantly above customer baseline.""}",
RC00000082,56,0.7800,Elevated-risk investigation for RC00000082; keep under review pending confirmation.,"{""score"":56,""confidence"":0.78,""ring"":""RING-162"",""reason"":""High-risk merchant and amount significantly above customer baseline.""}",
RC00000083,56,0.7800,Elevated-risk investigation for RC00000083; keep under review pending confirmation.,"{""score"":56,""confidence"":0.78,""ring"":""RING-163"",""reason"":""High-risk merchant and amount significantly above customer baseline.""}",
RC00000084,93,0.9100,High-confidence fraud investigation for RC00000084; keep the transaction held and open dispute workflow.,"{""score"":93,""confidence"":0.91,""ring"":""RING-164"",""reason"":""PaySim-style fraud pattern: account depletion via transfer or cash-out.""}",
RC00000085,55,0.7800,Elevated-risk investigation for RC00000085; keep under review pending confirmation.,"{""score"":55,""confidence"":0.78,""ring"":""RING-165"",""reason"":""High-risk merchant and amount significantly above customer baseline.""}",
RC00000086,91,0.9100,High-confidence fraud investigation for RC00000086; keep the transaction held and open dispute workflow.,"{""score"":91,""confidence"":0.91,""ring"":""RING-166"",""reason"":""PaySim-style fraud pattern: account depletion via transfer or cash-out.""}",
RC00000087,57,0.7800,Elevated-risk investigation for RC00000087; keep under review pending confirmation.,"{""score"":57,""confidence"":0.78,""ring"":""RING-167"",""reason"":""High-risk merchant and amount significantly above customer baseline.""}",
RC00000088,84,0.7800,Elevated-risk investigation for RC00000088; keep under review pending confirmation.,"{""score"":84,""confidence"":0.78,""ring"":""RING-168"",""reason"":""PaySim-style fraud pattern: account depletion via transfer or cash-out.""}",
RC00000089,56,0.7800,Elevated-risk investigation for RC00000089; keep under review pending confirmation.,"{""score"":56,""confidence"":0.78,""ring"":""RING-169"",""reason"":""High-risk merchant and amount significantly above customer baseline.""}",
RC00000090,55,0.7800,Elevated-risk investigation for RC00000090; keep under review pending confirmation.,"{""score"":55,""confidence"":0.78,""ring"":""RING-170"",""reason"":""High-risk merchant and amount significantly above customer baseline.""}",
RC00000091,55,0.7800,Elevated-risk investigation for RC00000091; keep under review pending confirmation.,"{""score"":55,""confidence"":0.78,""ring"":""RING-171"",""reason"":""High-risk merchant and amount significantly above customer baseline.""}",
RC00000092,55,0.7800,Elevated-risk investigation for RC00000092; keep under review pending confirmation.,"{""score"":55,""confidence"":0.78,""ring"":""RING-172"",""reason"":""High-risk merchant and amount significantly above customer baseline.""}",
RC00000093,95,0.9100,High-confidence fraud investigation for RC00000093; keep the transaction held and open dispute workflow.,"{""score"":95,""confidence"":0.91,""ring"":""RING-173"",""reason"":""PaySim-style fraud pattern: account depletion via transfer or cash-out.""}",
RC00000094,54,0.7800,Elevated-risk investigation for RC00000094; keep under review pending confirmation.,"{""score"":54,""confidence"":0.78,""ring"":""RING-174"",""reason"":""High-risk merchant and amount significantly above customer baseline.""}",
RC00000095,93,0.9100,High-confidence fraud investigation for RC00000095; keep the transaction held and open dispute workflow.,"{""score"":93,""confidence"":0.91,""ring"":""RING-175"",""reason"":""PaySim-style fraud pattern: account depletion via transfer or cash-out.""}",
RC00000096,52,0.7800,Elevated-risk investigation for RC00000096; keep under review pending confirmation.,"{""score"":52,""confidence"":0.78,""ring"":""RING-176"",""reason"":""High-risk merchant and amount significantly above customer baseline.""}",
RC00000097,95,0.9100,High-confidence fraud investigation for RC00000097; keep the transaction held and open dispute workflow.,"{""score"":95,""confidence"":0.91,""ring"":""RING-177"",""reason"":""PaySim-style fraud pattern: account depletion via transfer or cash-out.""}",
RC00000098,53,0.7800,Elevated-risk investigation for RC00000098; keep under review pending confirmation.,"{""score"":53,""confidence"":0.78,""ring"":""RING-178"",""reason"":""High-risk merchant and amount significantly above customer baseline.""}",
RC00000099,53,0.7800,Elevated-risk investigation for RC00000099; keep under review pending confirmation.,"{""score"":53,""confidence"":0.78,""ring"":""RING-179"",""reason"":""High-risk merchant and amount significantly above customer baseline.""}",
RC00000100,58,0.7800,Elevated-risk investigation for RC00000100; keep under review pending confirmation.,"{""score"":58,""confidence"":0.78,""ring"":""RING-180"",""reason"":""High-risk merchant and amount significantly above customer baseline.""}",
RC00000101,57,0.7800,Elevated-risk investigation for RC00000101; keep under review pending confirmation.,"{""score"":57,""confidence"":0.78,""ring"":""RING-181"",""reason"":""High-risk merchant and amount significantly above customer baseline.""}",
RC00000102,90,0.9100,High-confidence fraud investigation for RC00000102; keep the transaction held and open dispute workflow.,"{""score"":90,""confidence"":0.91,""ring"":""RING-182"",""reason"":""PaySim-style fraud pattern: account depletion via transfer or cash-out.""}",
RC00000103,97,0.9100,High-confidence fraud investigation for RC00000103; keep the transaction held and open dispute workflow.,"{""score"":97,""confidence"":0.91,""ring"":""RING-183"",""reason"":""PaySim-style fraud pattern: account depletion via transfer or cash-out.""}",
RC00000104,53,0.7800,Elevated-risk investigation for RC00000104; keep under review pending confirmation.,"{""score"":53,""confidence"":0.78,""ring"":""RING-184"",""reason"":""High-risk merchant and amount significantly above customer baseline.""}",
RC00000105,53,0.7800,Elevated-risk investigation for RC00000105; keep under review pending confirmation.,"{""score"":53,""confidence"":0.78,""ring"":""RING-185"",""reason"":""High-risk merchant and amount significantly above customer baseline.""}",
RC00000106,52,0.7800,Elevated-risk investigation for RC00000106; keep under review pending confirmation.,"{""score"":52,""confidence"":0.78,""ring"":""RING-186"",""reason"":""High-risk merchant and amount significantly above customer baseline.""}",
RC00000107,52,0.7800,Elevated-risk investigation for RC00000107; keep under review pending confirmation.,"{""score"":52,""confidence"":0.78,""ring"":""RING-187"",""reason"":""High-risk merchant and amount significantly above customer baseline.""}",
RC00000108,57,0.7800,Elevated-risk investigation for RC00000108; keep under review pending confirmation.,"{""score"":57,""confidence"":0.78,""ring"":""RING-188"",""reason"":""High-risk merchant and amount significantly above customer baseline.""}",
RC00000109,51,0.7800,Elevated-risk investigation for RC00000109; keep under review pending confirmation.,"{""score"":51,""confidence"":0.78,""ring"":""RING-189"",""reason"":""High-risk merchant and amount significantly above customer baseline.""}",
RC00000110,89,0.9100,High-confidence fraud investigation for RC00000110; keep the transaction held and open dispute workflow.,"{""score"":89,""confidence"":0.91,""ring"":""RING-190"",""reason"":""PaySim-style fraud pattern: account depletion via transfer or cash-out.""}",
RC00000111,97,0.9100,High-confidence fraud investigation for RC00000111; keep the transaction held and open dispute workflow.,"{""score"":97,""confidence"":0.91,""ring"":""RING-191"",""reason"":""PaySim-style fraud pattern: account depletion via transfer or cash-out.""}",
RC00000112,54,0.7800,Elevated-risk investigation for RC00000112; keep under review pending confirmation.,"{""score"":54,""confidence"":0.78,""ring"":""RING-192"",""reason"":""High-risk merchant and amount significantly above customer baseline.""}",
RC00000113,54,0.7800,Elevated-risk investigation for RC00000113; keep under review pending confirmation.,"{""score"":54,""confidence"":0.78,""ring"":""RING-193"",""reason"":""High-risk merchant and amount significantly above customer baseline.""}",
RC00000114,55,0.7800,Elevated-risk investigation for RC00000114; keep under review pending confirmation.,"{""score"":55,""confidence"":0.78,""ring"":""RING-194"",""reason"":""High-risk merchant and amount significantly above customer baseline.""}",
RC00000115,55,0.7800,Elevated-risk investigation for RC00000115; keep under review pending confirmation.,"{""score"":55,""confidence"":0.78,""ring"":""RING-195"",""reason"":""High-risk merchant and amount significantly above customer baseline.""}",
RC00000116,54,0.7800,Elevated-risk investigation for RC00000116; keep under review pending confirmation.,"{""score"":54,""confidence"":0.78,""ring"":""RING-196"",""reason"":""High-risk merchant and amount significantly above customer baseline.""}",
RC00000117,93,0.9100,High-confidence fraud investigation for RC00000117; keep the transaction held and open dispute workflow.,"{""score"":93,""confidence"":0.91,""ring"":""RING-197"",""reason"":""PaySim-style fraud pattern: account depletion via transfer or cash-out.""}",
RC00000118,56,0.7800,Elevated-risk investigation for RC00000118; keep under review pending confirmation.,"{""score"":56,""confidence"":0.78,""ring"":""RING-198"",""reason"":""High-risk merchant and amount significantly above customer baseline.""}",
RC00000119,95,0.9100,High-confidence fraud investigation for RC00000119; keep the transaction held and open dispute workflow.,"{""score"":95,""confidence"":0.91,""ring"":""RING-199"",""reason"":""PaySim-style fraud pattern: account depletion via transfer or cash-out.""}",
RC00000120,55,0.7800,Elevated-risk investigation for RC00000120; keep under review pending confirmation.,"{""score"":55,""confidence"":0.78,""ring"":""RING-140"",""reason"":""High-risk merchant and amount significantly above customer baseline.""}",
RC00000121,54,0.7800,Elevated-risk investigation for RC00000121; keep under review pending confirmation.,"{""score"":54,""confidence"":0.78,""ring"":""RING-141"",""reason"":""High-risk merchant and amount significantly above customer baseline.""}",
RC00000122,54,0.7800,Elevated-risk investigation for RC00000122; keep under review pending confirmation.,"{""score"":54,""confidence"":0.78,""ring"":""RING-142"",""reason"":""High-risk merchant and amount significantly above customer baseline.""}",
RC00000123,54,0.7800,Elevated-risk investigation for RC00000123; keep under review pending confirmation.,"{""score"":54,""confidence"":0.78,""ring"":""RING-143"",""reason"":""High-risk merchant and amount significantly above customer baseline.""}",
RC00000124,59,0.7800,Elevated-risk investigation for RC00000124; keep under review pending confirmation.,"{""score"":59,""confidence"":0.78,""ring"":""RING-144"",""reason"":""High-risk merchant and amount significantly above customer baseline.""}",
RC00000125,53,0.7800,Elevated-risk investigation for RC00000125; keep under review pending confirmation.,"{""score"":53,""confidence"":0.78,""ring"":""RING-145"",""reason"":""High-risk merchant and amount significantly above customer baseline.""}",
RC00000126,92,0.9100,High-confidence fraud investigation for RC00000126; keep the transaction held and open dispute workflow.,"{""score"":92,""confidence"":0.91,""ring"":""RING-146"",""reason"":""PaySim-style fraud pattern: account depletion via transfer or cash-out.""}",
RC00000127,57,0.7800,Elevated-risk investigation for RC00000127; keep under review pending confirmation.,"{""score"":57,""confidence"":0.78,""ring"":""RING-147"",""reason"":""High-risk merchant and amount significantly above customer baseline.""}",
RC00000128,52,0.7800,Elevated-risk investigation for RC00000128; keep under review pending confirmation.,"{""score"":52,""confidence"":0.78,""ring"":""RING-148"",""reason"":""High-risk merchant and amount significantly above customer baseline.""}",
RC00000129,56,0.7800,Elevated-risk investigation for RC00000129; keep under review pending confirmation.,"{""score"":56,""confidence"":0.78,""ring"":""RING-149"",""reason"":""High-risk merchant and amount significantly above customer baseline.""}",
RC00000130,56,0.7800,Elevated-risk investigation for RC00000130; keep under review pending confirmation.,"{""score"":56,""confidence"":0.78,""ring"":""RING-150"",""reason"":""High-risk merchant and amount significantly above customer baseline.""}",
RC00000131,57,0.7800,Elevated-risk investigation for RC00000131; keep under review pending confirmation.,"{""score"":57,""confidence"":0.78,""ring"":""RING-151"",""reason"":""High-risk merchant and amount significantly above customer baseline.""}",
RC00000132,56,0.7800,Elevated-risk investigation for RC00000132; keep under review pending confirmation.,"{""score"":56,""confidence"":0.78,""ring"":""RING-152"",""reason"":""High-risk merchant and amount significantly above customer baseline.""}",
RC00000133,55,0.7800,Elevated-risk investigation for RC00000133; keep under review pending confirmation.,"{""score"":55,""confidence"":0.78,""ring"":""RING-153"",""reason"":""High-risk merchant and amount significantly above customer baseline.""}",
RC00000134,96,0.9100,High-confidence fraud investigation for RC00000134; keep the transaction held and open dispute workflow.,"{""score"":96,""confidence"":0.91,""ring"":""RING-154"",""reason"":""PaySim-style fraud pattern: account depletion via transfer or cash-out.""}",
RC00000135,54,0.7800,Elevated-risk investigation for RC00000135; keep under review pending confirmation.,"{""score"":54,""confidence"":0.78,""ring"":""RING-155"",""reason"":""High-risk merchant and amount significantly above customer baseline.""}",
RC00000136,54,0.7800,Elevated-risk investigation for RC00000136; keep under review pending confirmation.,"{""score"":54,""confidence"":0.78,""ring"":""RING-156"",""reason"":""High-risk merchant and amount significantly above customer baseline.""}",
RC00000137,53,0.7800,Elevated-risk investigation for RC00000137; keep under review pending confirmation.,"{""score"":53,""confidence"":0.78,""ring"":""RING-157"",""reason"":""High-risk merchant and amount significantly above customer baseline.""}",
RC00000138,51,0.7800,Elevated-risk investigation for RC00000138; keep under review pending confirmation.,"{""score"":51,""confidence"":0.78,""ring"":""RING-158"",""reason"":""High-risk merchant and amount significantly above customer baseline.""}",
RC00000139,58,0.7800,Elevated-risk investigation for RC00000139; keep under review pending confirmation.,"{""score"":58,""confidence"":0.78,""ring"":""RING-159"",""reason"":""High-risk merchant and amount significantly above customer baseline.""}",
RC00000140,55,0.7800,Elevated-risk investigation for RC00000140; keep under review pending confirmation.,"{""score"":55,""confidence"":0.78,""ring"":""RING-160"",""reason"":""High-risk merchant and amount significantly above customer baseline.""}",
RC00000141,54,0.7800,Elevated-risk investigation for RC00000141; keep under review pending confirmation.,"{""score"":54,""confidence"":0.78,""ring"":""RING-161"",""reason"":""High-risk merchant and amount significantly above customer baseline.""}",
RC00000142,87,0.9100,High-confidence fraud investigation for RC00000142; keep the transaction held and open dispute workflow.,"{""score"":87,""confidence"":0.91,""ring"":""RING-162"",""reason"":""PaySim-style fraud pattern: account depletion via transfer or cash-out.""}",
RC00000143,53,0.7800,Elevated-risk investigation for RC00000143; keep under review pending confirmation.,"{""score"":53,""confidence"":0.78,""ring"":""RING-163"",""reason"":""High-risk merchant and amount significantly above customer baseline.""}",
RC00000144,53,0.7800,Elevated-risk investigation for RC00000144; keep under review pending confirmation.,"{""score"":53,""confidence"":0.78,""ring"":""RING-164"",""reason"":""High-risk merchant and amount significantly above customer baseline.""}",
RC00000145,52,0.7800,Elevated-risk investigation for RC00000145; keep under review pending confirmation.,"{""score"":52,""confidence"":0.78,""ring"":""RING-165"",""reason"":""High-risk merchant and amount significantly above customer baseline.""}",
RC00000146,53,0.7800,Elevated-risk investigation for RC00000146; keep under review pending confirmation.,"{""score"":53,""confidence"":0.78,""ring"":""RING-166"",""reason"":""High-risk merchant and amount significantly above customer baseline.""}",
RC00000147,53,0.7800,Elevated-risk investigation for RC00000147; keep under review pending confirmation.,"{""score"":53,""confidence"":0.78,""ring"":""RING-167"",""reason"":""High-risk merchant and amount significantly above customer baseline.""}",
RC00000148,53,0.7800,Elevated-risk investigation for RC00000148; keep under review pending confirmation.,"{""score"":53,""confidence"":0.78,""ring"":""RING-168"",""reason"":""High-risk merchant and amount significantly above customer baseline.""}",
RC00000149,57,0.7800,Elevated-risk investigation for RC00000149; keep under review pending confirmation.,"{""score"":57,""confidence"":0.78,""ring"":""RING-169"",""reason"":""High-risk merchant and amount significantly above customer baseline.""}",
RC00000150,90,0.9100,High-confidence fraud investigation for RC00000150; keep the transaction held and open dispute workflow.,"{""score"":90,""confidence"":0.91,""ring"":""RING-170"",""reason"":""PaySim-style fraud pattern: account depletion via transfer or cash-out.""}",
RC00000151,56,0.7800,Elevated-risk investigation for RC00000151; keep under review pending confirmation.,"{""score"":56,""confidence"":0.78,""ring"":""RING-171"",""reason"":""High-risk merchant and amount significantly above customer baseline.""}",
RC00000152,56,0.7800,Elevated-risk investigation for RC00000152; keep under review pending confirmation.,"{""score"":56,""confidence"":0.78,""ring"":""RING-172"",""reason"":""High-risk merchant and amount significantly above customer baseline.""}",
RC00000153,55,0.7800,Elevated-risk investigation for RC00000153; keep under review pending confirmation.,"{""score"":55,""confidence"":0.78,""ring"":""RING-173"",""reason"":""High-risk merchant and amount significantly above customer baseline.""}",
RC00000154,55,0.7800,Elevated-risk investigation for RC00000154; keep under review pending confirmation.,"{""score"":55,""confidence"":0.78,""ring"":""RING-174"",""reason"":""High-risk merchant and amount significantly above customer baseline.""}",
RC00000155,54,0.7800,Elevated-risk investigation for RC00000155; keep under review pending confirmation.,"{""score"":54,""confidence"":0.78,""ring"":""RING-175"",""reason"":""High-risk merchant and amount significantly above customer baseline.""}",
RC00000156,56,0.7800,Elevated-risk investigation for RC00000156; keep under review pending confirmation.,"{""score"":56,""confidence"":0.78,""ring"":""RING-176"",""reason"":""High-risk merchant and amount significantly above customer baseline.""}",
RC00000157,56,0.7800,Elevated-risk investigation for RC00000157; keep under review pending confirmation.,"{""score"":56,""confidence"":0.78,""ring"":""RING-177"",""reason"":""High-risk merchant and amount significantly above customer baseline.""}",
RC00000158,90,0.9100,High-confidence fraud investigation for RC00000158; keep the transaction held and open dispute workflow.,"{""score"":90,""confidence"":0.91,""ring"":""RING-178"",""reason"":""PaySim-style fraud pattern: account depletion via transfer or cash-out.""}",
RC00000159,55,0.7800,Elevated-risk investigation for RC00000159; keep under review pending confirmation.,"{""score"":55,""confidence"":0.78,""ring"":""RING-179"",""reason"":""High-risk merchant and amount significantly above customer baseline.""}",
RC00000160,55,0.7800,Elevated-risk investigation for RC00000160; keep under review pending confirmation.,"{""score"":55,""confidence"":0.78,""ring"":""RING-180"",""reason"":""High-risk merchant and amount significantly above customer baseline.""}",
RC00000161,54,0.7800,Elevated-risk investigation for RC00000161; keep under review pending confirmation.,"{""score"":54,""confidence"":0.78,""ring"":""RING-181"",""reason"":""High-risk merchant and amount significantly above customer baseline.""}",
RC00000162,54,0.7800,Elevated-risk investigation for RC00000162; keep under review pending confirmation.,"{""score"":54,""confidence"":0.78,""ring"":""RING-182"",""reason"":""High-risk merchant and amount significantly above customer baseline.""}",
RC00000163,54,0.7800,Elevated-risk investigation for RC00000163; keep under review pending confirmation.,"{""score"":54,""confidence"":0.78,""ring"":""RING-183"",""reason"":""High-risk merchant and amount significantly above customer baseline.""}",
RC00000164,52,0.7800,Elevated-risk investigation for RC00000164; keep under review pending confirmation.,"{""score"":52,""confidence"":0.78,""ring"":""RING-184"",""reason"":""High-risk merchant and amount significantly above customer baseline.""}",
RC00000165,53,0.7800,Elevated-risk investigation for RC00000165; keep under review pending confirmation.,"{""score"":53,""confidence"":0.78,""ring"":""RING-185"",""reason"":""High-risk merchant and amount significantly above customer baseline.""}",
RC00000166,93,0.9100,High-confidence fraud investigation for RC00000166; keep the transaction held and open dispute workflow.,"{""score"":93,""confidence"":0.91,""ring"":""RING-186"",""reason"":""PaySim-style fraud pattern: account depletion via transfer or cash-out.""}",
RC00000167,58,0.7800,Elevated-risk investigation for RC00000167; keep under review pending confirmation.,"{""score"":58,""confidence"":0.78,""ring"":""RING-187"",""reason"":""High-risk merchant and amount significantly above customer baseline.""}",
RC00000168,52,0.7800,Elevated-risk investigation for RC00000168; keep under review pending confirmation.,"{""score"":52,""confidence"":0.78,""ring"":""RING-188"",""reason"":""High-risk merchant and amount significantly above customer baseline.""}",
RC00000169,57,0.7800,Elevated-risk investigation for RC00000169; keep under review pending confirmation.,"{""score"":57,""confidence"":0.78,""ring"":""RING-189"",""reason"":""High-risk merchant and amount significantly above customer baseline.""}",
RC00000170,57,0.7800,Elevated-risk investigation for RC00000170; keep under review pending confirmation.,"{""score"":57,""confidence"":0.78,""ring"":""RING-190"",""reason"":""High-risk merchant and amount significantly above customer baseline.""}",
RC00000171,51,0.7800,Elevated-risk investigation for RC00000171; keep under review pending confirmation.,"{""score"":51,""confidence"":0.78,""ring"":""RING-191"",""reason"":""High-risk merchant and amount significantly above customer baseline.""}",
RC00000172,52,0.7800,Elevated-risk investigation for RC00000172; keep under review pending confirmation.,"{""score"":52,""confidence"":0.78,""ring"":""RING-192"",""reason"":""High-risk merchant and amount significantly above customer baseline.""}",
RC00000173,52,0.7800,Elevated-risk investigation for RC00000173; keep under review pending confirmation.,"{""score"":52,""confidence"":0.78,""ring"":""RING-193"",""reason"":""High-risk merchant and amount significantly above customer baseline.""}",
RC00000174,51,0.7800,Elevated-risk investigation for RC00000174; keep under review pending confirmation.,"{""score"":51,""confidence"":0.78,""ring"":""RING-194"",""reason"":""High-risk merchant and amount significantly above customer baseline.""}",
RC00000175,51,0.7800,Elevated-risk investigation for RC00000175; keep under review pending confirmation.,"{""score"":51,""confidence"":0.78,""ring"":""RING-195"",""reason"":""High-risk merchant and amount significantly above customer baseline.""}",
RC00000176,56,0.7800,Elevated-risk investigation for RC00000176; keep under review pending confirmation.,"{""score"":56,""confidence"":0.78,""ring"":""RING-196"",""reason"":""High-risk merchant and amount significantly above customer baseline.""}",
RC00000177,51,0.7800,Elevated-risk investigation for RC00000177; keep under review pending confirmation.,"{""score"":51,""confidence"":0.78,""ring"":""RING-197"",""reason"":""High-risk merchant and amount significantly above customer baseline.""}",
RC00000178,56,0.7800,Elevated-risk investigation for RC00000178; keep under review pending confirmation.,"{""score"":56,""confidence"":0.78,""ring"":""RING-198"",""reason"":""High-risk merchant and amount significantly above customer baseline.""}",
RC00000179,55,0.7800,Elevated-risk investigation for RC00000179; keep under review pending confirmation.,"{""score"":55,""confidence"":0.78,""ring"":""RING-199"",""reason"":""High-risk merchant and amount significantly above customer baseline.""}",
RC00000180,55,0.7800,Elevated-risk investigation for RC00000180; keep under review pending confirmation.,"{""score"":55,""confidence"":0.78,""ring"":""RING-140"",""reason"":""High-risk merchant and amount significantly above customer baseline.""}",
RC00000181,55,0.7800,Elevated-risk investigation for RC00000181; keep under review pending confirmation.,"{""score"":55,""confidence"":0.78,""ring"":""RING-141"",""reason"":""High-risk merchant and amount significantly above customer baseline.""}",
RC00000182,54,0.7800,Elevated-risk investigation for RC00000182; keep under review pending confirmation.,"{""score"":54,""confidence"":0.78,""ring"":""RING-142"",""reason"":""High-risk merchant and amount significantly above customer baseline.""}",
RC00000183,54,0.7800,Elevated-risk investigation for RC00000183; keep under review pending confirmation.,"{""score"":54,""confidence"":0.78,""ring"":""RING-143"",""reason"":""High-risk merchant and amount significantly above customer baseline.""}",
RC00000184,53,0.7800,Elevated-risk investigation for RC00000184; keep under review pending confirmation.,"{""score"":53,""confidence"":0.78,""ring"":""RING-144"",""reason"":""High-risk merchant and amount significantly above customer baseline.""}",
RC00000185,53,0.7800,Elevated-risk investigation for RC00000185; keep under review pending confirmation.,"{""score"":53,""confidence"":0.78,""ring"":""RING-145"",""reason"":""High-risk merchant and amount significantly above customer baseline.""}",
RC00000186,97,0.9100,High-confidence fraud investigation for RC00000186; keep the transaction held and open dispute workflow.,"{""score"":97,""confidence"":0.91,""ring"":""RING-146"",""reason"":""PaySim-style fraud pattern: account depletion via transfer or cash-out.""}",
RC00000187,58,0.7800,Elevated-risk investigation for RC00000187; keep under review pending confirmation.,"{""score"":58,""confidence"":0.78,""ring"":""RING-147"",""reason"":""High-risk merchant and amount significantly above customer baseline.""}",
RC00000188,57,0.7800,Elevated-risk investigation for RC00000188; keep under review pending confirmation.,"{""score"":57,""confidence"":0.78,""ring"":""RING-148"",""reason"":""High-risk merchant and amount significantly above customer baseline.""}",
RC00000189,54,0.7800,Elevated-risk investigation for RC00000189; keep under review pending confirmation.,"{""score"":54,""confidence"":0.78,""ring"":""RING-149"",""reason"":""High-risk merchant and amount significantly above customer baseline.""}",
RC00000190,54,0.7800,Elevated-risk investigation for RC00000190; keep under review pending confirmation.,"{""score"":54,""confidence"":0.78,""ring"":""RING-150"",""reason"":""High-risk merchant and amount significantly above customer baseline.""}",
RC00000191,53,0.7800,Elevated-risk investigation for RC00000191; keep under review pending confirmation.,"{""score"":53,""confidence"":0.78,""ring"":""RING-151"",""reason"":""High-risk merchant and amount significantly above customer baseline.""}",
RC00000192,53,0.7800,Elevated-risk investigation for RC00000192; keep under review pending confirmation.,"{""score"":53,""confidence"":0.78,""ring"":""RING-152"",""reason"":""High-risk merchant and amount significantly above customer baseline.""}",
RC00000193,52,0.7800,Elevated-risk investigation for RC00000193; keep under review pending confirmation.,"{""score"":52,""confidence"":0.78,""ring"":""RING-153"",""reason"":""High-risk merchant and amount significantly above customer baseline.""}",
RC00000194,52,0.7800,Elevated-risk investigation for RC00000194; keep under review pending confirmation.,"{""score"":52,""confidence"":0.78,""ring"":""RING-154"",""reason"":""High-risk merchant and amount significantly above customer baseline.""}",
RC00000195,52,0.7800,Elevated-risk investigation for RC00000195; keep under review pending confirmation.,"{""score"":52,""confidence"":0.78,""ring"":""RING-155"",""reason"":""High-risk merchant and amount significantly above customer baseline.""}",
RC00000196,52,0.7800,Elevated-risk investigation for RC00000196; keep under review pending confirmation.,"{""score"":52,""confidence"":0.78,""ring"":""RING-156"",""reason"":""High-risk merchant and amount significantly above customer baseline.""}",
RC00000197,57,0.7800,Elevated-risk investigation for RC00000197; keep under review pending confirmation.,"{""score"":57,""confidence"":0.78,""ring"":""RING-157"",""reason"":""High-risk merchant and amount significantly above customer baseline.""}",
RC00000198,57,0.7800,Elevated-risk investigation for RC00000198; keep under review pending confirmation.,"{""score"":57,""confidence"":0.78,""ring"":""RING-158"",""reason"":""High-risk merchant and amount significantly above customer baseline.""}",
RC00000199,52,0.7800,Elevated-risk investigation for RC00000199; keep under review pending confirmation.,"{""score"":52,""confidence"":0.78,""ring"":""RING-159"",""reason"":""High-risk merchant and amount significantly above customer baseline.""}",
RC00000200,56,0.7800,Elevated-risk investigation for RC00000200; keep under review pending confirmation.,"{""score"":56,""confidence"":0.78,""ring"":""RING-160"",""reason"":""High-risk merchant and amount significantly above customer baseline.""}",
RC00000201,56,0.7800,Elevated-risk investigation for RC00000201; keep under review pending confirmation.,"{""score"":56,""confidence"":0.78,""ring"":""RING-161"",""reason"":""High-risk merchant and amount significantly above customer baseline.""}",
RC00000202,55,0.7800,Elevated-risk investigation for RC00000202; keep under review pending confirmation.,"{""score"":55,""confidence"":0.78,""ring"":""RING-162"",""reason"":""High-risk merchant and amount significantly above customer baseline.""}",
RC00000203,53,0.7800,Elevated-risk investigation for RC00000203; keep under review pending confirmation.,"{""score"":53,""confidence"":0.78,""ring"":""RING-163"",""reason"":""High-risk merchant and amount significantly above customer baseline.""}",
RC00000204,54,0.7800,Elevated-risk investigation for RC00000204; keep under review pending confirmation.,"{""score"":54,""confidence"":0.78,""ring"":""RING-164"",""reason"":""High-risk merchant and amount significantly above customer baseline.""}",
RC00000205,59,0.7800,Elevated-risk investigation for RC00000205; keep under review pending confirmation.,"{""score"":59,""confidence"":0.78,""ring"":""RING-165"",""reason"":""High-risk merchant and amount significantly above customer baseline.""}",
RC00000206,53,0.7800,Elevated-risk investigation for RC00000206; keep under review pending confirmation.,"{""score"":53,""confidence"":0.78,""ring"":""RING-166"",""reason"":""High-risk merchant and amount significantly above customer baseline.""}",
RC00000207,53,0.7800,Elevated-risk investigation for RC00000207; keep under review pending confirmation.,"{""score"":53,""confidence"":0.78,""ring"":""RING-167"",""reason"":""High-risk merchant and amount significantly above customer baseline.""}",
RC00000208,58,0.7800,Elevated-risk investigation for RC00000208; keep under review pending confirmation.,"{""score"":58,""confidence"":0.78,""ring"":""RING-168"",""reason"":""High-risk merchant and amount significantly above customer baseline.""}",
RC00000209,57,0.7800,Elevated-risk investigation for RC00000209; keep under review pending confirmation.,"{""score"":57,""confidence"":0.78,""ring"":""RING-169"",""reason"":""High-risk merchant and amount significantly above customer baseline.""}",
RC00000210,82,0.7800,Elevated-risk investigation for RC00000210; keep under review pending confirmation.,"{""score"":82,""confidence"":0.78,""ring"":""RING-170"",""reason"":""PaySim-style fraud pattern: account depletion via transfer or cash-out.""}",
RC00000211,50,0.7800,Elevated-risk investigation for RC00000211; keep under review pending confirmation.,"{""score"":50,""confidence"":0.78,""ring"":""RING-171"",""reason"":""High-risk merchant and amount significantly above customer baseline.""}",
RC00000212,54,0.7800,Elevated-risk investigation for RC00000212; keep under review pending confirmation.,"{""score"":54,""confidence"":0.78,""ring"":""RING-172"",""reason"":""High-risk merchant and amount significantly above customer baseline.""}",
RC00000213,54,0.7800,Elevated-risk investigation for RC00000213; keep under review pending confirmation.,"{""score"":54,""confidence"":0.78,""ring"":""RING-173"",""reason"":""High-risk merchant and amount significantly above customer baseline.""}",
RC00000214,54,0.7800,Elevated-risk investigation for RC00000214; keep under review pending confirmation.,"{""score"":54,""confidence"":0.78,""ring"":""RING-174"",""reason"":""High-risk merchant and amount significantly above customer baseline.""}",
RC00000215,52,0.7800,Elevated-risk investigation for RC00000215; keep under review pending confirmation.,"{""score"":52,""confidence"":0.78,""ring"":""RING-175"",""reason"":""High-risk merchant and amount significantly above customer baseline.""}",
RC00000216,53,0.7800,Elevated-risk investigation for RC00000216; keep under review pending confirmation.,"{""score"":53,""confidence"":0.78,""ring"":""RING-176"",""reason"":""High-risk merchant and amount significantly above customer baseline.""}",
RC00000217,53,0.7800,Elevated-risk investigation for RC00000217; keep under review pending confirmation.,"{""score"":53,""confidence"":0.78,""ring"":""RING-177"",""reason"":""High-risk merchant and amount significantly above customer baseline.""}",
RC00000218,52,0.7800,Elevated-risk investigation for RC00000218; keep under review pending confirmation.,"{""score"":52,""confidence"":0.78,""ring"":""RING-178"",""reason"":""High-risk merchant and amount significantly above customer baseline.""}",
RC00000219,52,0.7800,Elevated-risk investigation for RC00000219; keep under review pending confirmation.,"{""score"":52,""confidence"":0.78,""ring"":""RING-179"",""reason"":""High-risk merchant and amount significantly above customer baseline.""}",
RC00000220,91,0.9100,High-confidence fraud investigation for RC00000220; keep the transaction held and open dispute workflow.,"{""score"":91,""confidence"":0.91,""ring"":""RING-180"",""reason"":""PaySim-style fraud pattern: account depletion via transfer or cash-out.""}",
RC00000221,56,0.7800,Elevated-risk investigation for RC00000221; keep under review pending confirmation.,"{""score"":56,""confidence"":0.78,""ring"":""RING-181"",""reason"":""High-risk merchant and amount significantly above customer baseline.""}",
RC00000222,56,0.7800,Elevated-risk investigation for RC00000222; keep under review pending confirmation.,"{""score"":56,""confidence"":0.78,""ring"":""RING-182"",""reason"":""High-risk merchant and amount significantly above customer baseline.""}",
RC00000223,55,0.7800,Elevated-risk investigation for RC00000223; keep under review pending confirmation.,"{""score"":55,""confidence"":0.78,""ring"":""RING-183"",""reason"":""High-risk merchant and amount significantly above customer baseline.""}",
RC00000224,54,0.7800,Elevated-risk investigation for RC00000224; keep under review pending confirmation.,"{""score"":54,""confidence"":0.78,""ring"":""RING-184"",""reason"":""High-risk merchant and amount significantly above customer baseline.""}",
RC00000225,55,0.7800,Elevated-risk investigation for RC00000225; keep under review pending confirmation.,"{""score"":55,""confidence"":0.78,""ring"":""RING-185"",""reason"":""High-risk merchant and amount significantly above customer baseline.""}",
RC00000226,55,0.7800,Elevated-risk investigation for RC00000226; keep under review pending confirmation.,"{""score"":55,""confidence"":0.78,""ring"":""RING-186"",""reason"":""High-risk merchant and amount significantly above customer baseline.""}",
RC00000227,54,0.7800,Elevated-risk investigation for RC00000227; keep under review pending confirmation.,"{""score"":54,""confidence"":0.78,""ring"":""RING-187"",""reason"":""High-risk merchant and amount significantly above customer baseline.""}",
RC00000228,51,0.7800,Elevated-risk investigation for RC00000228; keep under review pending confirmation.,"{""score"":51,""confidence"":0.78,""ring"":""RING-188"",""reason"":""High-risk merchant and amount significantly above customer baseline.""}",
RC00000229,56,0.7800,Elevated-risk investigation for RC00000229; keep under review pending confirmation.,"{""score"":56,""confidence"":0.78,""ring"":""RING-189"",""reason"":""High-risk merchant and amount significantly above customer baseline.""}",
RC00000230,56,0.7800,Elevated-risk investigation for RC00000230; keep under review pending confirmation.,"{""score"":56,""confidence"":0.78,""ring"":""RING-190"",""reason"":""High-risk merchant and amount significantly above customer baseline.""}",
RC00000231,55,0.7800,Elevated-risk investigation for RC00000231; keep under review pending confirmation.,"{""score"":55,""confidence"":0.78,""ring"":""RING-191"",""reason"":""High-risk merchant and amount significantly above customer baseline.""}",
RC00000232,55,0.7800,Elevated-risk investigation for RC00000232; keep under review pending confirmation.,"{""score"":55,""confidence"":0.78,""ring"":""RING-192"",""reason"":""High-risk merchant and amount significantly above customer baseline.""}",
RC00000233,55,0.7800,Elevated-risk investigation for RC00000233; keep under review pending confirmation.,"{""score"":55,""confidence"":0.78,""ring"":""RING-193"",""reason"":""High-risk merchant and amount significantly above customer baseline.""}",
RC00000234,55,0.7800,Elevated-risk investigation for RC00000234; keep under review pending confirmation.,"{""score"":55,""confidence"":0.78,""ring"":""RING-194"",""reason"":""High-risk merchant and amount significantly above customer baseline.""}",
RC00000235,54,0.7800,Elevated-risk investigation for RC00000235; keep under review pending confirmation.,"{""score"":54,""confidence"":0.78,""ring"":""RING-195"",""reason"":""High-risk merchant and amount significantly above customer baseline.""}",
RC00000236,52,0.7800,Elevated-risk investigation for RC00000236; keep under review pending confirmation.,"{""score"":52,""confidence"":0.78,""ring"":""RING-196"",""reason"":""High-risk merchant and amount significantly above customer baseline.""}",
RC00000237,58,0.7800,Elevated-risk investigation for RC00000237; keep under review pending confirmation.,"{""score"":58,""confidence"":0.78,""ring"":""RING-197"",""reason"":""High-risk merchant and amount significantly above customer baseline.""}",
RC00000238,57,0.7800,Elevated-risk investigation for RC00000238; keep under review pending confirmation.,"{""score"":57,""confidence"":0.78,""ring"":""RING-198"",""reason"":""High-risk merchant and amount significantly above customer baseline.""}",
RC00000239,52,0.7800,Elevated-risk investigation for RC00000239; keep under review pending confirmation.,"{""score"":52,""confidence"":0.78,""ring"":""RING-199"",""reason"":""High-risk merchant and amount significantly above customer baseline.""}",
RC00000240,57,0.7800,Elevated-risk investigation for RC00000240; keep under review pending confirmation.,"{""score"":57,""confidence"":0.78,""ring"":""RING-140"",""reason"":""High-risk merchant and amount significantly above customer baseline.""}",
RC00000241,56,0.7800,Elevated-risk investigation for RC00000241; keep under review pending confirmation.,"{""score"":56,""confidence"":0.78,""ring"":""RING-141"",""reason"":""High-risk merchant and amount significantly above customer baseline.""}",
RC00000242,95,0.9100,High-confidence fraud investigation for RC00000242; keep the transaction held and open dispute workflow.,"{""score"":95,""confidence"":0.91,""ring"":""RING-142"",""reason"":""PaySim-style fraud pattern: account depletion via transfer or cash-out.""}",
RC00000243,53,0.7800,Elevated-risk investigation for RC00000243; keep under review pending confirmation.,"{""score"":53,""confidence"":0.78,""ring"":""RING-143"",""reason"":""High-risk merchant and amount significantly above customer baseline.""}",
RC00000244,92,0.9100,High-confidence fraud investigation for RC00000244; keep the transaction held and open dispute workflow.,"{""score"":92,""confidence"":0.91,""ring"":""RING-144"",""reason"":""PaySim-style fraud pattern: account depletion via transfer or cash-out.""}",
RC00000245,52,0.7800,Elevated-risk investigation for RC00000245; keep under review pending confirmation.,"{""score"":52,""confidence"":0.78,""ring"":""RING-145"",""reason"":""High-risk merchant and amount significantly above customer baseline.""}",
RC00000246,52,0.7800,Elevated-risk investigation for RC00000246; keep under review pending confirmation.,"{""score"":52,""confidence"":0.78,""ring"":""RING-146"",""reason"":""High-risk merchant and amount significantly above customer baseline.""}",
RC00000247,52,0.7800,Elevated-risk investigation for RC00000247; keep under review pending confirmation.,"{""score"":52,""confidence"":0.78,""ring"":""RING-147"",""reason"":""High-risk merchant and amount significantly above customer baseline.""}",
RC00000248,51,0.7800,Elevated-risk investigation for RC00000248; keep under review pending confirmation.,"{""score"":51,""confidence"":0.78,""ring"":""RING-148"",""reason"":""High-risk merchant and amount significantly above customer baseline.""}",
RC00000249,51,0.7800,Elevated-risk investigation for RC00000249; keep under review pending confirmation.,"{""score"":51,""confidence"":0.78,""ring"":""RING-149"",""reason"":""High-risk merchant and amount significantly above customer baseline.""}",
RC00000250,86,0.9100,High-confidence fraud investigation for RC00000250; keep the transaction held and open dispute workflow.,"{""score"":86,""confidence"":0.91,""ring"":""RING-150"",""reason"":""PaySim-style fraud pattern: account depletion via transfer or cash-out.""}",
RC00000251,54,0.7800,Elevated-risk investigation for RC00000251; keep under review pending confirmation.,"{""score"":54,""confidence"":0.78,""ring"":""RING-151"",""reason"":""High-risk merchant and amount significantly above customer baseline.""}",
RC00000252,94,0.9100,High-confidence fraud investigation for RC00000252; keep the transaction held and open dispute workflow.,"{""score"":94,""confidence"":0.91,""ring"":""RING-152"",""reason"":""PaySim-style fraud pattern: account depletion via transfer or cash-out.""}",
RC00000253,54,0.7800,Elevated-risk investigation for RC00000253; keep under review pending confirmation.,"{""score"":54,""confidence"":0.78,""ring"":""RING-153"",""reason"":""High-risk merchant and amount significantly above customer baseline.""}",
RC00000254,54,0.7800,Elevated-risk investigation for RC00000254; keep under review pending confirmation.,"{""score"":54,""confidence"":0.78,""ring"":""RING-154"",""reason"":""High-risk merchant and amount significantly above customer baseline.""}",
RC00000255,54,0.7800,Elevated-risk investigation for RC00000255; keep under review pending confirmation.,"{""score"":54,""confidence"":0.78,""ring"":""RING-155"",""reason"":""High-risk merchant and amount significantly above customer baseline.""}",
RC00000256,53,0.7800,Elevated-risk investigation for RC00000256; keep under review pending confirmation.,"{""score"":53,""confidence"":0.78,""ring"":""RING-156"",""reason"":""High-risk merchant and amount significantly above customer baseline.""}",
RC00000257,53,0.7800,Elevated-risk investigation for RC00000257; keep under review pending confirmation.,"{""score"":53,""confidence"":0.78,""ring"":""RING-157"",""reason"":""High-risk merchant and amount significantly above customer baseline.""}",
RC00000258,57,0.7800,Elevated-risk investigation for RC00000258; keep under review pending confirmation.,"{""score"":57,""confidence"":0.78,""ring"":""RING-158"",""reason"":""High-risk merchant and amount significantly above customer baseline.""}",
RC00000259,96,0.9100,High-confidence fraud investigation for RC00000259; keep the transaction held and open dispute workflow.,"{""score"":96,""confidence"":0.91,""ring"":""RING-159"",""reason"":""PaySim-style fraud pattern: account depletion via transfer or cash-out.""}",
RC00000260,57,0.7800,Elevated-risk investigation for RC00000260; keep under review pending confirmation.,"{""score"":57,""confidence"":0.78,""ring"":""RING-160"",""reason"":""High-risk merchant and amount significantly above customer baseline.""}",
RC00000261,54,0.7800,Elevated-risk investigation for RC00000261; keep under review pending confirmation.,"{""score"":54,""confidence"":0.78,""ring"":""RING-161"",""reason"":""High-risk merchant and amount significantly above customer baseline.""}",
RC00000262,54,0.7800,Elevated-risk investigation for RC00000262; keep under review pending confirmation.,"{""score"":54,""confidence"":0.78,""ring"":""RING-162"",""reason"":""High-risk merchant and amount significantly above customer baseline.""}",
RC00000263,53,0.7800,Elevated-risk investigation for RC00000263; keep under review pending confirmation.,"{""score"":53,""confidence"":0.78,""ring"":""RING-163"",""reason"":""High-risk merchant and amount significantly above customer baseline.""}",
RC00000264,53,0.7800,Elevated-risk investigation for RC00000264; keep under review pending confirmation.,"{""score"":53,""confidence"":0.78,""ring"":""RING-164"",""reason"":""High-risk merchant and amount significantly above customer baseline.""}",
RC00000265,52,0.7800,Elevated-risk investigation for RC00000265; keep under review pending confirmation.,"{""score"":52,""confidence"":0.78,""ring"":""RING-165"",""reason"":""High-risk merchant and amount significantly above customer baseline.""}",
RC00000266,56,0.7800,Elevated-risk investigation for RC00000266; keep under review pending confirmation.,"{""score"":56,""confidence"":0.78,""ring"":""RING-166"",""reason"":""High-risk merchant and amount significantly above customer baseline.""}",
RC00000267,98,0.9100,High-confidence fraud investigation for RC00000267; keep the transaction held and open dispute workflow.,"{""score"":98,""confidence"":0.91,""ring"":""RING-167"",""reason"":""PaySim-style fraud pattern: account depletion via transfer or cash-out.""}",
RC00000268,56,0.7800,Elevated-risk investigation for RC00000268; keep under review pending confirmation.,"{""score"":56,""confidence"":0.78,""ring"":""RING-168"",""reason"":""High-risk merchant and amount significantly above customer baseline.""}",
RC00000269,55,0.7800,Elevated-risk investigation for RC00000269; keep under review pending confirmation.,"{""score"":55,""confidence"":0.78,""ring"":""RING-169"",""reason"":""High-risk merchant and amount significantly above customer baseline.""}",
RC00000270,95,0.9100,High-confidence fraud investigation for RC00000270; keep the transaction held and open dispute workflow.,"{""score"":95,""confidence"":0.91,""ring"":""RING-170"",""reason"":""PaySim-style fraud pattern: account depletion via transfer or cash-out.""}",
RC00000271,55,0.7800,Elevated-risk investigation for RC00000271; keep under review pending confirmation.,"{""score"":55,""confidence"":0.78,""ring"":""RING-171"",""reason"":""High-risk merchant and amount significantly above customer baseline.""}",
RC00000272,55,0.7800,Elevated-risk investigation for RC00000272; keep under review pending confirmation.,"{""score"":55,""confidence"":0.78,""ring"":""RING-172"",""reason"":""High-risk merchant and amount significantly above customer baseline.""}",
RC00000273,53,0.7800,Elevated-risk investigation for RC00000273; keep under review pending confirmation.,"{""score"":53,""confidence"":0.78,""ring"":""RING-173"",""reason"":""High-risk merchant and amount significantly above customer baseline.""}",
RC00000274,53,0.7800,Elevated-risk investigation for RC00000274; keep under review pending confirmation.,"{""score"":53,""confidence"":0.78,""ring"":""RING-174"",""reason"":""High-risk merchant and amount significantly above customer baseline.""}",
RC00000275,91,0.9100,High-confidence fraud investigation for RC00000275; keep the transaction held and open dispute workflow.,"{""score"":91,""confidence"":0.91,""ring"":""RING-175"",""reason"":""PaySim-style fraud pattern: account depletion via transfer or cash-out.""}",
RC00000276,59,0.7800,Elevated-risk investigation for RC00000276; keep under review pending confirmation.,"{""score"":59,""confidence"":0.78,""ring"":""RING-176"",""reason"":""High-risk merchant and amount significantly above customer baseline.""}",
RC00000277,53,0.7800,Elevated-risk investigation for RC00000277; keep under review pending confirmation.,"{""score"":53,""confidence"":0.78,""ring"":""RING-177"",""reason"":""High-risk merchant and amount significantly above customer baseline.""}",
RC00000278,97,0.9100,High-confidence fraud investigation for RC00000278; keep the transaction held and open dispute workflow.,"{""score"":97,""confidence"":0.91,""ring"":""RING-178"",""reason"":""PaySim-style fraud pattern: account depletion via transfer or cash-out.""}",
RC00000279,53,0.7800,Elevated-risk investigation for RC00000279; keep under review pending confirmation.,"{""score"":53,""confidence"":0.78,""ring"":""RING-179"",""reason"":""High-risk merchant and amount significantly above customer baseline.""}",
RC00000280,53,0.7800,Elevated-risk investigation for RC00000280; keep under review pending confirmation.,"{""score"":53,""confidence"":0.78,""ring"":""RING-180"",""reason"":""High-risk merchant and amount significantly above customer baseline.""}",
RC00000281,54,0.7800,Elevated-risk investigation for RC00000281; keep under review pending confirmation.,"{""score"":54,""confidence"":0.78,""ring"":""RING-181"",""reason"":""High-risk merchant and amount significantly above customer baseline.""}",
RC00000282,52,0.7800,Elevated-risk investigation for RC00000282; keep under review pending confirmation.,"{""score"":52,""confidence"":0.78,""ring"":""RING-182"",""reason"":""High-risk merchant and amount significantly above customer baseline.""}",
RC00000283,90,0.9100,High-confidence fraud investigation for RC00000283; keep the transaction held and open dispute workflow.,"{""score"":90,""confidence"":0.91,""ring"":""RING-183"",""reason"":""PaySim-style fraud pattern: account depletion via transfer or cash-out.""}",
RC00000284,51,0.7800,Elevated-risk investigation for RC00000284; keep under review pending confirmation.,"{""score"":51,""confidence"":0.78,""ring"":""RING-184"",""reason"":""High-risk merchant and amount significantly above customer baseline.""}",
RC00000285,52,0.7800,Elevated-risk investigation for RC00000285; keep under review pending confirmation.,"{""score"":52,""confidence"":0.78,""ring"":""RING-185"",""reason"":""High-risk merchant and amount significantly above customer baseline.""}",
RC00000286,52,0.7800,Elevated-risk investigation for RC00000286; keep under review pending confirmation.,"{""score"":52,""confidence"":0.78,""ring"":""RING-186"",""reason"":""High-risk merchant and amount significantly above customer baseline.""}",
RC00000287,55,0.7800,Elevated-risk investigation for RC00000287; keep under review pending confirmation.,"{""score"":55,""confidence"":0.78,""ring"":""RING-187"",""reason"":""High-risk merchant and amount significantly above customer baseline.""}",
RC00000288,55,0.7800,Elevated-risk investigation for RC00000288; keep under review pending confirmation.,"{""score"":55,""confidence"":0.78,""ring"":""RING-188"",""reason"":""High-risk merchant and amount significantly above customer baseline.""}",
RC00000289,55,0.7800,Elevated-risk investigation for RC00000289; keep under review pending confirmation.,"{""score"":55,""confidence"":0.78,""ring"":""RING-189"",""reason"":""High-risk merchant and amount significantly above customer baseline.""}",
RC00000290,95,0.9100,High-confidence fraud investigation for RC00000290; keep the transaction held and open dispute workflow.,"{""score"":95,""confidence"":0.91,""ring"":""RING-190"",""reason"":""PaySim-style fraud pattern: account depletion via transfer or cash-out.""}",
RC00000291,55,0.7800,Elevated-risk investigation for RC00000291; keep under review pending confirmation.,"{""score"":55,""confidence"":0.78,""ring"":""RING-191"",""reason"":""High-risk merchant and amount significantly above customer baseline.""}",
RC00000292,55,0.7800,Elevated-risk investigation for RC00000292; keep under review pending confirmation.,"{""score"":55,""confidence"":0.78,""ring"":""RING-192"",""reason"":""High-risk merchant and amount significantly above customer baseline.""}",
RC00000293,56,0.7800,Elevated-risk investigation for RC00000293; keep under review pending confirmation.,"{""score"":56,""confidence"":0.78,""ring"":""RING-193"",""reason"":""High-risk merchant and amount significantly above customer baseline.""}",
RC00000294,55,0.7800,Elevated-risk investigation for RC00000294; keep under review pending confirmation.,"{""score"":55,""confidence"":0.78,""ring"":""RING-194"",""reason"":""High-risk merchant and amount significantly above customer baseline.""}",
RC00000295,55,0.7800,Elevated-risk investigation for RC00000295; keep under review pending confirmation.,"{""score"":55,""confidence"":0.78,""ring"":""RING-195"",""reason"":""High-risk merchant and amount significantly above customer baseline.""}",
RC00000296,96,0.9100,High-confidence fraud investigation for RC00000296; keep the transaction held and open dispute workflow.,"{""score"":96,""confidence"":0.91,""ring"":""RING-196"",""reason"":""PaySim-style fraud pattern: account depletion via transfer or cash-out.""}",
RC00000297,54,0.7800,Elevated-risk investigation for RC00000297; keep under review pending confirmation.,"{""score"":54,""confidence"":0.78,""ring"":""RING-197"",""reason"":""High-risk merchant and amount significantly above customer baseline.""}",
RC00000298,83,0.7800,Elevated-risk investigation for RC00000298; keep under review pending confirmation.,"{""score"":83,""confidence"":0.78,""ring"":""RING-198"",""reason"":""PaySim-style fraud pattern: account depletion via transfer or cash-out.""}",
RC00000299,94,0.9100,High-confidence fraud investigation for RC00000299; keep the transaction held and open dispute workflow.,"{""score"":94,""confidence"":0.91,""ring"":""RING-199"",""reason"":""PaySim-style fraud pattern: account depletion via transfer or cash-out.""}",
RC00000300,54,0.7800,Elevated-risk investigation for RC00000300; keep under review pending confirmation.,"{""score"":54,""confidence"":0.78,""ring"":""RING-140"",""reason"":""High-risk merchant and amount significantly above customer baseline.""}",
RC00000301,54,0.7800,Elevated-risk investigation for RC00000301; keep under review pending confirmation.,"{""score"":54,""confidence"":0.78,""ring"":""RING-141"",""reason"":""High-risk merchant and amount significantly above customer baseline.""}",
RC00000302,58,0.7800,Elevated-risk investigation for RC00000302; keep under review pending confirmation.,"{""score"":58,""confidence"":0.78,""ring"":""RING-142"",""reason"":""High-risk merchant and amount significantly above customer baseline.""}",
RC00000303,57,0.7800,Elevated-risk investigation for RC00000303; keep under review pending confirmation.,"{""score"":57,""confidence"":0.78,""ring"":""RING-143"",""reason"":""High-risk merchant and amount significantly above customer baseline.""}",
RC00000304,57,0.7800,Elevated-risk investigation for RC00000304; keep under review pending confirmation.,"{""score"":57,""confidence"":0.78,""ring"":""RING-144"",""reason"":""High-risk merchant and amount significantly above customer baseline.""}",
RC00000305,88,0.9100,High-confidence fraud investigation for RC00000305; keep the transaction held and open dispute workflow.,"{""score"":88,""confidence"":0.91,""ring"":""RING-145"",""reason"":""PaySim-style fraud pattern: account depletion via transfer or cash-out.""}",
RC00000306,57,0.7800,Elevated-risk investigation for RC00000306; keep under review pending confirmation.,"{""score"":57,""confidence"":0.78,""ring"":""RING-146"",""reason"":""High-risk merchant and amount significantly above customer baseline.""}",
RC00000307,92,0.9100,High-confidence fraud investigation for RC00000307; keep the transaction held and open dispute workflow.,"{""score"":92,""confidence"":0.91,""ring"":""RING-147"",""reason"":""PaySim-style fraud pattern: account depletion via transfer or cash-out.""}",
RC00000308,99,0.9100,High-confidence fraud investigation for RC00000308; keep the transaction held and open dispute workflow.,"{""score"":99,""confidence"":0.91,""ring"":""RING-148"",""reason"":""PaySim-style fraud pattern: account depletion via transfer or cash-out.""}",
RC00000309,56,0.7800,Elevated-risk investigation for RC00000309; keep under review pending confirmation.,"{""score"":56,""confidence"":0.78,""ring"":""RING-149"",""reason"":""High-risk merchant and amount significantly above customer baseline.""}",
RC00000310,52,0.7800,Elevated-risk investigation for RC00000310; keep under review pending confirmation.,"{""score"":52,""confidence"":0.78,""ring"":""RING-150"",""reason"":""High-risk merchant and amount significantly above customer baseline.""}",
RC00000311,53,0.7800,Elevated-risk investigation for RC00000311; keep under review pending confirmation.,"{""score"":53,""confidence"":0.78,""ring"":""RING-151"",""reason"":""High-risk merchant and amount significantly above customer baseline.""}",
RC00000312,52,0.7800,Elevated-risk investigation for RC00000312; keep under review pending confirmation.,"{""score"":52,""confidence"":0.78,""ring"":""RING-152"",""reason"":""High-risk merchant and amount significantly above customer baseline.""}",
RC00000313,52,0.7800,Elevated-risk investigation for RC00000313; keep under review pending confirmation.,"{""score"":52,""confidence"":0.78,""ring"":""RING-153"",""reason"":""High-risk merchant and amount significantly above customer baseline.""}",
RC00000314,90,0.9100,High-confidence fraud investigation for RC00000314; keep the transaction held and open dispute workflow.,"{""score"":90,""confidence"":0.91,""ring"":""RING-154"",""reason"":""PaySim-style fraud pattern: account depletion via transfer or cash-out.""}",
RC00000315,56,0.7800,Elevated-risk investigation for RC00000315; keep under review pending confirmation.,"{""score"":56,""confidence"":0.78,""ring"":""RING-155"",""reason"":""High-risk merchant and amount significantly above customer baseline.""}",
RC00000316,87,0.9100,High-confidence fraud investigation for RC00000316; keep the transaction held and open dispute workflow.,"{""score"":87,""confidence"":0.91,""ring"":""RING-156"",""reason"":""PaySim-style fraud pattern: account depletion via transfer or cash-out.""}",
RC00000317,55,0.7800,Elevated-risk investigation for RC00000317; keep under review pending confirmation.,"{""score"":55,""confidence"":0.78,""ring"":""RING-157"",""reason"":""High-risk merchant and amount significantly above customer baseline.""}",
RC00000318,54,0.7800,Elevated-risk investigation for RC00000318; keep under review pending confirmation.,"{""score"":54,""confidence"":0.78,""ring"":""RING-158"",""reason"":""High-risk merchant and amount significantly above customer baseline.""}",
RC00000319,54,0.7800,Elevated-risk investigation for RC00000319; keep under review pending confirmation.,"{""score"":54,""confidence"":0.78,""ring"":""RING-159"",""reason"":""High-risk merchant and amount significantly above customer baseline.""}",
RC00000320,53,0.7800,Elevated-risk investigation for RC00000320; keep under review pending confirmation.,"{""score"":53,""confidence"":0.78,""ring"":""RING-160"",""reason"":""High-risk merchant and amount significantly above customer baseline.""}",
RC00000321,53,0.7800,Elevated-risk investigation for RC00000321; keep under review pending confirmation.,"{""score"":53,""confidence"":0.78,""ring"":""RING-161"",""reason"":""High-risk merchant and amount significantly above customer baseline.""}",
RC00000322,92,0.9100,High-confidence fraud investigation for RC00000322; keep the transaction held and open dispute workflow.,"{""score"":92,""confidence"":0.91,""ring"":""RING-162"",""reason"":""PaySim-style fraud pattern: account depletion via transfer or cash-out.""}",
RC00000323,53,0.7800,Elevated-risk investigation for RC00000323; keep under review pending confirmation.,"{""score"":53,""confidence"":0.78,""ring"":""RING-163"",""reason"":""High-risk merchant and amount significantly above customer baseline.""}",
RC00000324,91,0.9100,High-confidence fraud investigation for RC00000324; keep the transaction held and open dispute workflow.,"{""score"":91,""confidence"":0.91,""ring"":""RING-164"",""reason"":""PaySim-style fraud pattern: account depletion via transfer or cash-out.""}",
RC00000325,57,0.7800,Elevated-risk investigation for RC00000325; keep under review pending confirmation.,"{""score"":57,""confidence"":0.78,""ring"":""RING-165"",""reason"":""High-risk merchant and amount significantly above customer baseline.""}",
RC00000326,57,0.7800,Elevated-risk investigation for RC00000326; keep under review pending confirmation.,"{""score"":57,""confidence"":0.78,""ring"":""RING-166"",""reason"":""High-risk merchant and amount significantly above customer baseline.""}",
RC00000327,95,0.9100,High-confidence fraud investigation for RC00000327; keep the transaction held and open dispute workflow.,"{""score"":95,""confidence"":0.91,""ring"":""RING-167"",""reason"":""PaySim-style fraud pattern: account depletion via transfer or cash-out.""}",
RC00000328,56,0.7800,Elevated-risk investigation for RC00000328; keep under review pending confirmation.,"{""score"":56,""confidence"":0.78,""ring"":""RING-168"",""reason"":""High-risk merchant and amount significantly above customer baseline.""}",
RC00000329,53,0.7800,Elevated-risk investigation for RC00000329; keep under review pending confirmation.,"{""score"":53,""confidence"":0.78,""ring"":""RING-169"",""reason"":""High-risk merchant and amount significantly above customer baseline.""}",
RC00000330,93,0.9100,High-confidence fraud investigation for RC00000330; keep the transaction held and open dispute workflow.,"{""score"":93,""confidence"":0.91,""ring"":""RING-170"",""reason"":""PaySim-style fraud pattern: account depletion via transfer or cash-out.""}",
RC00000331,91,0.9100,High-confidence fraud investigation for RC00000331; keep the transaction held and open dispute workflow.,"{""score"":91,""confidence"":0.91,""ring"":""RING-171"",""reason"":""PaySim-style fraud pattern: account depletion via transfer or cash-out.""}",
RC00000332,57,0.7800,Elevated-risk investigation for RC00000332; keep under review pending confirmation.,"{""score"":57,""confidence"":0.78,""ring"":""RING-172"",""reason"":""High-risk merchant and amount significantly above customer baseline.""}",
RC00000333,56,0.7800,Elevated-risk investigation for RC00000333; keep under review pending confirmation.,"{""score"":56,""confidence"":0.78,""ring"":""RING-173"",""reason"":""High-risk merchant and amount significantly above customer baseline.""}",
RC00000334,56,0.7800,Elevated-risk investigation for RC00000334; keep under review pending confirmation.,"{""score"":56,""confidence"":0.78,""ring"":""RING-174"",""reason"":""High-risk merchant and amount significantly above customer baseline.""}",
RC00000335,55,0.7800,Elevated-risk investigation for RC00000335; keep under review pending confirmation.,"{""score"":55,""confidence"":0.78,""ring"":""RING-175"",""reason"":""High-risk merchant and amount significantly above customer baseline.""}",
RC00000336,55,0.7800,Elevated-risk investigation for RC00000336; keep under review pending confirmation.,"{""score"":55,""confidence"":0.78,""ring"":""RING-176"",""reason"":""High-risk merchant and amount significantly above customer baseline.""}",
RC00000337,95,0.9100,High-confidence fraud investigation for RC00000337; keep the transaction held and open dispute workflow.,"{""score"":95,""confidence"":0.91,""ring"":""RING-177"",""reason"":""PaySim-style fraud pattern: account depletion via transfer or cash-out.""}",
RC00000338,95,0.9100,High-confidence fraud investigation for RC00000338; keep the transaction held and open dispute workflow.,"{""score"":95,""confidence"":0.91,""ring"":""RING-178"",""reason"":""PaySim-style fraud pattern: account depletion via transfer or cash-out.""}",
RC00000339,54,0.7800,Elevated-risk investigation for RC00000339; keep under review pending confirmation.,"{""score"":54,""confidence"":0.78,""ring"":""RING-179"",""reason"":""High-risk merchant and amount significantly above customer baseline.""}",
RC00000340,53,0.7800,Elevated-risk investigation for RC00000340; keep under review pending confirmation.,"{""score"":53,""confidence"":0.78,""ring"":""RING-180"",""reason"":""High-risk merchant and amount significantly above customer baseline.""}",
RC00000341,53,0.7800,Elevated-risk investigation for RC00000341; keep under review pending confirmation.,"{""score"":53,""confidence"":0.78,""ring"":""RING-181"",""reason"":""High-risk merchant and amount significantly above customer baseline.""}",
RC00000342,58,0.7800,Elevated-risk investigation for RC00000342; keep under review pending confirmation.,"{""score"":58,""confidence"":0.78,""ring"":""RING-182"",""reason"":""High-risk merchant and amount significantly above customer baseline.""}",
RC00000343,53,0.7800,Elevated-risk investigation for RC00000343; keep under review pending confirmation.,"{""score"":53,""confidence"":0.78,""ring"":""RING-183"",""reason"":""High-risk merchant and amount significantly above customer baseline.""}",
RC00000344,89,0.9100,High-confidence fraud investigation for RC00000344; keep the transaction held and open dispute workflow.,"{""score"":89,""confidence"":0.91,""ring"":""RING-184"",""reason"":""PaySim-style fraud pattern: account depletion via transfer or cash-out.""}",
RC00000345,53,0.7800,Elevated-risk investigation for RC00000345; keep under review pending confirmation.,"{""score"":53,""confidence"":0.78,""ring"":""RING-185"",""reason"":""High-risk merchant and amount significantly above customer baseline.""}",
RC00000346,53,0.7800,Elevated-risk investigation for RC00000346; keep under review pending confirmation.,"{""score"":53,""confidence"":0.78,""ring"":""RING-186"",""reason"":""High-risk merchant and amount significantly above customer baseline.""}",
RC00000347,52,0.7800,Elevated-risk investigation for RC00000347; keep under review pending confirmation.,"{""score"":52,""confidence"":0.78,""ring"":""RING-187"",""reason"":""High-risk merchant and amount significantly above customer baseline.""}",
RC00000348,52,0.7800,Elevated-risk investigation for RC00000348; keep under review pending confirmation.,"{""score"":52,""confidence"":0.78,""ring"":""RING-188"",""reason"":""High-risk merchant and amount significantly above customer baseline.""}",
RC00000349,91,0.9100,High-confidence fraud investigation for RC00000349; keep the transaction held and open dispute workflow.,"{""score"":91,""confidence"":0.91,""ring"":""RING-189"",""reason"":""PaySim-style fraud pattern: account depletion via transfer or cash-out.""}",
RC00000350,51,0.7800,Elevated-risk investigation for RC00000350; keep under review pending confirmation.,"{""score"":51,""confidence"":0.78,""ring"":""RING-190"",""reason"":""High-risk merchant and amount significantly above customer baseline.""}",
RC00000351,52,0.7800,Elevated-risk investigation for RC00000351; keep under review pending confirmation.,"{""score"":52,""confidence"":0.78,""ring"":""RING-191"",""reason"":""High-risk merchant and amount significantly above customer baseline.""}",
RC00000352,89,0.9100,High-confidence fraud investigation for RC00000352; keep the transaction held and open dispute workflow.,"{""score"":89,""confidence"":0.91,""ring"":""RING-192"",""reason"":""PaySim-style fraud pattern: account depletion via transfer or cash-out.""}",
RC00000353,56,0.7800,Elevated-risk investigation for RC00000353; keep under review pending confirmation.,"{""score"":56,""confidence"":0.78,""ring"":""RING-193"",""reason"":""High-risk merchant and amount significantly above customer baseline.""}",
RC00000354,56,0.7800,Elevated-risk investigation for RC00000354; keep under review pending confirmation.,"{""score"":56,""confidence"":0.78,""ring"":""RING-194"",""reason"":""High-risk merchant and amount significantly above customer baseline.""}",
RC00000355,55,0.7800,Elevated-risk investigation for RC00000355; keep under review pending confirmation.,"{""score"":55,""confidence"":0.78,""ring"":""RING-195"",""reason"":""High-risk merchant and amount significantly above customer baseline.""}",
RC00000356,55,0.7800,Elevated-risk investigation for RC00000356; keep under review pending confirmation.,"{""score"":55,""confidence"":0.78,""ring"":""RING-196"",""reason"":""High-risk merchant and amount significantly above customer baseline.""}",
RC00000357,95,0.9100,High-confidence fraud investigation for RC00000357; keep the transaction held and open dispute workflow.,"{""score"":95,""confidence"":0.91,""ring"":""RING-197"",""reason"":""PaySim-style fraud pattern: account depletion via transfer or cash-out.""}",
RC00000358,54,0.7800,Elevated-risk investigation for RC00000358; keep under review pending confirmation.,"{""score"":54,""confidence"":0.78,""ring"":""RING-198"",""reason"":""High-risk merchant and amount significantly above customer baseline.""}",
RC00000359,54,0.7800,Elevated-risk investigation for RC00000359; keep under review pending confirmation.,"{""score"":54,""confidence"":0.78,""ring"":""RING-199"",""reason"":""High-risk merchant and amount significantly above customer baseline.""}",
RC00000360,93,0.9100,High-confidence fraud investigation for RC00000360; keep the transaction held and open dispute workflow.,"{""score"":93,""confidence"":0.91,""ring"":""RING-140"",""reason"":""PaySim-style fraud pattern: account depletion via transfer or cash-out.""}",
RC00000361,55,0.7800,Elevated-risk investigation for RC00000361; keep under review pending confirmation.,"{""score"":55,""confidence"":0.78,""ring"":""RING-141"",""reason"":""High-risk merchant and amount significantly above customer baseline.""}",
RC00000362,55,0.7800,Elevated-risk investigation for RC00000362; keep under review pending confirmation.,"{""score"":55,""confidence"":0.78,""ring"":""RING-142"",""reason"":""High-risk merchant and amount significantly above customer baseline.""}",
RC00000363,54,0.7800,Elevated-risk investigation for RC00000363; keep under review pending confirmation.,"{""score"":54,""confidence"":0.78,""ring"":""RING-143"",""reason"":""High-risk merchant and amount significantly above customer baseline.""}",
RC00000364,54,0.7800,Elevated-risk investigation for RC00000364; keep under review pending confirmation.,"{""score"":54,""confidence"":0.78,""ring"":""RING-144"",""reason"":""High-risk merchant and amount significantly above customer baseline.""}",
RC00000365,94,0.9100,High-confidence fraud investigation for RC00000365; keep the transaction held and open dispute workflow.,"{""score"":94,""confidence"":0.91,""ring"":""RING-145"",""reason"":""PaySim-style fraud pattern: account depletion via transfer or cash-out.""}",
RC00000366,53,0.7800,Elevated-risk investigation for RC00000366; keep under review pending confirmation.,"{""score"":53,""confidence"":0.78,""ring"":""RING-146"",""reason"":""High-risk merchant and amount significantly above customer baseline.""}",
RC00000367,53,0.7800,Elevated-risk investigation for RC00000367; keep under review pending confirmation.,"{""score"":53,""confidence"":0.78,""ring"":""RING-147"",""reason"":""High-risk merchant and amount significantly above customer baseline.""}",
RC00000368,92,0.9100,High-confidence fraud investigation for RC00000368; keep the transaction held and open dispute workflow.,"{""score"":92,""confidence"":0.91,""ring"":""RING-148"",""reason"":""PaySim-style fraud pattern: account depletion via transfer or cash-out.""}",
RC00000369,52,0.7800,Elevated-risk investigation for RC00000369; keep under review pending confirmation.,"{""score"":52,""confidence"":0.78,""ring"":""RING-149"",""reason"":""High-risk merchant and amount significantly above customer baseline.""}",
RC00000370,52,0.7800,Elevated-risk investigation for RC00000370; keep under review pending confirmation.,"{""score"":52,""confidence"":0.78,""ring"":""RING-150"",""reason"":""High-risk merchant and amount significantly above customer baseline.""}",
RC00000371,57,0.7800,Elevated-risk investigation for RC00000371; keep under review pending confirmation.,"{""score"":57,""confidence"":0.78,""ring"":""RING-151"",""reason"":""High-risk merchant and amount significantly above customer baseline.""}",
RC00000372,57,0.7800,Elevated-risk investigation for RC00000372; keep under review pending confirmation.,"{""score"":57,""confidence"":0.78,""ring"":""RING-152"",""reason"":""High-risk merchant and amount significantly above customer baseline.""}",
RC00000373,89,0.9100,High-confidence fraud investigation for RC00000373; keep the transaction held and open dispute workflow.,"{""score"":89,""confidence"":0.91,""ring"":""RING-153"",""reason"":""PaySim-style fraud pattern: account depletion via transfer or cash-out.""}",
RC00000374,56,0.7800,Elevated-risk investigation for RC00000374; keep under review pending confirmation.,"{""score"":56,""confidence"":0.78,""ring"":""RING-154"",""reason"":""High-risk merchant and amount significantly above customer baseline.""}",
RC00000375,96,0.9100,High-confidence fraud investigation for RC00000375; keep the transaction held and open dispute workflow.,"{""score"":96,""confidence"":0.91,""ring"":""RING-155"",""reason"":""PaySim-style fraud pattern: account depletion via transfer or cash-out.""}",
RC00000376,52,0.7800,Elevated-risk investigation for RC00000376; keep under review pending confirmation.,"{""score"":52,""confidence"":0.78,""ring"":""RING-156"",""reason"":""High-risk merchant and amount significantly above customer baseline.""}",
RC00000377,51,0.7800,Elevated-risk investigation for RC00000377; keep under review pending confirmation.,"{""score"":51,""confidence"":0.78,""ring"":""RING-157"",""reason"":""High-risk merchant and amount significantly above customer baseline.""}",
RC00000378,51,0.7800,Elevated-risk investigation for RC00000378; keep under review pending confirmation.,"{""score"":51,""confidence"":0.78,""ring"":""RING-158"",""reason"":""High-risk merchant and amount significantly above customer baseline.""}",
RC00000379,56,0.7800,Elevated-risk investigation for RC00000379; keep under review pending confirmation.,"{""score"":56,""confidence"":0.78,""ring"":""RING-159"",""reason"":""High-risk merchant and amount significantly above customer baseline.""}",
RC00000380,56,0.7800,Elevated-risk investigation for RC00000380; keep under review pending confirmation.,"{""score"":56,""confidence"":0.78,""ring"":""RING-160"",""reason"":""High-risk merchant and amount significantly above customer baseline.""}",
RC00000381,88,0.9100,High-confidence fraud investigation for RC00000381; keep the transaction held and open dispute workflow.,"{""score"":88,""confidence"":0.91,""ring"":""RING-161"",""reason"":""PaySim-style fraud pattern: account depletion via transfer or cash-out.""}",
RC00000382,55,0.7800,Elevated-risk investigation for RC00000382; keep under review pending confirmation.,"{""score"":55,""confidence"":0.78,""ring"":""RING-162"",""reason"":""High-risk merchant and amount significantly above customer baseline.""}",
RC00000383,96,0.9100,High-confidence fraud investigation for RC00000383; keep the transaction held and open dispute workflow.,"{""score"":96,""confidence"":0.91,""ring"":""RING-163"",""reason"":""PaySim-style fraud pattern: account depletion via transfer or cash-out.""}",
RC00000384,55,0.7800,Elevated-risk investigation for RC00000384; keep under review pending confirmation.,"{""score"":55,""confidence"":0.78,""ring"":""RING-164"",""reason"":""High-risk merchant and amount significantly above customer baseline.""}",
RC00000385,55,0.7800,Elevated-risk investigation for RC00000385; keep under review pending confirmation.,"{""score"":55,""confidence"":0.78,""ring"":""RING-165"",""reason"":""High-risk merchant and amount significantly above customer baseline.""}",
RC00000386,54,0.7800,Elevated-risk investigation for RC00000386; keep under review pending confirmation.,"{""score"":54,""confidence"":0.78,""ring"":""RING-166"",""reason"":""High-risk merchant and amount significantly above customer baseline.""}",
RC00000387,54,0.7800,Elevated-risk investigation for RC00000387; keep under review pending confirmation.,"{""score"":54,""confidence"":0.78,""ring"":""RING-167"",""reason"":""High-risk merchant and amount significantly above customer baseline.""}",
RC00000388,53,0.7800,Elevated-risk investigation for RC00000388; keep under review pending confirmation.,"{""score"":53,""confidence"":0.78,""ring"":""RING-168"",""reason"":""High-risk merchant and amount significantly above customer baseline.""}",
RC00000389,53,0.7800,Elevated-risk investigation for RC00000389; keep under review pending confirmation.,"{""score"":53,""confidence"":0.78,""ring"":""RING-169"",""reason"":""High-risk merchant and amount significantly above customer baseline.""}",
RC00000390,92,0.9100,High-confidence fraud investigation for RC00000390; keep the transaction held and open dispute workflow.,"{""score"":92,""confidence"":0.91,""ring"":""RING-170"",""reason"":""PaySim-style fraud pattern: account depletion via transfer or cash-out.""}",
RC00000391,90,0.9100,High-confidence fraud investigation for RC00000391; keep the transaction held and open dispute workflow.,"{""score"":90,""confidence"":0.91,""ring"":""RING-171"",""reason"":""PaySim-style fraud pattern: account depletion via transfer or cash-out.""}",
RC00000392,97,0.9100,High-confidence fraud investigation for RC00000392; keep the transaction held and open dispute workflow.,"{""score"":97,""confidence"":0.91,""ring"":""RING-172"",""reason"":""PaySim-style fraud pattern: account depletion via transfer or cash-out.""}",
RC00000393,56,0.7800,Elevated-risk investigation for RC00000393; keep under review pending confirmation.,"{""score"":56,""confidence"":0.78,""ring"":""RING-173"",""reason"":""High-risk merchant and amount significantly above customer baseline.""}",
RC00000394,56,0.7800,Elevated-risk investigation for RC00000394; keep under review pending confirmation.,"{""score"":56,""confidence"":0.78,""ring"":""RING-174"",""reason"":""High-risk merchant and amount significantly above customer baseline.""}",
RC00000395,55,0.7800,Elevated-risk investigation for RC00000395; keep under review pending confirmation.,"{""score"":55,""confidence"":0.78,""ring"":""RING-175"",""reason"":""High-risk merchant and amount significantly above customer baseline.""}",
RC00000396,55,0.7800,Elevated-risk investigation for RC00000396; keep under review pending confirmation.,"{""score"":55,""confidence"":0.78,""ring"":""RING-176"",""reason"":""High-risk merchant and amount significantly above customer baseline.""}",
RC00000397,55,0.7800,Elevated-risk investigation for RC00000397; keep under review pending confirmation.,"{""score"":55,""confidence"":0.78,""ring"":""RING-177"",""reason"":""High-risk merchant and amount significantly above customer baseline.""}",
RC00000398,91,0.9100,High-confidence fraud investigation for RC00000398; keep the transaction held and open dispute workflow.,"{""score"":91,""confidence"":0.91,""ring"":""RING-178"",""reason"":""PaySim-style fraud pattern: account depletion via transfer or cash-out.""}",
RC00000399,56,0.7800,Elevated-risk investigation for RC00000399; keep under review pending confirmation.,"{""score"":56,""confidence"":0.78,""ring"":""RING-179"",""reason"":""High-risk merchant and amount significantly above customer baseline.""}",
RC00000400,89,0.9100,High-confidence fraud investigation for RC00000400; keep the transaction held and open dispute workflow.,"{""score"":89,""confidence"":0.91,""ring"":""RING-180"",""reason"":""PaySim-style fraud pattern: account depletion via transfer or cash-out.""}",
RC00000401,57,0.7800,Elevated-risk investigation for RC00000401; keep under review pending confirmation.,"{""score"":57,""confidence"":0.78,""ring"":""RING-181"",""reason"":""High-risk merchant and amount significantly above customer baseline.""}",
RC00000402,51,0.7800,Elevated-risk investigation for RC00000402; keep under review pending confirmation.,"{""score"":51,""confidence"":0.78,""ring"":""RING-182"",""reason"":""High-risk merchant and amount significantly above customer baseline.""}",
RC00000403,56,0.7800,Elevated-risk investigation for RC00000403; keep under review pending confirmation.,"{""score"":56,""confidence"":0.78,""ring"":""RING-183"",""reason"":""High-risk merchant and amount significantly above customer baseline.""}",
RC00000404,56,0.7800,Elevated-risk investigation for RC00000404; keep under review pending confirmation.,"{""score"":56,""confidence"":0.78,""ring"":""RING-184"",""reason"":""High-risk merchant and amount significantly above customer baseline.""}",
RC00000405,55,0.7800,Elevated-risk investigation for RC00000405; keep under review pending confirmation.,"{""score"":55,""confidence"":0.78,""ring"":""RING-185"",""reason"":""High-risk merchant and amount significantly above customer baseline.""}",
RC00000406,95,0.9100,High-confidence fraud investigation for RC00000406; keep the transaction held and open dispute workflow.,"{""score"":95,""confidence"":0.91,""ring"":""RING-186"",""reason"":""PaySim-style fraud pattern: account depletion via transfer or cash-out.""}",
RC00000407,53,0.7800,Elevated-risk investigation for RC00000407; keep under review pending confirmation.,"{""score"":53,""confidence"":0.78,""ring"":""RING-187"",""reason"":""High-risk merchant and amount significantly above customer baseline.""}",
RC00000408,53,0.7800,Elevated-risk investigation for RC00000408; keep under review pending confirmation.,"{""score"":53,""confidence"":0.78,""ring"":""RING-188"",""reason"":""High-risk merchant and amount significantly above customer baseline.""}",
RC00000409,53,0.7800,Elevated-risk investigation for RC00000409; keep under review pending confirmation.,"{""score"":53,""confidence"":0.78,""ring"":""RING-189"",""reason"":""High-risk merchant and amount significantly above customer baseline.""}",
RC00000410,57,0.7800,Elevated-risk investigation for RC00000410; keep under review pending confirmation.,"{""score"":57,""confidence"":0.78,""ring"":""RING-190"",""reason"":""High-risk merchant and amount significantly above customer baseline.""}",
RC00000411,57,0.7800,Elevated-risk investigation for RC00000411; keep under review pending confirmation.,"{""score"":57,""confidence"":0.78,""ring"":""RING-191"",""reason"":""High-risk merchant and amount significantly above customer baseline.""}",
RC00000412,53,0.7800,Elevated-risk investigation for RC00000412; keep under review pending confirmation.,"{""score"":53,""confidence"":0.78,""ring"":""RING-192"",""reason"":""High-risk merchant and amount significantly above customer baseline.""}",
RC00000413,95,0.9100,High-confidence fraud investigation for RC00000413; keep the transaction held and open dispute workflow.,"{""score"":95,""confidence"":0.91,""ring"":""RING-193"",""reason"":""PaySim-style fraud pattern: account depletion via transfer or cash-out.""}",
RC00000414,85,0.9100,High-confidence fraud investigation for RC00000414; keep the transaction held and open dispute workflow.,"{""score"":85,""confidence"":0.91,""ring"":""RING-194"",""reason"":""PaySim-style fraud pattern: account depletion via transfer or cash-out.""}",
RC00000415,52,0.7800,Elevated-risk investigation for RC00000415; keep under review pending confirmation.,"{""score"":52,""confidence"":0.78,""ring"":""RING-195"",""reason"":""High-risk merchant and amount significantly above customer baseline.""}",
RC00000416,53,0.7800,Elevated-risk investigation for RC00000416; keep under review pending confirmation.,"{""score"":53,""confidence"":0.78,""ring"":""RING-196"",""reason"":""High-risk merchant and amount significantly above customer baseline.""}",
RC00000417,53,0.7800,Elevated-risk investigation for RC00000417; keep under review pending confirmation.,"{""score"":53,""confidence"":0.78,""ring"":""RING-197"",""reason"":""High-risk merchant and amount significantly above customer baseline.""}",
RC00000418,53,0.7800,Elevated-risk investigation for RC00000418; keep under review pending confirmation.,"{""score"":53,""confidence"":0.78,""ring"":""RING-198"",""reason"":""High-risk merchant and amount significantly above customer baseline.""}",
RC00000419,52,0.7800,Elevated-risk investigation for RC00000419; keep under review pending confirmation.,"{""score"":52,""confidence"":0.78,""ring"":""RING-199"",""reason"":""High-risk merchant and amount significantly above customer baseline.""}",
RC00000420,52,0.7800,Elevated-risk investigation for RC00000420; keep under review pending confirmation.,"{""score"":52,""confidence"":0.78,""ring"":""RING-140"",""reason"":""High-risk merchant and amount significantly above customer baseline.""}",
RC00000421,56,0.7800,Elevated-risk investigation for RC00000421; keep under review pending confirmation.,"{""score"":56,""confidence"":0.78,""ring"":""RING-141"",""reason"":""High-risk merchant and amount significantly above customer baseline.""}",
RC00000422,89,0.9100,High-confidence fraud investigation for RC00000422; keep the transaction held and open dispute workflow.,"{""score"":89,""confidence"":0.91,""ring"":""RING-142"",""reason"":""PaySim-style fraud pattern: account depletion via transfer or cash-out.""}",
RC00000423,97,0.9100,High-confidence fraud investigation for RC00000423; keep the transaction held and open dispute workflow.,"{""score"":97,""confidence"":0.91,""ring"":""RING-143"",""reason"":""PaySim-style fraud pattern: account depletion via transfer or cash-out.""}",
RC00000424,55,0.7800,Elevated-risk investigation for RC00000424; keep under review pending confirmation.,"{""score"":55,""confidence"":0.78,""ring"":""RING-144"",""reason"":""High-risk merchant and amount significantly above customer baseline.""}",
RC00000425,55,0.7800,Elevated-risk investigation for RC00000425; keep under review pending confirmation.,"{""score"":55,""confidence"":0.78,""ring"":""RING-145"",""reason"":""High-risk merchant and amount significantly above customer baseline.""}",
RC00000426,54,0.7800,Elevated-risk investigation for RC00000426; keep under review pending confirmation.,"{""score"":54,""confidence"":0.78,""ring"":""RING-146"",""reason"":""High-risk merchant and amount significantly above customer baseline.""}",
RC00000427,54,0.7800,Elevated-risk investigation for RC00000427; keep under review pending confirmation.,"{""score"":54,""confidence"":0.78,""ring"":""RING-147"",""reason"":""High-risk merchant and amount significantly above customer baseline.""}",
RC00000428,53,0.7800,Elevated-risk investigation for RC00000428; keep under review pending confirmation.,"{""score"":53,""confidence"":0.78,""ring"":""RING-148"",""reason"":""High-risk merchant and amount significantly above customer baseline.""}",
RC00000429,54,0.7800,Elevated-risk investigation for RC00000429; keep under review pending confirmation.,"{""score"":54,""confidence"":0.78,""ring"":""RING-149"",""reason"":""High-risk merchant and amount significantly above customer baseline.""}",
RC00000430,58,0.7800,Elevated-risk investigation for RC00000430; keep under review pending confirmation.,"{""score"":58,""confidence"":0.78,""ring"":""RING-150"",""reason"":""High-risk merchant and amount significantly above customer baseline.""}",
RC00000431,91,0.9100,High-confidence fraud investigation for RC00000431; keep the transaction held and open dispute workflow.,"{""score"":91,""confidence"":0.91,""ring"":""RING-151"",""reason"":""PaySim-style fraud pattern: account depletion via transfer or cash-out.""}",
RC00000432,54,0.7800,Elevated-risk investigation for RC00000432; keep under review pending confirmation.,"{""score"":54,""confidence"":0.78,""ring"":""RING-152"",""reason"":""High-risk merchant and amount significantly above customer baseline.""}",
RC00000433,54,0.7800,Elevated-risk investigation for RC00000433; keep under review pending confirmation.,"{""score"":54,""confidence"":0.78,""ring"":""RING-153"",""reason"":""High-risk merchant and amount significantly above customer baseline.""}",
RC00000434,55,0.7800,Elevated-risk investigation for RC00000434; keep under review pending confirmation.,"{""score"":55,""confidence"":0.78,""ring"":""RING-154"",""reason"":""High-risk merchant and amount significantly above customer baseline.""}",
RC00000435,54,0.7800,Elevated-risk investigation for RC00000435; keep under review pending confirmation.,"{""score"":54,""confidence"":0.78,""ring"":""RING-155"",""reason"":""High-risk merchant and amount significantly above customer baseline.""}",
RC00000436,54,0.7800,Elevated-risk investigation for RC00000436; keep under review pending confirmation.,"{""score"":54,""confidence"":0.78,""ring"":""RING-156"",""reason"":""High-risk merchant and amount significantly above customer baseline.""}",
RC00000437,54,0.7800,Elevated-risk investigation for RC00000437; keep under review pending confirmation.,"{""score"":54,""confidence"":0.78,""ring"":""RING-157"",""reason"":""High-risk merchant and amount significantly above customer baseline.""}",
RC00000438,59,0.7800,Elevated-risk investigation for RC00000438; keep under review pending confirmation.,"{""score"":59,""confidence"":0.78,""ring"":""RING-158"",""reason"":""High-risk merchant and amount significantly above customer baseline.""}",
RC00000439,52,0.7800,Elevated-risk investigation for RC00000439; keep under review pending confirmation.,"{""score"":52,""confidence"":0.78,""ring"":""RING-159"",""reason"":""High-risk merchant and amount significantly above customer baseline.""}",
RC00000440,92,0.9100,High-confidence fraud investigation for RC00000440; keep the transaction held and open dispute workflow.,"{""score"":92,""confidence"":0.91,""ring"":""RING-160"",""reason"":""PaySim-style fraud pattern: account depletion via transfer or cash-out.""}",
RC00000441,57,0.7800,Elevated-risk investigation for RC00000441; keep under review pending confirmation.,"{""score"":57,""confidence"":0.78,""ring"":""RING-161"",""reason"":""High-risk merchant and amount significantly above customer baseline.""}",
RC00000442,52,0.7800,Elevated-risk investigation for RC00000442; keep under review pending confirmation.,"{""score"":52,""confidence"":0.78,""ring"":""RING-162"",""reason"":""High-risk merchant and amount significantly above customer baseline.""}",
RC00000443,56,0.7800,Elevated-risk investigation for RC00000443; keep under review pending confirmation.,"{""score"":56,""confidence"":0.78,""ring"":""RING-163"",""reason"":""High-risk merchant and amount significantly above customer baseline.""}",
RC00000444,56,0.7800,Elevated-risk investigation for RC00000444; keep under review pending confirmation.,"{""score"":56,""confidence"":0.78,""ring"":""RING-164"",""reason"":""High-risk merchant and amount significantly above customer baseline.""}",
RC00000445,55,0.7800,Elevated-risk investigation for RC00000445; keep under review pending confirmation.,"{""score"":55,""confidence"":0.78,""ring"":""RING-165"",""reason"":""High-risk merchant and amount significantly above customer baseline.""}",
RC00000446,95,0.9100,High-confidence fraud investigation for RC00000446; keep the transaction held and open dispute workflow.,"{""score"":95,""confidence"":0.91,""ring"":""RING-166"",""reason"":""PaySim-style fraud pattern: account depletion via transfer or cash-out.""}",
RC00000447,53,0.7800,Elevated-risk investigation for RC00000447; keep under review pending confirmation.,"{""score"":53,""confidence"":0.78,""ring"":""RING-167"",""reason"":""High-risk merchant and amount significantly above customer baseline.""}",
RC00000448,54,0.7800,Elevated-risk investigation for RC00000448; keep under review pending confirmation.,"{""score"":54,""confidence"":0.78,""ring"":""RING-168"",""reason"":""High-risk merchant and amount significantly above customer baseline.""}",
RC00000449,94,0.9100,High-confidence fraud investigation for RC00000449; keep the transaction held and open dispute workflow.,"{""score"":94,""confidence"":0.91,""ring"":""RING-169"",""reason"":""PaySim-style fraud pattern: account depletion via transfer or cash-out.""}",
RC00000450,59,0.7800,Elevated-risk investigation for RC00000450; keep under review pending confirmation.,"{""score"":59,""confidence"":0.78,""ring"":""RING-170"",""reason"":""High-risk merchant and amount significantly above customer baseline.""}",
RC00000451,51,0.7800,Elevated-risk investigation for RC00000451; keep under review pending confirmation.,"{""score"":51,""confidence"":0.78,""ring"":""RING-171"",""reason"":""High-risk merchant and amount significantly above customer baseline.""}",
RC00000452,51,0.7800,Elevated-risk investigation for RC00000452; keep under review pending confirmation.,"{""score"":51,""confidence"":0.78,""ring"":""RING-172"",""reason"":""High-risk merchant and amount significantly above customer baseline.""}",
RC00000453,51,0.7800,Elevated-risk investigation for RC00000453; keep under review pending confirmation.,"{""score"":51,""confidence"":0.78,""ring"":""RING-173"",""reason"":""High-risk merchant and amount significantly above customer baseline.""}",
RC00000454,55,0.7800,Elevated-risk investigation for RC00000454; keep under review pending confirmation.,"{""score"":55,""confidence"":0.78,""ring"":""RING-174"",""reason"":""High-risk merchant and amount significantly above customer baseline.""}",
RC00000455,84,0.7800,Elevated-risk investigation for RC00000455; keep under review pending confirmation.,"{""score"":84,""confidence"":0.78,""ring"":""RING-175"",""reason"":""PaySim-style fraud pattern: account depletion via transfer or cash-out.""}",
RC00000456,54,0.7800,Elevated-risk investigation for RC00000456; keep under review pending confirmation.,"{""score"":54,""confidence"":0.78,""ring"":""RING-176"",""reason"":""High-risk merchant and amount significantly above customer baseline.""}",
RC00000457,54,0.7800,Elevated-risk investigation for RC00000457; keep under review pending confirmation.,"{""score"":54,""confidence"":0.78,""ring"":""RING-177"",""reason"":""High-risk merchant and amount significantly above customer baseline.""}",
RC00000458,54,0.7800,Elevated-risk investigation for RC00000458; keep under review pending confirmation.,"{""score"":54,""confidence"":0.78,""ring"":""RING-178"",""reason"":""High-risk merchant and amount significantly above customer baseline.""}",
RC00000459,87,0.9100,High-confidence fraud investigation for RC00000459; keep the transaction held and open dispute workflow.,"{""score"":87,""confidence"":0.91,""ring"":""RING-179"",""reason"":""PaySim-style fraud pattern: account depletion via transfer or cash-out.""}",
RC00000460,53,0.7800,Elevated-risk investigation for RC00000460; keep under review pending confirmation.,"{""score"":53,""confidence"":0.78,""ring"":""RING-180"",""reason"":""High-risk merchant and amount significantly above customer baseline.""}",
RC00000461,53,0.7800,Elevated-risk investigation for RC00000461; keep under review pending confirmation.,"{""score"":53,""confidence"":0.78,""ring"":""RING-181"",""reason"":""High-risk merchant and amount significantly above customer baseline.""}",
RC00000462,52,0.7800,Elevated-risk investigation for RC00000462; keep under review pending confirmation.,"{""score"":52,""confidence"":0.78,""ring"":""RING-182"",""reason"":""High-risk merchant and amount significantly above customer baseline.""}",
RC00000463,53,0.7800,Elevated-risk investigation for RC00000463; keep under review pending confirmation.,"{""score"":53,""confidence"":0.78,""ring"":""RING-183"",""reason"":""High-risk merchant and amount significantly above customer baseline.""}",
RC00000464,56,0.7800,Elevated-risk investigation for RC00000464; keep under review pending confirmation.,"{""score"":56,""confidence"":0.78,""ring"":""RING-184"",""reason"":""High-risk merchant and amount significantly above customer baseline.""}",
RC00000465,56,0.7800,Elevated-risk investigation for RC00000465; keep under review pending confirmation.,"{""score"":56,""confidence"":0.78,""ring"":""RING-185"",""reason"":""High-risk merchant and amount significantly above customer baseline.""}",
RC00000466,56,0.7800,Elevated-risk investigation for RC00000466; keep under review pending confirmation.,"{""score"":56,""confidence"":0.78,""ring"":""RING-186"",""reason"":""High-risk merchant and amount significantly above customer baseline.""}",
RC00000467,55,0.7800,Elevated-risk investigation for RC00000467; keep under review pending confirmation.,"{""score"":55,""confidence"":0.78,""ring"":""RING-187"",""reason"":""High-risk merchant and amount significantly above customer baseline.""}",
RC00000468,55,0.7800,Elevated-risk investigation for RC00000468; keep under review pending confirmation.,"{""score"":55,""confidence"":0.78,""ring"":""RING-188"",""reason"":""High-risk merchant and amount significantly above customer baseline.""}",
RC00000469,55,0.7800,Elevated-risk investigation for RC00000469; keep under review pending confirmation.,"{""score"":55,""confidence"":0.78,""ring"":""RING-189"",""reason"":""High-risk merchant and amount significantly above customer baseline.""}",
RC00000470,55,0.7800,Elevated-risk investigation for RC00000470; keep under review pending confirmation.,"{""score"":55,""confidence"":0.78,""ring"":""RING-190"",""reason"":""High-risk merchant and amount significantly above customer baseline.""}",
RC00000471,58,0.7800,Elevated-risk investigation for RC00000471; keep under review pending confirmation.,"{""score"":58,""confidence"":0.78,""ring"":""RING-191"",""reason"":""High-risk merchant and amount significantly above customer baseline.""}",
RC00000472,57,0.7800,Elevated-risk investigation for RC00000472; keep under review pending confirmation.,"{""score"":57,""confidence"":0.78,""ring"":""RING-192"",""reason"":""High-risk merchant and amount significantly above customer baseline.""}",
RC00000473,56,0.7800,Elevated-risk investigation for RC00000473; keep under review pending confirmation.,"{""score"":56,""confidence"":0.78,""ring"":""RING-193"",""reason"":""High-risk merchant and amount significantly above customer baseline.""}",
RC00000474,56,0.7800,Elevated-risk investigation for RC00000474; keep under review pending confirmation.,"{""score"":56,""confidence"":0.78,""ring"":""RING-194"",""reason"":""High-risk merchant and amount significantly above customer baseline.""}",
RC00000475,55,0.7800,Elevated-risk investigation for RC00000475; keep under review pending confirmation.,"{""score"":55,""confidence"":0.78,""ring"":""RING-195"",""reason"":""High-risk merchant and amount significantly above customer baseline.""}",
RC00000476,55,0.7800,Elevated-risk investigation for RC00000476; keep under review pending confirmation.,"{""score"":55,""confidence"":0.78,""ring"":""RING-196"",""reason"":""High-risk merchant and amount significantly above customer baseline.""}",
RC00000477,54,0.7800,Elevated-risk investigation for RC00000477; keep under review pending confirmation.,"{""score"":54,""confidence"":0.78,""ring"":""RING-197"",""reason"":""High-risk merchant and amount significantly above customer baseline.""}",
RC00000478,54,0.7800,Elevated-risk investigation for RC00000478; keep under review pending confirmation.,"{""score"":54,""confidence"":0.78,""ring"":""RING-198"",""reason"":""High-risk merchant and amount significantly above customer baseline.""}",
RC00000479,92,0.9100,High-confidence fraud investigation for RC00000479; keep the transaction held and open dispute workflow.,"{""score"":92,""confidence"":0.91,""ring"":""RING-199"",""reason"":""PaySim-style fraud pattern: account depletion via transfer or cash-out.""}",
RC00000480,53,0.7800,Elevated-risk investigation for RC00000480; keep under review pending confirmation.,"{""score"":53,""confidence"":0.78,""ring"":""RING-140"",""reason"":""High-risk merchant and amount significantly above customer baseline.""}",
RC00000481,58,0.7800,Elevated-risk investigation for RC00000481; keep under review pending confirmation.,"{""score"":58,""confidence"":0.78,""ring"":""RING-141"",""reason"":""High-risk merchant and amount significantly above customer baseline.""}",
RC00000482,58,0.7800,Elevated-risk investigation for RC00000482; keep under review pending confirmation.,"{""score"":58,""confidence"":0.78,""ring"":""RING-142"",""reason"":""High-risk merchant and amount significantly above customer baseline.""}",
RC00000483,52,0.7800,Elevated-risk investigation for RC00000483; keep under review pending confirmation.,"{""score"":52,""confidence"":0.78,""ring"":""RING-143"",""reason"":""High-risk merchant and amount significantly above customer baseline.""}",
RC00000484,57,0.7800,Elevated-risk investigation for RC00000484; keep under review pending confirmation.,"{""score"":57,""confidence"":0.78,""ring"":""RING-144"",""reason"":""High-risk merchant and amount significantly above customer baseline.""}",
RC00000485,57,0.7800,Elevated-risk investigation for RC00000485; keep under review pending confirmation.,"{""score"":57,""confidence"":0.78,""ring"":""RING-145"",""reason"":""High-risk merchant and amount significantly above customer baseline.""}",
RC00000486,57,0.7800,Elevated-risk investigation for RC00000486; keep under review pending confirmation.,"{""score"":57,""confidence"":0.78,""ring"":""RING-146"",""reason"":""High-risk merchant and amount significantly above customer baseline.""}",
RC00000487,97,0.9100,High-confidence fraud investigation for RC00000487; keep the transaction held and open dispute workflow.,"{""score"":97,""confidence"":0.91,""ring"":""RING-147"",""reason"":""PaySim-style fraud pattern: account depletion via transfer or cash-out.""}",
RC00000488,53,0.7800,Elevated-risk investigation for RC00000488; keep under review pending confirmation.,"{""score"":53,""confidence"":0.78,""ring"":""RING-148"",""reason"":""High-risk merchant and amount significantly above customer baseline.""}",
RC00000489,53,0.7800,Elevated-risk investigation for RC00000489; keep under review pending confirmation.,"{""score"":53,""confidence"":0.78,""ring"":""RING-149"",""reason"":""High-risk merchant and amount significantly above customer baseline.""}",
RC00000490,51,0.7800,Elevated-risk investigation for RC00000490; keep under review pending confirmation.,"{""score"":51,""confidence"":0.78,""ring"":""RING-150"",""reason"":""High-risk merchant and amount significantly above customer baseline.""}",
RC00000491,52,0.7800,Elevated-risk investigation for RC00000491; keep under review pending confirmation.,"{""score"":52,""confidence"":0.78,""ring"":""RING-151"",""reason"":""High-risk merchant and amount significantly above customer baseline.""}",
RC00000492,52,0.7800,Elevated-risk investigation for RC00000492; keep under review pending confirmation.,"{""score"":52,""confidence"":0.78,""ring"":""RING-152"",""reason"":""High-risk merchant and amount significantly above customer baseline.""}",
RC00000493,51,0.7800,Elevated-risk investigation for RC00000493; keep under review pending confirmation.,"{""score"":51,""confidence"":0.78,""ring"":""RING-153"",""reason"":""High-risk merchant and amount significantly above customer baseline.""}",
RC00000494,52,0.7800,Elevated-risk investigation for RC00000494; keep under review pending confirmation.,"{""score"":52,""confidence"":0.78,""ring"":""RING-154"",""reason"":""High-risk merchant and amount significantly above customer baseline.""}",
RC00000495,51,0.7800,Elevated-risk investigation for RC00000495; keep under review pending confirmation.,"{""score"":51,""confidence"":0.78,""ring"":""RING-155"",""reason"":""High-risk merchant and amount significantly above customer baseline.""}",
RC00000496,55,0.7800,Elevated-risk investigation for RC00000496; keep under review pending confirmation.,"{""score"":55,""confidence"":0.78,""ring"":""RING-156"",""reason"":""High-risk merchant and amount significantly above customer baseline.""}",
RC00000497,55,0.7800,Elevated-risk investigation for RC00000497; keep under review pending confirmation.,"{""score"":55,""confidence"":0.78,""ring"":""RING-157"",""reason"":""High-risk merchant and amount significantly above customer baseline.""}",
RC00000498,53,0.7800,Elevated-risk investigation for RC00000498; keep under review pending confirmation.,"{""score"":53,""confidence"":0.78,""ring"":""RING-158"",""reason"":""High-risk merchant and amount significantly above customer baseline.""}",
RC00000499,54,0.7800,Elevated-risk investigation for RC00000499; keep under review pending confirmation.,"{""score"":54,""confidence"":0.78,""ring"":""RING-159"",""reason"":""High-risk merchant and amount significantly above customer baseline.""}",
RC00000500,54,0.7800,Elevated-risk investigation for RC00000500; keep under review pending confirmation.,"{""score"":54,""confidence"":0.78,""ring"":""RING-160"",""reason"":""High-risk merchant and amount significantly above customer baseline.""}",
RC00000501,53,0.7800,Elevated-risk investigation for RC00000501; keep under review pending confirmation.,"{""score"":53,""confidence"":0.78,""ring"":""RING-161"",""reason"":""High-risk merchant and amount significantly above customer baseline.""}",
RC00000502,53,0.7800,Elevated-risk investigation for RC00000502; keep under review pending confirmation.,"{""score"":53,""confidence"":0.78,""ring"":""RING-162"",""reason"":""High-risk merchant and amount significantly above customer baseline.""}",
RC00000503,55,0.7800,Elevated-risk investigation for RC00000503; keep under review pending confirmation.,"{""score"":55,""confidence"":0.78,""ring"":""RING-163"",""reason"":""High-risk merchant and amount significantly above customer baseline.""}",
RC00000504,55,0.7800,Elevated-risk investigation for RC00000504; keep under review pending confirmation.,"{""score"":55,""confidence"":0.78,""ring"":""RING-164"",""reason"":""High-risk merchant and amount significantly above customer baseline.""}",
RC00000505,55,0.7800,Elevated-risk investigation for RC00000505; keep under review pending confirmation.,"{""score"":55,""confidence"":0.78,""ring"":""RING-165"",""reason"":""High-risk merchant and amount significantly above customer baseline.""}",
RC00000506,57,0.7800,Elevated-risk investigation for RC00000506; keep under review pending confirmation.,"{""score"":57,""confidence"":0.78,""ring"":""RING-166"",""reason"":""High-risk merchant and amount significantly above customer baseline.""}",
RC00000507,54,0.7800,Elevated-risk investigation for RC00000507; keep under review pending confirmation.,"{""score"":54,""confidence"":0.78,""ring"":""RING-167"",""reason"":""High-risk merchant and amount significantly above customer baseline.""}",
RC00000508,54,0.7800,Elevated-risk investigation for RC00000508; keep under review pending confirmation.,"{""score"":54,""confidence"":0.78,""ring"":""RING-168"",""reason"":""High-risk merchant and amount significantly above customer baseline.""}",
RC00000509,53,0.7800,Elevated-risk investigation for RC00000509; keep under review pending confirmation.,"{""score"":53,""confidence"":0.78,""ring"":""RING-169"",""reason"":""High-risk merchant and amount significantly above customer baseline.""}",
RC00000510,53,0.7800,Elevated-risk investigation for RC00000510; keep under review pending confirmation.,"{""score"":53,""confidence"":0.78,""ring"":""RING-170"",""reason"":""High-risk merchant and amount significantly above customer baseline.""}",
RC00000511,86,0.9100,High-confidence fraud investigation for RC00000511; keep the transaction held and open dispute workflow.,"{""score"":86,""confidence"":0.91,""ring"":""RING-171"",""reason"":""PaySim-style fraud pattern: account depletion via transfer or cash-out.""}",
RC00000512,52,0.7800,Elevated-risk investigation for RC00000512; keep under review pending confirmation.,"{""score"":52,""confidence"":0.78,""ring"":""RING-172"",""reason"":""High-risk merchant and amount significantly above customer baseline.""}",
RC00000513,57,0.7800,Elevated-risk investigation for RC00000513; keep under review pending confirmation.,"{""score"":57,""confidence"":0.78,""ring"":""RING-173"",""reason"":""High-risk merchant and amount significantly above customer baseline.""}",
RC00000514,57,0.7800,Elevated-risk investigation for RC00000514; keep under review pending confirmation.,"{""score"":57,""confidence"":0.78,""ring"":""RING-174"",""reason"":""High-risk merchant and amount significantly above customer baseline.""}",
RC00000515,56,0.7800,Elevated-risk investigation for RC00000515; keep under review pending confirmation.,"{""score"":56,""confidence"":0.78,""ring"":""RING-175"",""reason"":""High-risk merchant and amount significantly above customer baseline.""}",
RC00000516,56,0.7800,Elevated-risk investigation for RC00000516; keep under review pending confirmation.,"{""score"":56,""confidence"":0.78,""ring"":""RING-176"",""reason"":""High-risk merchant and amount significantly above customer baseline.""}",
RC00000517,56,0.7800,Elevated-risk investigation for RC00000517; keep under review pending confirmation.,"{""score"":56,""confidence"":0.78,""ring"":""RING-177"",""reason"":""High-risk merchant and amount significantly above customer baseline.""}",
RC00000518,56,0.7800,Elevated-risk investigation for RC00000518; keep under review pending confirmation.,"{""score"":56,""confidence"":0.78,""ring"":""RING-178"",""reason"":""High-risk merchant and amount significantly above customer baseline.""}",
RC00000519,55,0.7800,Elevated-risk investigation for RC00000519; keep under review pending confirmation.,"{""score"":55,""confidence"":0.78,""ring"":""RING-179"",""reason"":""High-risk merchant and amount significantly above customer baseline.""}",
RC00000520,97,0.9100,High-confidence fraud investigation for RC00000520; keep the transaction held and open dispute workflow.,"{""score"":97,""confidence"":0.91,""ring"":""RING-180"",""reason"":""PaySim-style fraud pattern: account depletion via transfer or cash-out.""}",
RC00000521,55,0.7800,Elevated-risk investigation for RC00000521; keep under review pending confirmation.,"{""score"":55,""confidence"":0.78,""ring"":""RING-181"",""reason"":""High-risk merchant and amount significantly above customer baseline.""}",
RC00000522,54,0.7800,Elevated-risk investigation for RC00000522; keep under review pending confirmation.,"{""score"":54,""confidence"":0.78,""ring"":""RING-182"",""reason"":""High-risk merchant and amount significantly above customer baseline.""}",
RC00000523,54,0.7800,Elevated-risk investigation for RC00000523; keep under review pending confirmation.,"{""score"":54,""confidence"":0.78,""ring"":""RING-183"",""reason"":""High-risk merchant and amount significantly above customer baseline.""}",
RC00000524,52,0.7800,Elevated-risk investigation for RC00000524; keep under review pending confirmation.,"{""score"":52,""confidence"":0.78,""ring"":""RING-184"",""reason"":""High-risk merchant and amount significantly above customer baseline.""}",
RC00000525,53,0.7800,Elevated-risk investigation for RC00000525; keep under review pending confirmation.,"{""score"":53,""confidence"":0.78,""ring"":""RING-185"",""reason"":""High-risk merchant and amount significantly above customer baseline.""}",
RC00000526,51,0.7800,Elevated-risk investigation for RC00000526; keep under review pending confirmation.,"{""score"":51,""confidence"":0.78,""ring"":""RING-186"",""reason"":""High-risk merchant and amount significantly above customer baseline.""}",
RC00000527,55,0.7800,Elevated-risk investigation for RC00000527; keep under review pending confirmation.,"{""score"":55,""confidence"":0.78,""ring"":""RING-187"",""reason"":""High-risk merchant and amount significantly above customer baseline.""}",
RC00000528,54,0.7800,Elevated-risk investigation for RC00000528; keep under review pending confirmation.,"{""score"":54,""confidence"":0.78,""ring"":""RING-188"",""reason"":""High-risk merchant and amount significantly above customer baseline.""}",
RC00000529,92,0.9100,High-confidence fraud investigation for RC00000529; keep the transaction held and open dispute workflow.,"{""score"":92,""confidence"":0.91,""ring"":""RING-189"",""reason"":""PaySim-style fraud pattern: account depletion via transfer or cash-out.""}",
RC00000530,53,0.7800,Elevated-risk investigation for RC00000530; keep under review pending confirmation.,"{""score"":53,""confidence"":0.78,""ring"":""RING-190"",""reason"":""High-risk merchant and amount significantly above customer baseline.""}",
RC00000531,53,0.7800,Elevated-risk investigation for RC00000531; keep under review pending confirmation.,"{""score"":53,""confidence"":0.78,""ring"":""RING-191"",""reason"":""High-risk merchant and amount significantly above customer baseline.""}",
RC00000532,53,0.7800,Elevated-risk investigation for RC00000532; keep under review pending confirmation.,"{""score"":53,""confidence"":0.78,""ring"":""RING-192"",""reason"":""High-risk merchant and amount significantly above customer baseline.""}",
RC00000533,52,0.7800,Elevated-risk investigation for RC00000533; keep under review pending confirmation.,"{""score"":52,""confidence"":0.78,""ring"":""RING-193"",""reason"":""High-risk merchant and amount significantly above customer baseline.""}",
RC00000534,52,0.7800,Elevated-risk investigation for RC00000534; keep under review pending confirmation.,"{""score"":52,""confidence"":0.78,""ring"":""RING-194"",""reason"":""High-risk merchant and amount significantly above customer baseline.""}",
RC00000535,57,0.7800,Elevated-risk investigation for RC00000535; keep under review pending confirmation.,"{""score"":57,""confidence"":0.78,""ring"":""RING-195"",""reason"":""High-risk merchant and amount significantly above customer baseline.""}",
RC00000536,97,0.9100,High-confidence fraud investigation for RC00000536; keep the transaction held and open dispute workflow.,"{""score"":97,""confidence"":0.91,""ring"":""RING-196"",""reason"":""PaySim-style fraud pattern: account depletion via transfer or cash-out.""}",
RC00000537,56,0.7800,Elevated-risk investigation for RC00000537; keep under review pending confirmation.,"{""score"":56,""confidence"":0.78,""ring"":""RING-197"",""reason"":""High-risk merchant and amount significantly above customer baseline.""}",
RC00000538,56,0.7800,Elevated-risk investigation for RC00000538; keep under review pending confirmation.,"{""score"":56,""confidence"":0.78,""ring"":""RING-198"",""reason"":""High-risk merchant and amount significantly above customer baseline.""}",
RC00000539,56,0.7800,Elevated-risk investigation for RC00000539; keep under review pending confirmation.,"{""score"":56,""confidence"":0.78,""ring"":""RING-199"",""reason"":""High-risk merchant and amount significantly above customer baseline.""}",
RC00000540,55,0.7800,Elevated-risk investigation for RC00000540; keep under review pending confirmation.,"{""score"":55,""confidence"":0.78,""ring"":""RING-140"",""reason"":""High-risk merchant and amount significantly above customer baseline.""}",
RC00000541,55,0.7800,Elevated-risk investigation for RC00000541; keep under review pending confirmation.,"{""score"":55,""confidence"":0.78,""ring"":""RING-141"",""reason"":""High-risk merchant and amount significantly above customer baseline.""}",
RC00000542,95,0.9100,High-confidence fraud investigation for RC00000542; keep the transaction held and open dispute workflow.,"{""score"":95,""confidence"":0.91,""ring"":""RING-142"",""reason"":""PaySim-style fraud pattern: account depletion via transfer or cash-out.""}",
RC00000543,56,0.7800,Elevated-risk investigation for RC00000543; keep under review pending confirmation.,"{""score"":56,""confidence"":0.78,""ring"":""RING-143"",""reason"":""High-risk merchant and amount significantly above customer baseline.""}",
RC00000544,96,0.9100,High-confidence fraud investigation for RC00000544; keep the transaction held and open dispute workflow.,"{""score"":96,""confidence"":0.91,""ring"":""RING-144"",""reason"":""PaySim-style fraud pattern: account depletion via transfer or cash-out.""}",
RC00000545,55,0.7800,Elevated-risk investigation for RC00000545; keep under review pending confirmation.,"{""score"":55,""confidence"":0.78,""ring"":""RING-145"",""reason"":""High-risk merchant and amount significantly above customer baseline.""}",
RC00000546,55,0.7800,Elevated-risk investigation for RC00000546; keep under review pending confirmation.,"{""score"":55,""confidence"":0.78,""ring"":""RING-146"",""reason"":""High-risk merchant and amount significantly above customer baseline.""}",
RC00000547,55,0.7800,Elevated-risk investigation for RC00000547; keep under review pending confirmation.,"{""score"":55,""confidence"":0.78,""ring"":""RING-147"",""reason"":""High-risk merchant and amount significantly above customer baseline.""}",
RC00000548,54,0.7800,Elevated-risk investigation for RC00000548; keep under review pending confirmation.,"{""score"":54,""confidence"":0.78,""ring"":""RING-148"",""reason"":""High-risk merchant and amount significantly above customer baseline.""}",
RC00000549,54,0.7800,Elevated-risk investigation for RC00000549; keep under review pending confirmation.,"{""score"":54,""confidence"":0.78,""ring"":""RING-149"",""reason"":""High-risk merchant and amount significantly above customer baseline.""}",
RC00000550,53,0.7800,Elevated-risk investigation for RC00000550; keep under review pending confirmation.,"{""score"":53,""confidence"":0.78,""ring"":""RING-150"",""reason"":""High-risk merchant and amount significantly above customer baseline.""}",
RC00000551,90,0.9100,High-confidence fraud investigation for RC00000551; keep the transaction held and open dispute workflow.,"{""score"":90,""confidence"":0.91,""ring"":""RING-151"",""reason"":""PaySim-style fraud pattern: account depletion via transfer or cash-out.""}",
RC00000552,58,0.7800,Elevated-risk investigation for RC00000552; keep under review pending confirmation.,"{""score"":58,""confidence"":0.78,""ring"":""RING-152"",""reason"":""High-risk merchant and amount significantly above customer baseline.""}",
RC00000553,57,0.7800,Elevated-risk investigation for RC00000553; keep under review pending confirmation.,"{""score"":57,""confidence"":0.78,""ring"":""RING-153"",""reason"":""High-risk merchant and amount significantly above customer baseline.""}",
RC00000554,52,0.7800,Elevated-risk investigation for RC00000554; keep under review pending confirmation.,"{""score"":52,""confidence"":0.78,""ring"":""RING-154"",""reason"":""High-risk merchant and amount significantly above customer baseline.""}",
RC00000555,56,0.7800,Elevated-risk investigation for RC00000555; keep under review pending confirmation.,"{""score"":56,""confidence"":0.78,""ring"":""RING-155"",""reason"":""High-risk merchant and amount significantly above customer baseline.""}",
RC00000556,53,0.7800,Elevated-risk investigation for RC00000556; keep under review pending confirmation.,"{""score"":53,""confidence"":0.78,""ring"":""RING-156"",""reason"":""High-risk merchant and amount significantly above customer baseline.""}",
RC00000557,52,0.7800,Elevated-risk investigation for RC00000557; keep under review pending confirmation.,"{""score"":52,""confidence"":0.78,""ring"":""RING-157"",""reason"":""High-risk merchant and amount significantly above customer baseline.""}",
RC00000558,89,0.9100,High-confidence fraud investigation for RC00000558; keep the transaction held and open dispute workflow.,"{""score"":89,""confidence"":0.91,""ring"":""RING-158"",""reason"":""PaySim-style fraud pattern: account depletion via transfer or cash-out.""}",
RC00000559,57,0.7800,Elevated-risk investigation for RC00000559; keep under review pending confirmation.,"{""score"":57,""confidence"":0.78,""ring"":""RING-159"",""reason"":""High-risk merchant and amount significantly above customer baseline.""}",
RC00000560,51,0.7800,Elevated-risk investigation for RC00000560; keep under review pending confirmation.,"{""score"":51,""confidence"":0.78,""ring"":""RING-160"",""reason"":""High-risk merchant and amount significantly above customer baseline.""}",
RC00000561,51,0.7800,Elevated-risk investigation for RC00000561; keep under review pending confirmation.,"{""score"":51,""confidence"":0.78,""ring"":""RING-161"",""reason"":""High-risk merchant and amount significantly above customer baseline.""}",
RC00000562,55,0.7800,Elevated-risk investigation for RC00000562; keep under review pending confirmation.,"{""score"":55,""confidence"":0.78,""ring"":""RING-162"",""reason"":""High-risk merchant and amount significantly above customer baseline.""}",
RC00000563,56,0.7800,Elevated-risk investigation for RC00000563; keep under review pending confirmation.,"{""score"":56,""confidence"":0.78,""ring"":""RING-163"",""reason"":""High-risk merchant and amount significantly above customer baseline.""}",
RC00000564,55,0.7800,Elevated-risk investigation for RC00000564; keep under review pending confirmation.,"{""score"":55,""confidence"":0.78,""ring"":""RING-164"",""reason"":""High-risk merchant and amount significantly above customer baseline.""}",
RC00000565,94,0.9100,High-confidence fraud investigation for RC00000565; keep the transaction held and open dispute workflow.,"{""score"":94,""confidence"":0.91,""ring"":""RING-165"",""reason"":""PaySim-style fraud pattern: account depletion via transfer or cash-out.""}",
RC00000566,54,0.7800,Elevated-risk investigation for RC00000566; keep under review pending confirmation.,"{""score"":54,""confidence"":0.78,""ring"":""RING-166"",""reason"":""High-risk merchant and amount significantly above customer baseline.""}",
RC00000567,54,0.7800,Elevated-risk investigation for RC00000567; keep under review pending confirmation.,"{""score"":54,""confidence"":0.78,""ring"":""RING-167"",""reason"":""High-risk merchant and amount significantly above customer baseline.""}",
RC00000568,54,0.7800,Elevated-risk investigation for RC00000568; keep under review pending confirmation.,"{""score"":54,""confidence"":0.78,""ring"":""RING-168"",""reason"":""High-risk merchant and amount significantly above customer baseline.""}",
RC00000569,55,0.7800,Elevated-risk investigation for RC00000569; keep under review pending confirmation.,"{""score"":55,""confidence"":0.78,""ring"":""RING-169"",""reason"":""High-risk merchant and amount significantly above customer baseline.""}",
RC00000570,54,0.7800,Elevated-risk investigation for RC00000570; keep under review pending confirmation.,"{""score"":54,""confidence"":0.78,""ring"":""RING-170"",""reason"":""High-risk merchant and amount significantly above customer baseline.""}",
RC00000571,54,0.7800,Elevated-risk investigation for RC00000571; keep under review pending confirmation.,"{""score"":54,""confidence"":0.78,""ring"":""RING-171"",""reason"":""High-risk merchant and amount significantly above customer baseline.""}",
RC00000572,93,0.9100,High-confidence fraud investigation for RC00000572; keep the transaction held and open dispute workflow.,"{""score"":93,""confidence"":0.91,""ring"":""RING-172"",""reason"":""PaySim-style fraud pattern: account depletion via transfer or cash-out.""}",
RC00000573,53,0.7800,Elevated-risk investigation for RC00000573; keep under review pending confirmation.,"{""score"":53,""confidence"":0.78,""ring"":""RING-173"",""reason"":""High-risk merchant and amount significantly above customer baseline.""}",
RC00000574,53,0.7800,Elevated-risk investigation for RC00000574; keep under review pending confirmation.,"{""score"":53,""confidence"":0.78,""ring"":""RING-174"",""reason"":""High-risk merchant and amount significantly above customer baseline.""}",
RC00000575,53,0.7800,Elevated-risk investigation for RC00000575; keep under review pending confirmation.,"{""score"":53,""confidence"":0.78,""ring"":""RING-175"",""reason"":""High-risk merchant and amount significantly above customer baseline.""}",
RC00000576,57,0.7800,Elevated-risk investigation for RC00000576; keep under review pending confirmation.,"{""score"":57,""confidence"":0.78,""ring"":""RING-176"",""reason"":""High-risk merchant and amount significantly above customer baseline.""}",
RC00000577,52,0.7800,Elevated-risk investigation for RC00000577; keep under review pending confirmation.,"{""score"":52,""confidence"":0.78,""ring"":""RING-177"",""reason"":""High-risk merchant and amount significantly above customer baseline.""}",
RC00000578,52,0.7800,Elevated-risk investigation for RC00000578; keep under review pending confirmation.,"{""score"":52,""confidence"":0.78,""ring"":""RING-178"",""reason"":""High-risk merchant and amount significantly above customer baseline.""}",
RC00000579,57,0.7800,Elevated-risk investigation for RC00000579; keep under review pending confirmation.,"{""score"":57,""confidence"":0.78,""ring"":""RING-179"",""reason"":""High-risk merchant and amount significantly above customer baseline.""}",
RC00000580,98,0.9100,High-confidence fraud investigation for RC00000580; keep the transaction held and open dispute workflow.,"{""score"":98,""confidence"":0.91,""ring"":""RING-180"",""reason"":""PaySim-style fraud pattern: account depletion via transfer or cash-out.""}",
RC00000581,56,0.7800,Elevated-risk investigation for RC00000581; keep under review pending confirmation.,"{""score"":56,""confidence"":0.78,""ring"":""RING-181"",""reason"":""High-risk merchant and amount significantly above customer baseline.""}",
RC00000582,55,0.7800,Elevated-risk investigation for RC00000582; keep under review pending confirmation.,"{""score"":55,""confidence"":0.78,""ring"":""RING-182"",""reason"":""High-risk merchant and amount significantly above customer baseline.""}",
RC00000583,54,0.7800,Elevated-risk investigation for RC00000583; keep under review pending confirmation.,"{""score"":54,""confidence"":0.78,""ring"":""RING-183"",""reason"":""High-risk merchant and amount significantly above customer baseline.""}",
RC00000584,53,0.7800,Elevated-risk investigation for RC00000584; keep under review pending confirmation.,"{""score"":53,""confidence"":0.78,""ring"":""RING-184"",""reason"":""High-risk merchant and amount significantly above customer baseline.""}",
RC00000585,54,0.7800,Elevated-risk investigation for RC00000585; keep under review pending confirmation.,"{""score"":54,""confidence"":0.78,""ring"":""RING-185"",""reason"":""High-risk merchant and amount significantly above customer baseline.""}",
RC00000586,89,0.9100,High-confidence fraud investigation for RC00000586; keep the transaction held and open dispute workflow.,"{""score"":89,""confidence"":0.91,""ring"":""RING-186"",""reason"":""PaySim-style fraud pattern: account depletion via transfer or cash-out.""}",
RC00000587,58,0.7800,Elevated-risk investigation for RC00000587; keep under review pending confirmation.,"{""score"":58,""confidence"":0.78,""ring"":""RING-187"",""reason"":""High-risk merchant and amount significantly above customer baseline.""}",
RC00000588,99,0.9100,High-confidence fraud investigation for RC00000588; keep the transaction held and open dispute workflow.,"{""score"":99,""confidence"":0.91,""ring"":""RING-188"",""reason"":""PaySim-style fraud pattern: account depletion via transfer or cash-out.""}",
RC00000589,54,0.7800,Elevated-risk investigation for RC00000589; keep under review pending confirmation.,"{""score"":54,""confidence"":0.78,""ring"":""RING-189"",""reason"":""High-risk merchant and amount significantly above customer baseline.""}",
RC00000590,53,0.7800,Elevated-risk investigation for RC00000590; keep under review pending confirmation.,"{""score"":53,""confidence"":0.78,""ring"":""RING-190"",""reason"":""High-risk merchant and amount significantly above customer baseline.""}",
RC00000591,53,0.7800,Elevated-risk investigation for RC00000591; keep under review pending confirmation.,"{""score"":53,""confidence"":0.78,""ring"":""RING-191"",""reason"":""High-risk merchant and amount significantly above customer baseline.""}",
RC00000592,54,0.7800,Elevated-risk investigation for RC00000592; keep under review pending confirmation.,"{""score"":54,""confidence"":0.78,""ring"":""RING-192"",""reason"":""High-risk merchant and amount significantly above customer baseline.""}",
RC00000593,54,0.7800,Elevated-risk investigation for RC00000593; keep under review pending confirmation.,"{""score"":54,""confidence"":0.78,""ring"":""RING-193"",""reason"":""High-risk merchant and amount significantly above customer baseline.""}",
RC00000594,93,0.9100,High-confidence fraud investigation for RC00000594; keep the transaction held and open dispute workflow.,"{""score"":93,""confidence"":0.91,""ring"":""RING-194"",""reason"":""PaySim-style fraud pattern: account depletion via transfer or cash-out.""}",
RC00000595,53,0.7800,Elevated-risk investigation for RC00000595; keep under review pending confirmation.,"{""score"":53,""confidence"":0.78,""ring"":""RING-195"",""reason"":""High-risk merchant and amount significantly above customer baseline.""}",
RC00000596,90,0.9100,High-confidence fraud investigation for RC00000596; keep the transaction held and open dispute workflow.,"{""score"":90,""confidence"":0.91,""ring"":""RING-196"",""reason"":""PaySim-style fraud pattern: account depletion via transfer or cash-out.""}",
RC00000597,52,0.7800,Elevated-risk investigation for RC00000597; keep under review pending confirmation.,"{""score"":52,""confidence"":0.78,""ring"":""RING-197"",""reason"":""High-risk merchant and amount significantly above customer baseline.""}",
RC00000598,56,0.7800,Elevated-risk investigation for RC00000598; keep under review pending confirmation.,"{""score"":56,""confidence"":0.78,""ring"":""RING-198"",""reason"":""High-risk merchant and amount significantly above customer baseline.""}",
RC00000599,56,0.7800,Elevated-risk investigation for RC00000599; keep under review pending confirmation.,"{""score"":56,""confidence"":0.78,""ring"":""RING-199"",""reason"":""High-risk merchant and amount significantly above customer baseline.""}",
RC00000600,55,0.7800,Elevated-risk investigation for RC00000600; keep under review pending confirmation.,"{""score"":55,""confidence"":0.78,""ring"":""RING-140"",""reason"":""High-risk merchant and amount significantly above customer baseline.""}",
RC00000601,97,0.9100,High-confidence fraud investigation for RC00000601; keep the transaction held and open dispute workflow.,"{""score"":97,""confidence"":0.91,""ring"":""RING-141"",""reason"":""PaySim-style fraud pattern: account depletion via transfer or cash-out.""}",
RC00000602,55,0.7800,Elevated-risk investigation for RC00000602; keep under review pending confirmation.,"{""score"":55,""confidence"":0.78,""ring"":""RING-142"",""reason"":""High-risk merchant and amount significantly above customer baseline.""}",
RC00000603,95,0.9100,High-confidence fraud investigation for RC00000603; keep the transaction held and open dispute workflow.,"{""score"":95,""confidence"":0.91,""ring"":""RING-143"",""reason"":""PaySim-style fraud pattern: account depletion via transfer or cash-out.""}",
RC00000604,54,0.7800,Elevated-risk investigation for RC00000604; keep under review pending confirmation.,"{""score"":54,""confidence"":0.78,""ring"":""RING-144"",""reason"":""High-risk merchant and amount significantly above customer baseline.""}",
RC00000605,92,0.9100,High-confidence fraud investigation for RC00000605; keep the transaction held and open dispute workflow.,"{""score"":92,""confidence"":0.91,""ring"":""RING-145"",""reason"":""PaySim-style fraud pattern: account depletion via transfer or cash-out.""}",
RC00000606,55,0.7800,Elevated-risk investigation for RC00000606; keep under review pending confirmation.,"{""score"":55,""confidence"":0.78,""ring"":""RING-146"",""reason"":""High-risk merchant and amount significantly above customer baseline.""}",
RC00000607,55,0.7800,Elevated-risk investigation for RC00000607; keep under review pending confirmation.,"{""score"":55,""confidence"":0.78,""ring"":""RING-147"",""reason"":""High-risk merchant and amount significantly above customer baseline.""}",
RC00000608,55,0.7800,Elevated-risk investigation for RC00000608; keep under review pending confirmation.,"{""score"":55,""confidence"":0.78,""ring"":""RING-148"",""reason"":""High-risk merchant and amount significantly above customer baseline.""}",
RC00000609,55,0.7800,Elevated-risk investigation for RC00000609; keep under review pending confirmation.,"{""score"":55,""confidence"":0.78,""ring"":""RING-149"",""reason"":""High-risk merchant and amount significantly above customer baseline.""}",
RC00000610,96,0.9100,High-confidence fraud investigation for RC00000610; keep the transaction held and open dispute workflow.,"{""score"":96,""confidence"":0.91,""ring"":""RING-150"",""reason"":""PaySim-style fraud pattern: account depletion via transfer or cash-out.""}",
RC00000611,55,0.7800,Elevated-risk investigation for RC00000611; keep under review pending confirmation.,"{""score"":55,""confidence"":0.78,""ring"":""RING-151"",""reason"":""High-risk merchant and amount significantly above customer baseline.""}",
RC00000612,94,0.9100,High-confidence fraud investigation for RC00000612; keep the transaction held and open dispute workflow.,"{""score"":94,""confidence"":0.91,""ring"":""RING-152"",""reason"":""PaySim-style fraud pattern: account depletion via transfer or cash-out.""}",
RC00000613,58,0.7800,Elevated-risk investigation for RC00000613; keep under review pending confirmation.,"{""score"":58,""confidence"":0.78,""ring"":""RING-153"",""reason"":""High-risk merchant and amount significantly above customer baseline.""}",
RC00000614,52,0.7800,Elevated-risk investigation for RC00000614; keep under review pending confirmation.,"{""score"":52,""confidence"":0.78,""ring"":""RING-154"",""reason"":""High-risk merchant and amount significantly above customer baseline.""}",
RC00000615,57,0.7800,Elevated-risk investigation for RC00000615; keep under review pending confirmation.,"{""score"":57,""confidence"":0.78,""ring"":""RING-155"",""reason"":""High-risk merchant and amount significantly above customer baseline.""}",
RC00000616,57,0.7800,Elevated-risk investigation for RC00000616; keep under review pending confirmation.,"{""score"":57,""confidence"":0.78,""ring"":""RING-156"",""reason"":""High-risk merchant and amount significantly above customer baseline.""}",
RC00000617,88,0.9100,High-confidence fraud investigation for RC00000617; keep the transaction held and open dispute workflow.,"{""score"":88,""confidence"":0.91,""ring"":""RING-157"",""reason"":""PaySim-style fraud pattern: account depletion via transfer or cash-out.""}",
RC00000618,96,0.9100,High-confidence fraud investigation for RC00000618; keep the transaction held and open dispute workflow.,"{""score"":96,""confidence"":0.91,""ring"":""RING-158"",""reason"":""PaySim-style fraud pattern: account depletion via transfer or cash-out.""}",
RC00000619,52,0.7800,Elevated-risk investigation for RC00000619; keep under review pending confirmation.,"{""score"":52,""confidence"":0.78,""ring"":""RING-159"",""reason"":""High-risk merchant and amount significantly above customer baseline.""}",
RC00000620,51,0.7800,Elevated-risk investigation for RC00000620; keep under review pending confirmation.,"{""score"":51,""confidence"":0.78,""ring"":""RING-160"",""reason"":""High-risk merchant and amount significantly above customer baseline.""}",
RC00000621,83,0.7800,Elevated-risk investigation for RC00000621; keep under review pending confirmation.,"{""score"":83,""confidence"":0.78,""ring"":""RING-161"",""reason"":""PaySim-style fraud pattern: account depletion via transfer or cash-out.""}",
RC00000622,51,0.7800,Elevated-risk investigation for RC00000622; keep under review pending confirmation.,"{""score"":51,""confidence"":0.78,""ring"":""RING-162"",""reason"":""High-risk merchant and amount significantly above customer baseline.""}",
RC00000623,52,0.7800,Elevated-risk investigation for RC00000623; keep under review pending confirmation.,"{""score"":52,""confidence"":0.78,""ring"":""RING-163"",""reason"":""High-risk merchant and amount significantly above customer baseline.""}",
RC00000624,52,0.7800,Elevated-risk investigation for RC00000624; keep under review pending confirmation.,"{""score"":52,""confidence"":0.78,""ring"":""RING-164"",""reason"":""High-risk merchant and amount significantly above customer baseline.""}",
RC00000625,90,0.9100,High-confidence fraud investigation for RC00000625; keep the transaction held and open dispute workflow.,"{""score"":90,""confidence"":0.91,""ring"":""RING-165"",""reason"":""PaySim-style fraud pattern: account depletion via transfer or cash-out.""}",
RC00000626,87,0.9100,High-confidence fraud investigation for RC00000626; keep the transaction held and open dispute workflow.,"{""score"":87,""confidence"":0.91,""ring"":""RING-166"",""reason"":""PaySim-style fraud pattern: account depletion via transfer or cash-out.""}",
RC00000627,55,0.7800,Elevated-risk investigation for RC00000627; keep under review pending confirmation.,"{""score"":55,""confidence"":0.78,""ring"":""RING-167"",""reason"":""High-risk merchant and amount significantly above customer baseline.""}",
RC00000628,54,0.7800,Elevated-risk investigation for RC00000628; keep under review pending confirmation.,"{""score"":54,""confidence"":0.78,""ring"":""RING-168"",""reason"":""High-risk merchant and amount significantly above customer baseline.""}",
RC00000629,94,0.9100,High-confidence fraud investigation for RC00000629; keep the transaction held and open dispute workflow.,"{""score"":94,""confidence"":0.91,""ring"":""RING-169"",""reason"":""PaySim-style fraud pattern: account depletion via transfer or cash-out.""}",
RC00000630,54,0.7800,Elevated-risk investigation for RC00000630; keep under review pending confirmation.,"{""score"":54,""confidence"":0.78,""ring"":""RING-170"",""reason"":""High-risk merchant and amount significantly above customer baseline.""}",
RC00000631,53,0.7800,Elevated-risk investigation for RC00000631; keep under review pending confirmation.,"{""score"":53,""confidence"":0.78,""ring"":""RING-171"",""reason"":""High-risk merchant and amount significantly above customer baseline.""}",
RC00000632,53,0.7800,Elevated-risk investigation for RC00000632; keep under review pending confirmation.,"{""score"":53,""confidence"":0.78,""ring"":""RING-172"",""reason"":""High-risk merchant and amount significantly above customer baseline.""}",
RC00000633,92,0.9100,High-confidence fraud investigation for RC00000633; keep the transaction held and open dispute workflow.,"{""score"":92,""confidence"":0.91,""ring"":""RING-173"",""reason"":""PaySim-style fraud pattern: account depletion via transfer or cash-out.""}",
RC00000634,57,0.7800,Elevated-risk investigation for RC00000634; keep under review pending confirmation.,"{""score"":57,""confidence"":0.78,""ring"":""RING-174"",""reason"":""High-risk merchant and amount significantly above customer baseline.""}",
RC00000635,54,0.7800,Elevated-risk investigation for RC00000635; keep under review pending confirmation.,"{""score"":54,""confidence"":0.78,""ring"":""RING-175"",""reason"":""High-risk merchant and amount significantly above customer baseline.""}",
RC00000636,56,0.7800,Elevated-risk investigation for RC00000636; keep under review pending confirmation.,"{""score"":56,""confidence"":0.78,""ring"":""RING-176"",""reason"":""High-risk merchant and amount significantly above customer baseline.""}",
RC00000637,53,0.7800,Elevated-risk investigation for RC00000637; keep under review pending confirmation.,"{""score"":53,""confidence"":0.78,""ring"":""RING-177"",""reason"":""High-risk merchant and amount significantly above customer baseline.""}",
RC00000638,86,0.9100,High-confidence fraud investigation for RC00000638; keep the transaction held and open dispute workflow.,"{""score"":86,""confidence"":0.91,""ring"":""RING-178"",""reason"":""PaySim-style fraud pattern: account depletion via transfer or cash-out.""}",
RC00000639,54,0.7800,Elevated-risk investigation for RC00000639; keep under review pending confirmation.,"{""score"":54,""confidence"":0.78,""ring"":""RING-179"",""reason"":""High-risk merchant and amount significantly above customer baseline.""}",
RC00000640,53,0.7800,Elevated-risk investigation for RC00000640; keep under review pending confirmation.,"{""score"":53,""confidence"":0.78,""ring"":""RING-180"",""reason"":""High-risk merchant and amount significantly above customer baseline.""}",
RC00000641,93,0.9100,High-confidence fraud investigation for RC00000641; keep the transaction held and open dispute workflow.,"{""score"":93,""confidence"":0.91,""ring"":""RING-181"",""reason"":""PaySim-style fraud pattern: account depletion via transfer or cash-out.""}",
RC00000642,57,0.7800,Elevated-risk investigation for RC00000642; keep under review pending confirmation.,"{""score"":57,""confidence"":0.78,""ring"":""RING-182"",""reason"":""High-risk merchant and amount significantly above customer baseline.""}",
RC00000643,52,0.7800,Elevated-risk investigation for RC00000643; keep under review pending confirmation.,"{""score"":52,""confidence"":0.78,""ring"":""RING-183"",""reason"":""High-risk merchant and amount significantly above customer baseline.""}",
RC00000644,56,0.7800,Elevated-risk investigation for RC00000644; keep under review pending confirmation.,"{""score"":56,""confidence"":0.78,""ring"":""RING-184"",""reason"":""High-risk merchant and amount significantly above customer baseline.""}",
RC00000645,56,0.7800,Elevated-risk investigation for RC00000645; keep under review pending confirmation.,"{""score"":56,""confidence"":0.78,""ring"":""RING-185"",""reason"":""High-risk merchant and amount significantly above customer baseline.""}",
RC00000646,88,0.9100,High-confidence fraud investigation for RC00000646; keep the transaction held and open dispute workflow.,"{""score"":88,""confidence"":0.91,""ring"":""RING-186"",""reason"":""PaySim-style fraud pattern: account depletion via transfer or cash-out.""}",
RC00000647,55,0.7800,Elevated-risk investigation for RC00000647; keep under review pending confirmation.,"{""score"":55,""confidence"":0.78,""ring"":""RING-187"",""reason"":""High-risk merchant and amount significantly above customer baseline.""}",
RC00000648,55,0.7800,Elevated-risk investigation for RC00000648; keep under review pending confirmation.,"{""score"":55,""confidence"":0.78,""ring"":""RING-188"",""reason"":""High-risk merchant and amount significantly above customer baseline.""}",
RC00000649,95,0.9100,High-confidence fraud investigation for RC00000649; keep the transaction held and open dispute workflow.,"{""score"":95,""confidence"":0.91,""ring"":""RING-189"",""reason"":""PaySim-style fraud pattern: account depletion via transfer or cash-out.""}",
RC00000650,95,0.9100,High-confidence fraud investigation for RC00000650; keep the transaction held and open dispute workflow.,"{""score"":95,""confidence"":0.91,""ring"":""RING-190"",""reason"":""PaySim-style fraud pattern: account depletion via transfer or cash-out.""}",
RC00000651,53,0.7800,Elevated-risk investigation for RC00000651; keep under review pending confirmation.,"{""score"":53,""confidence"":0.78,""ring"":""RING-191"",""reason"":""High-risk merchant and amount significantly above customer baseline.""}",
RC00000652,53,0.7800,Elevated-risk investigation for RC00000652; keep under review pending confirmation.,"{""score"":53,""confidence"":0.78,""ring"":""RING-192"",""reason"":""High-risk merchant and amount significantly above customer baseline.""}",
RC00000653,58,0.7800,Elevated-risk investigation for RC00000653; keep under review pending confirmation.,"{""score"":58,""confidence"":0.78,""ring"":""RING-193"",""reason"":""High-risk merchant and amount significantly above customer baseline.""}",
RC00000654,57,0.7800,Elevated-risk investigation for RC00000654; keep under review pending confirmation.,"{""score"":57,""confidence"":0.78,""ring"":""RING-194"",""reason"":""High-risk merchant and amount significantly above customer baseline.""}",
RC00000655,89,0.9100,High-confidence fraud investigation for RC00000655; keep the transaction held and open dispute workflow.,"{""score"":89,""confidence"":0.91,""ring"":""RING-195"",""reason"":""PaySim-style fraud pattern: account depletion via transfer or cash-out.""}",
RC00000656,53,0.7800,Elevated-risk investigation for RC00000656; keep under review pending confirmation.,"{""score"":53,""confidence"":0.78,""ring"":""RING-196"",""reason"":""High-risk merchant and amount significantly above customer baseline.""}",
RC00000657,87,0.9100,High-confidence fraud investigation for RC00000657; keep the transaction held and open dispute workflow.,"{""score"":87,""confidence"":0.91,""ring"":""RING-197"",""reason"":""PaySim-style fraud pattern: account depletion via transfer or cash-out.""}",
RC00000658,54,0.7800,Elevated-risk investigation for RC00000658; keep under review pending confirmation.,"{""score"":54,""confidence"":0.78,""ring"":""RING-198"",""reason"":""High-risk merchant and amount significantly above customer baseline.""}",
RC00000659,87,0.9100,High-confidence fraud investigation for RC00000659; keep the transaction held and open dispute workflow.,"{""score"":87,""confidence"":0.91,""ring"":""RING-199"",""reason"":""PaySim-style fraud pattern: account depletion via transfer or cash-out.""}",
RC00000660,53,0.7800,Elevated-risk investigation for RC00000660; keep under review pending confirmation.,"{""score"":53,""confidence"":0.78,""ring"":""RING-140"",""reason"":""High-risk merchant and amount significantly above customer baseline.""}",
RC00000661,53,0.7800,Elevated-risk investigation for RC00000661; keep under review pending confirmation.,"{""score"":53,""confidence"":0.78,""ring"":""RING-141"",""reason"":""High-risk merchant and amount significantly above customer baseline.""}",
RC00000662,52,0.7800,Elevated-risk investigation for RC00000662; keep under review pending confirmation.,"{""score"":52,""confidence"":0.78,""ring"":""RING-142"",""reason"":""High-risk merchant and amount significantly above customer baseline.""}",
RC00000663,52,0.7800,Elevated-risk investigation for RC00000663; keep under review pending confirmation.,"{""score"":52,""confidence"":0.78,""ring"":""RING-143"",""reason"":""High-risk merchant and amount significantly above customer baseline.""}",
RC00000664,91,0.9100,High-confidence fraud investigation for RC00000664; keep the transaction held and open dispute workflow.,"{""score"":91,""confidence"":0.91,""ring"":""RING-144"",""reason"":""PaySim-style fraud pattern: account depletion via transfer or cash-out.""}",
RC00000665,52,0.7800,Elevated-risk investigation for RC00000665; keep under review pending confirmation.,"{""score"":52,""confidence"":0.78,""ring"":""RING-145"",""reason"":""High-risk merchant and amount significantly above customer baseline.""}",
RC00000666,89,0.9100,High-confidence fraud investigation for RC00000666; keep the transaction held and open dispute workflow.,"{""score"":89,""confidence"":0.91,""ring"":""RING-146"",""reason"":""PaySim-style fraud pattern: account depletion via transfer or cash-out.""}",
RC00000667,56,0.7800,Elevated-risk investigation for RC00000667; keep under review pending confirmation.,"{""score"":56,""confidence"":0.78,""ring"":""RING-147"",""reason"":""High-risk merchant and amount significantly above customer baseline.""}",
RC00000668,55,0.7800,Elevated-risk investigation for RC00000668; keep under review pending confirmation.,"{""score"":55,""confidence"":0.78,""ring"":""RING-148"",""reason"":""High-risk merchant and amount significantly above customer baseline.""}",
RC00000669,55,0.7800,Elevated-risk investigation for RC00000669; keep under review pending confirmation.,"{""score"":55,""confidence"":0.78,""ring"":""RING-149"",""reason"":""High-risk merchant and amount significantly above customer baseline.""}",
RC00000670,54,0.7800,Elevated-risk investigation for RC00000670; keep under review pending confirmation.,"{""score"":54,""confidence"":0.78,""ring"":""RING-150"",""reason"":""High-risk merchant and amount significantly above customer baseline.""}",
RC00000671,54,0.7800,Elevated-risk investigation for RC00000671; keep under review pending confirmation.,"{""score"":54,""confidence"":0.78,""ring"":""RING-151"",""reason"":""High-risk merchant and amount significantly above customer baseline.""}",
RC00000672,95,0.9100,High-confidence fraud investigation for RC00000672; keep the transaction held and open dispute workflow.,"{""score"":95,""confidence"":0.91,""ring"":""RING-152"",""reason"":""PaySim-style fraud pattern: account depletion via transfer or cash-out.""}",
RC00000673,93,0.9100,High-confidence fraud investigation for RC00000673; keep the transaction held and open dispute workflow.,"{""score"":93,""confidence"":0.91,""ring"":""RING-153"",""reason"":""PaySim-style fraud pattern: account depletion via transfer or cash-out.""}",
RC00000674,56,0.7800,Elevated-risk investigation for RC00000674; keep under review pending confirmation.,"{""score"":56,""confidence"":0.78,""ring"":""RING-154"",""reason"":""High-risk merchant and amount significantly above customer baseline.""}",
RC00000675,55,0.7800,Elevated-risk investigation for RC00000675; keep under review pending confirmation.,"{""score"":55,""confidence"":0.78,""ring"":""RING-155"",""reason"":""High-risk merchant and amount significantly above customer baseline.""}",
RC00000676,55,0.7800,Elevated-risk investigation for RC00000676; keep under review pending confirmation.,"{""score"":55,""confidence"":0.78,""ring"":""RING-156"",""reason"":""High-risk merchant and amount significantly above customer baseline.""}",
RC00000677,55,0.7800,Elevated-risk investigation for RC00000677; keep under review pending confirmation.,"{""score"":55,""confidence"":0.78,""ring"":""RING-157"",""reason"":""High-risk merchant and amount significantly above customer baseline.""}",
RC00000678,54,0.7800,Elevated-risk investigation for RC00000678; keep under review pending confirmation.,"{""score"":54,""confidence"":0.78,""ring"":""RING-158"",""reason"":""High-risk merchant and amount significantly above customer baseline.""}",
RC00000679,54,0.7800,Elevated-risk investigation for RC00000679; keep under review pending confirmation.,"{""score"":54,""confidence"":0.78,""ring"":""RING-159"",""reason"":""High-risk merchant and amount significantly above customer baseline.""}",
RC00000680,94,0.9100,High-confidence fraud investigation for RC00000680; keep the transaction held and open dispute workflow.,"{""score"":94,""confidence"":0.91,""ring"":""RING-160"",""reason"":""PaySim-style fraud pattern: account depletion via transfer or cash-out.""}",
RC00000681,92,0.9100,High-confidence fraud investigation for RC00000681; keep the transaction held and open dispute workflow.,"{""score"":92,""confidence"":0.91,""ring"":""RING-161"",""reason"":""PaySim-style fraud pattern: account depletion via transfer or cash-out.""}",
RC00000682,89,0.9100,High-confidence fraud investigation for RC00000682; keep the transaction held and open dispute workflow.,"{""score"":89,""confidence"":0.91,""ring"":""RING-162"",""reason"":""PaySim-style fraud pattern: account depletion via transfer or cash-out.""}",
RC00000683,57,0.7800,Elevated-risk investigation for RC00000683; keep under review pending confirmation.,"{""score"":57,""confidence"":0.78,""ring"":""RING-163"",""reason"":""High-risk merchant and amount significantly above customer baseline.""}",
RC00000684,52,0.7800,Elevated-risk investigation for RC00000684; keep under review pending confirmation.,"{""score"":52,""confidence"":0.78,""ring"":""RING-164"",""reason"":""High-risk merchant and amount significantly above customer baseline.""}",
RC00000685,57,0.7800,Elevated-risk investigation for RC00000685; keep under review pending confirmation.,"{""score"":57,""confidence"":0.78,""ring"":""RING-165"",""reason"":""High-risk merchant and amount significantly above customer baseline.""}",
RC00000686,56,0.7800,Elevated-risk investigation for RC00000686; keep under review pending confirmation.,"{""score"":56,""confidence"":0.78,""ring"":""RING-166"",""reason"":""High-risk merchant and amount significantly above customer baseline.""}",
RC00000687,56,0.7800,Elevated-risk investigation for RC00000687; keep under review pending confirmation.,"{""score"":56,""confidence"":0.78,""ring"":""RING-167"",""reason"":""High-risk merchant and amount significantly above customer baseline.""}",
RC00000688,89,0.9100,High-confidence fraud investigation for RC00000688; keep the transaction held and open dispute workflow.,"{""score"":89,""confidence"":0.91,""ring"":""RING-168"",""reason"":""PaySim-style fraud pattern: account depletion via transfer or cash-out.""}",
RC00000689,53,0.7800,Elevated-risk investigation for RC00000689; keep under review pending confirmation.,"{""score"":53,""confidence"":0.78,""ring"":""RING-169"",""reason"":""High-risk merchant and amount significantly above customer baseline.""}",
RC00000690,97,0.9100,High-confidence fraud investigation for RC00000690; keep the transaction held and open dispute workflow.,"{""score"":97,""confidence"":0.91,""ring"":""RING-170"",""reason"":""PaySim-style fraud pattern: account depletion via transfer or cash-out.""}",
RC00000691,52,0.7800,Elevated-risk investigation for RC00000691; keep under review pending confirmation.,"{""score"":52,""confidence"":0.78,""ring"":""RING-171"",""reason"":""High-risk merchant and amount significantly above customer baseline.""}",
RC00000692,52,0.7800,Elevated-risk investigation for RC00000692; keep under review pending confirmation.,"{""score"":52,""confidence"":0.78,""ring"":""RING-172"",""reason"":""High-risk merchant and amount significantly above customer baseline.""}",
RC00000693,51,0.7800,Elevated-risk investigation for RC00000693; keep under review pending confirmation.,"{""score"":51,""confidence"":0.78,""ring"":""RING-173"",""reason"":""High-risk merchant and amount significantly above customer baseline.""}",
RC00000694,51,0.7800,Elevated-risk investigation for RC00000694; keep under review pending confirmation.,"{""score"":51,""confidence"":0.78,""ring"":""RING-174"",""reason"":""High-risk merchant and amount significantly above customer baseline.""}",
RC00000695,55,0.7800,Elevated-risk investigation for RC00000695; keep under review pending confirmation.,"{""score"":55,""confidence"":0.78,""ring"":""RING-175"",""reason"":""High-risk merchant and amount significantly above customer baseline.""}",
RC00000696,56,0.7800,Elevated-risk investigation for RC00000696; keep under review pending confirmation.,"{""score"":56,""confidence"":0.78,""ring"":""RING-176"",""reason"":""High-risk merchant and amount significantly above customer baseline.""}",
RC00000697,88,0.9100,High-confidence fraud investigation for RC00000697; keep the transaction held and open dispute workflow.,"{""score"":88,""confidence"":0.91,""ring"":""RING-177"",""reason"":""PaySim-style fraud pattern: account depletion via transfer or cash-out.""}",
RC00000698,54,0.7800,Elevated-risk investigation for RC00000698; keep under review pending confirmation.,"{""score"":54,""confidence"":0.78,""ring"":""RING-178"",""reason"":""High-risk merchant and amount significantly above customer baseline.""}",
RC00000699,55,0.7800,Elevated-risk investigation for RC00000699; keep under review pending confirmation.,"{""score"":55,""confidence"":0.78,""ring"":""RING-179"",""reason"":""High-risk merchant and amount significantly above customer baseline.""}",
RC00000700,54,0.7800,Elevated-risk investigation for RC00000700; keep under review pending confirmation.,"{""score"":54,""confidence"":0.78,""ring"":""RING-180"",""reason"":""High-risk merchant and amount significantly above customer baseline.""}",
RC00000701,54,0.7800,Elevated-risk investigation for RC00000701; keep under review pending confirmation.,"{""score"":54,""confidence"":0.78,""ring"":""RING-181"",""reason"":""High-risk merchant and amount significantly above customer baseline.""}",
RC00000702,53,0.7800,Elevated-risk investigation for RC00000702; keep under review pending confirmation.,"{""score"":53,""confidence"":0.78,""ring"":""RING-182"",""reason"":""High-risk merchant and amount significantly above customer baseline.""}",
RC00000703,53,0.7800,Elevated-risk investigation for RC00000703; keep under review pending confirmation.,"{""score"":53,""confidence"":0.78,""ring"":""RING-183"",""reason"":""High-risk merchant and amount significantly above customer baseline.""}",
RC00000704,57,0.7800,Elevated-risk investigation for RC00000704; keep under review pending confirmation.,"{""score"":57,""confidence"":0.78,""ring"":""RING-184"",""reason"":""High-risk merchant and amount significantly above customer baseline.""}",
RC00000705,92,0.9100,High-confidence fraud investigation for RC00000705; keep the transaction held and open dispute workflow.,"{""score"":92,""confidence"":0.91,""ring"":""RING-185"",""reason"":""PaySim-style fraud pattern: account depletion via transfer or cash-out.""}",
RC00000706,57,0.7800,Elevated-risk investigation for RC00000706; keep under review pending confirmation.,"{""score"":57,""confidence"":0.78,""ring"":""RING-186"",""reason"":""High-risk merchant and amount significantly above customer baseline.""}",
RC00000707,57,0.7800,Elevated-risk investigation for RC00000707; keep under review pending confirmation.,"{""score"":57,""confidence"":0.78,""ring"":""RING-187"",""reason"":""High-risk merchant and amount significantly above customer baseline.""}",
RC00000708,56,0.7800,Elevated-risk investigation for RC00000708; keep under review pending confirmation.,"{""score"":56,""confidence"":0.78,""ring"":""RING-188"",""reason"":""High-risk merchant and amount significantly above customer baseline.""}",
RC00000709,54,0.7800,Elevated-risk investigation for RC00000709; keep under review pending confirmation.,"{""score"":54,""confidence"":0.78,""ring"":""RING-189"",""reason"":""High-risk merchant and amount significantly above customer baseline.""}",
RC00000710,56,0.7800,Elevated-risk investigation for RC00000710; keep under review pending confirmation.,"{""score"":56,""confidence"":0.78,""ring"":""RING-190"",""reason"":""High-risk merchant and amount significantly above customer baseline.""}",
RC00000711,53,0.7800,Elevated-risk investigation for RC00000711; keep under review pending confirmation.,"{""score"":53,""confidence"":0.78,""ring"":""RING-191"",""reason"":""High-risk merchant and amount significantly above customer baseline.""}",
RC00000712,58,0.7800,Elevated-risk investigation for RC00000712; keep under review pending confirmation.,"{""score"":58,""confidence"":0.78,""ring"":""RING-192"",""reason"":""High-risk merchant and amount significantly above customer baseline.""}",
RC00000713,92,0.9100,High-confidence fraud investigation for RC00000713; keep the transaction held and open dispute workflow.,"{""score"":92,""confidence"":0.91,""ring"":""RING-193"",""reason"":""PaySim-style fraud pattern: account depletion via transfer or cash-out.""}",
RC00000714,84,0.7800,Elevated-risk investigation for RC00000714; keep under review pending confirmation.,"{""score"":84,""confidence"":0.78,""ring"":""RING-194"",""reason"":""PaySim-style fraud pattern: account depletion via transfer or cash-out.""}",
RC00000715,57,0.7800,Elevated-risk investigation for RC00000715; keep under review pending confirmation.,"{""score"":57,""confidence"":0.78,""ring"":""RING-195"",""reason"":""High-risk merchant and amount significantly above customer baseline.""}",
RC00000716,56,0.7800,Elevated-risk investigation for RC00000716; keep under review pending confirmation.,"{""score"":56,""confidence"":0.78,""ring"":""RING-196"",""reason"":""High-risk merchant and amount significantly above customer baseline.""}",
RC00000717,55,0.7800,Elevated-risk investigation for RC00000717; keep under review pending confirmation.,"{""score"":55,""confidence"":0.78,""ring"":""RING-197"",""reason"":""High-risk merchant and amount significantly above customer baseline.""}",
RC00000718,55,0.7800,Elevated-risk investigation for RC00000718; keep under review pending confirmation.,"{""score"":55,""confidence"":0.78,""ring"":""RING-198"",""reason"":""High-risk merchant and amount significantly above customer baseline.""}",
RC00000719,55,0.7800,Elevated-risk investigation for RC00000719; keep under review pending confirmation.,"{""score"":55,""confidence"":0.78,""ring"":""RING-199"",""reason"":""High-risk merchant and amount significantly above customer baseline.""}",
RC00000720,55,0.7800,Elevated-risk investigation for RC00000720; keep under review pending confirmation.,"{""score"":55,""confidence"":0.78,""ring"":""RING-140"",""reason"":""High-risk merchant and amount significantly above customer baseline.""}",
RC00000721,60,0.7800,Elevated-risk investigation for RC00000721; keep under review pending confirmation.,"{""score"":60,""confidence"":0.78,""ring"":""RING-141"",""reason"":""High-risk merchant and amount significantly above customer baseline.""}",
RC00000722,95,0.9100,High-confidence fraud investigation for RC00000722; keep the transaction held and open dispute workflow.,"{""score"":95,""confidence"":0.91,""ring"":""RING-142"",""reason"":""PaySim-style fraud pattern: account depletion via transfer or cash-out.""}",
RC00000723,95,0.9100,High-confidence fraud investigation for RC00000723; keep the transaction held and open dispute workflow.,"{""score"":95,""confidence"":0.91,""ring"":""RING-143"",""reason"":""PaySim-style fraud pattern: account depletion via transfer or cash-out.""}",
RC00000724,53,0.7800,Elevated-risk investigation for RC00000724; keep under review pending confirmation.,"{""score"":53,""confidence"":0.78,""ring"":""RING-144"",""reason"":""High-risk merchant and amount significantly above customer baseline.""}",
RC00000725,54,0.7800,Elevated-risk investigation for RC00000725; keep under review pending confirmation.,"{""score"":54,""confidence"":0.78,""ring"":""RING-145"",""reason"":""High-risk merchant and amount significantly above customer baseline.""}",
RC00000726,53,0.7800,Elevated-risk investigation for RC00000726; keep under review pending confirmation.,"{""score"":53,""confidence"":0.78,""ring"":""RING-146"",""reason"":""High-risk merchant and amount significantly above customer baseline.""}",
RC00000727,53,0.7800,Elevated-risk investigation for RC00000727; keep under review pending confirmation.,"{""score"":53,""confidence"":0.78,""ring"":""RING-147"",""reason"":""High-risk merchant and amount significantly above customer baseline.""}",
RC00000728,57,0.7800,Elevated-risk investigation for RC00000728; keep under review pending confirmation.,"{""score"":57,""confidence"":0.78,""ring"":""RING-148"",""reason"":""High-risk merchant and amount significantly above customer baseline.""}",
RC00000729,53,0.7800,Elevated-risk investigation for RC00000729; keep under review pending confirmation.,"{""score"":53,""confidence"":0.78,""ring"":""RING-149"",""reason"":""High-risk merchant and amount significantly above customer baseline.""}",
RC00000730,53,0.7800,Elevated-risk investigation for RC00000730; keep under review pending confirmation.,"{""score"":53,""confidence"":0.78,""ring"":""RING-150"",""reason"":""High-risk merchant and amount significantly above customer baseline.""}",
RC00000731,95,0.9100,High-confidence fraud investigation for RC00000731; keep the transaction held and open dispute workflow.,"{""score"":95,""confidence"":0.91,""ring"":""RING-151"",""reason"":""PaySim-style fraud pattern: account depletion via transfer or cash-out.""}",
RC00000732,52,0.7800,Elevated-risk investigation for RC00000732; keep under review pending confirmation.,"{""score"":52,""confidence"":0.78,""ring"":""RING-152"",""reason"":""High-risk merchant and amount significantly above customer baseline.""}",
RC00000733,53,0.7800,Elevated-risk investigation for RC00000733; keep under review pending confirmation.,"{""score"":53,""confidence"":0.78,""ring"":""RING-153"",""reason"":""High-risk merchant and amount significantly above customer baseline.""}",
RC00000734,52,0.7800,Elevated-risk investigation for RC00000734; keep under review pending confirmation.,"{""score"":52,""confidence"":0.78,""ring"":""RING-154"",""reason"":""High-risk merchant and amount significantly above customer baseline.""}",
RC00000735,52,0.7800,Elevated-risk investigation for RC00000735; keep under review pending confirmation.,"{""score"":52,""confidence"":0.78,""ring"":""RING-155"",""reason"":""High-risk merchant and amount significantly above customer baseline.""}",
RC00000736,56,0.7800,Elevated-risk investigation for RC00000736; keep under review pending confirmation.,"{""score"":56,""confidence"":0.78,""ring"":""RING-156"",""reason"":""High-risk merchant and amount significantly above customer baseline.""}",
RC00000737,55,0.7800,Elevated-risk investigation for RC00000737; keep under review pending confirmation.,"{""score"":55,""confidence"":0.78,""ring"":""RING-157"",""reason"":""High-risk merchant and amount significantly above customer baseline.""}",
RC00000738,55,0.7800,Elevated-risk investigation for RC00000738; keep under review pending confirmation.,"{""score"":55,""confidence"":0.78,""ring"":""RING-158"",""reason"":""High-risk merchant and amount significantly above customer baseline.""}",
RC00000739,89,0.9100,High-confidence fraud investigation for RC00000739; keep the transaction held and open dispute workflow.,"{""score"":89,""confidence"":0.91,""ring"":""RING-159"",""reason"":""PaySim-style fraud pattern: account depletion via transfer or cash-out.""}",
RC00000740,55,0.7800,Elevated-risk investigation for RC00000740; keep under review pending confirmation.,"{""score"":55,""confidence"":0.78,""ring"":""RING-160"",""reason"":""High-risk merchant and amount significantly above customer baseline.""}",
RC00000741,55,0.7800,Elevated-risk investigation for RC00000741; keep under review pending confirmation.,"{""score"":55,""confidence"":0.78,""ring"":""RING-161"",""reason"":""High-risk merchant and amount significantly above customer baseline.""}",
RC00000742,55,0.7800,Elevated-risk investigation for RC00000742; keep under review pending confirmation.,"{""score"":55,""confidence"":0.78,""ring"":""RING-162"",""reason"":""High-risk merchant and amount significantly above customer baseline.""}",
RC00000743,55,0.7800,Elevated-risk investigation for RC00000743; keep under review pending confirmation.,"{""score"":55,""confidence"":0.78,""ring"":""RING-163"",""reason"":""High-risk merchant and amount significantly above customer baseline.""}",
RC00000744,95,0.9100,High-confidence fraud investigation for RC00000744; keep the transaction held and open dispute workflow.,"{""score"":95,""confidence"":0.91,""ring"":""RING-164"",""reason"":""PaySim-style fraud pattern: account depletion via transfer or cash-out.""}",
RC00000745,56,0.7800,Elevated-risk investigation for RC00000745; keep under review pending confirmation.,"{""score"":56,""confidence"":0.78,""ring"":""RING-165"",""reason"":""High-risk merchant and amount significantly above customer baseline.""}",
RC00000746,55,0.7800,Elevated-risk investigation for RC00000746; keep under review pending confirmation.,"{""score"":55,""confidence"":0.78,""ring"":""RING-166"",""reason"":""High-risk merchant and amount significantly above customer baseline.""}",
RC00000747,55,0.7800,Elevated-risk investigation for RC00000747; keep under review pending confirmation.,"{""score"":55,""confidence"":0.78,""ring"":""RING-167"",""reason"":""High-risk merchant and amount significantly above customer baseline.""}",
RC00000748,54,0.7800,Elevated-risk investigation for RC00000748; keep under review pending confirmation.,"{""score"":54,""confidence"":0.78,""ring"":""RING-168"",""reason"":""High-risk merchant and amount significantly above customer baseline.""}",
RC00000749,54,0.7800,Elevated-risk investigation for RC00000749; keep under review pending confirmation.,"{""score"":54,""confidence"":0.78,""ring"":""RING-169"",""reason"":""High-risk merchant and amount significantly above customer baseline.""}",
RC00000750,54,0.7800,Elevated-risk investigation for RC00000750; keep under review pending confirmation.,"{""score"":54,""confidence"":0.78,""ring"":""RING-170"",""reason"":""High-risk merchant and amount significantly above customer baseline.""}",
RC00000751,54,0.7800,Elevated-risk investigation for RC00000751; keep under review pending confirmation.,"{""score"":54,""confidence"":0.78,""ring"":""RING-171"",""reason"":""High-risk merchant and amount significantly above customer baseline.""}",
RC00000752,52,0.7800,Elevated-risk investigation for RC00000752; keep under review pending confirmation.,"{""score"":52,""confidence"":0.78,""ring"":""RING-172"",""reason"":""High-risk merchant and amount significantly above customer baseline.""}",
RC00000753,57,0.7800,Elevated-risk investigation for RC00000753; keep under review pending confirmation.,"{""score"":57,""confidence"":0.78,""ring"":""RING-173"",""reason"":""High-risk merchant and amount significantly above customer baseline.""}",
RC00000754,57,0.7800,Elevated-risk investigation for RC00000754; keep under review pending confirmation.,"{""score"":57,""confidence"":0.78,""ring"":""RING-174"",""reason"":""High-risk merchant and amount significantly above customer baseline.""}",
RC00000755,53,0.7800,Elevated-risk investigation for RC00000755; keep under review pending confirmation.,"{""score"":53,""confidence"":0.78,""ring"":""RING-175"",""reason"":""High-risk merchant and amount significantly above customer baseline.""}",
RC00000756,57,0.7800,Elevated-risk investigation for RC00000756; keep under review pending confirmation.,"{""score"":57,""confidence"":0.78,""ring"":""RING-176"",""reason"":""High-risk merchant and amount significantly above customer baseline.""}",
RC00000757,57,0.7800,Elevated-risk investigation for RC00000757; keep under review pending confirmation.,"{""score"":57,""confidence"":0.78,""ring"":""RING-177"",""reason"":""High-risk merchant and amount significantly above customer baseline.""}",
RC00000758,56,0.7800,Elevated-risk investigation for RC00000758; keep under review pending confirmation.,"{""score"":56,""confidence"":0.78,""ring"":""RING-178"",""reason"":""High-risk merchant and amount significantly above customer baseline.""}",
RC00000759,56,0.7800,Elevated-risk investigation for RC00000759; keep under review pending confirmation.,"{""score"":56,""confidence"":0.78,""ring"":""RING-179"",""reason"":""High-risk merchant and amount significantly above customer baseline.""}",
RC00000760,55,0.7800,Elevated-risk investigation for RC00000760; keep under review pending confirmation.,"{""score"":55,""confidence"":0.78,""ring"":""RING-180"",""reason"":""High-risk merchant and amount significantly above customer baseline.""}",
RC00000761,53,0.7800,Elevated-risk investigation for RC00000761; keep under review pending confirmation.,"{""score"":53,""confidence"":0.78,""ring"":""RING-181"",""reason"":""High-risk merchant and amount significantly above customer baseline.""}",
RC00000762,51,0.7800,Elevated-risk investigation for RC00000762; keep under review pending confirmation.,"{""score"":51,""confidence"":0.78,""ring"":""RING-182"",""reason"":""High-risk merchant and amount significantly above customer baseline.""}",
RC00000763,52,0.7800,Elevated-risk investigation for RC00000763; keep under review pending confirmation.,"{""score"":52,""confidence"":0.78,""ring"":""RING-183"",""reason"":""High-risk merchant and amount significantly above customer baseline.""}",
RC00000764,57,0.7800,Elevated-risk investigation for RC00000764; keep under review pending confirmation.,"{""score"":57,""confidence"":0.78,""ring"":""RING-184"",""reason"":""High-risk merchant and amount significantly above customer baseline.""}",
RC00000765,51,0.7800,Elevated-risk investigation for RC00000765; keep under review pending confirmation.,"{""score"":51,""confidence"":0.78,""ring"":""RING-185"",""reason"":""High-risk merchant and amount significantly above customer baseline.""}",
RC00000766,55,0.7800,Elevated-risk investigation for RC00000766; keep under review pending confirmation.,"{""score"":55,""confidence"":0.78,""ring"":""RING-186"",""reason"":""High-risk merchant and amount significantly above customer baseline.""}",
RC00000767,55,0.7800,Elevated-risk investigation for RC00000767; keep under review pending confirmation.,"{""score"":55,""confidence"":0.78,""ring"":""RING-187"",""reason"":""High-risk merchant and amount significantly above customer baseline.""}",
RC00000768,54,0.7800,Elevated-risk investigation for RC00000768; keep under review pending confirmation.,"{""score"":54,""confidence"":0.78,""ring"":""RING-188"",""reason"":""High-risk merchant and amount significantly above customer baseline.""}",
RC00000769,54,0.7800,Elevated-risk investigation for RC00000769; keep under review pending confirmation.,"{""score"":54,""confidence"":0.78,""ring"":""RING-189"",""reason"":""High-risk merchant and amount significantly above customer baseline.""}",
RC00000770,52,0.7800,Elevated-risk investigation for RC00000770; keep under review pending confirmation.,"{""score"":52,""confidence"":0.78,""ring"":""RING-190"",""reason"":""High-risk merchant and amount significantly above customer baseline.""}",
RC00000771,53,0.7800,Elevated-risk investigation for RC00000771; keep under review pending confirmation.,"{""score"":53,""confidence"":0.78,""ring"":""RING-191"",""reason"":""High-risk merchant and amount significantly above customer baseline.""}",
RC00000772,54,0.7800,Elevated-risk investigation for RC00000772; keep under review pending confirmation.,"{""score"":54,""confidence"":0.78,""ring"":""RING-192"",""reason"":""High-risk merchant and amount significantly above customer baseline.""}",
RC00000773,53,0.7800,Elevated-risk investigation for RC00000773; keep under review pending confirmation.,"{""score"":53,""confidence"":0.78,""ring"":""RING-193"",""reason"":""High-risk merchant and amount significantly above customer baseline.""}",
RC00000774,54,0.7800,Elevated-risk investigation for RC00000774; keep under review pending confirmation.,"{""score"":54,""confidence"":0.78,""ring"":""RING-194"",""reason"":""High-risk merchant and amount significantly above customer baseline.""}",
RC00000775,53,0.7800,Elevated-risk investigation for RC00000775; keep under review pending confirmation.,"{""score"":53,""confidence"":0.78,""ring"":""RING-195"",""reason"":""High-risk merchant and amount significantly above customer baseline.""}",
RC00000776,57,0.7800,Elevated-risk investigation for RC00000776; keep under review pending confirmation.,"{""score"":57,""confidence"":0.78,""ring"":""RING-196"",""reason"":""High-risk merchant and amount significantly above customer baseline.""}",
RC00000777,57,0.7800,Elevated-risk investigation for RC00000777; keep under review pending confirmation.,"{""score"":57,""confidence"":0.78,""ring"":""RING-197"",""reason"":""High-risk merchant and amount significantly above customer baseline.""}",
RC00000778,56,0.7800,Elevated-risk investigation for RC00000778; keep under review pending confirmation.,"{""score"":56,""confidence"":0.78,""ring"":""RING-198"",""reason"":""High-risk merchant and amount significantly above customer baseline.""}",
RC00000779,56,0.7800,Elevated-risk investigation for RC00000779; keep under review pending confirmation.,"{""score"":56,""confidence"":0.78,""ring"":""RING-199"",""reason"":""High-risk merchant and amount significantly above customer baseline.""}",
RC00000780,56,0.7800,Elevated-risk investigation for RC00000780; keep under review pending confirmation.,"{""score"":56,""confidence"":0.78,""ring"":""RING-140"",""reason"":""High-risk merchant and amount significantly above customer baseline.""}",
RC00000781,55,0.7800,Elevated-risk investigation for RC00000781; keep under review pending confirmation.,"{""score"":55,""confidence"":0.78,""ring"":""RING-141"",""reason"":""High-risk merchant and amount significantly above customer baseline.""}",
RC00000782,55,0.7800,Elevated-risk investigation for RC00000782; keep under review pending confirmation.,"{""score"":55,""confidence"":0.78,""ring"":""RING-142"",""reason"":""High-risk merchant and amount significantly above customer baseline.""}",
RC00000783,52,0.7800,Elevated-risk investigation for RC00000783; keep under review pending confirmation.,"{""score"":52,""confidence"":0.78,""ring"":""RING-143"",""reason"":""High-risk merchant and amount significantly above customer baseline.""}",
RC00000784,56,0.7800,Elevated-risk investigation for RC00000784; keep under review pending confirmation.,"{""score"":56,""confidence"":0.78,""ring"":""RING-144"",""reason"":""High-risk merchant and amount significantly above customer baseline.""}",
RC00000785,56,0.7800,Elevated-risk investigation for RC00000785; keep under review pending confirmation.,"{""score"":56,""confidence"":0.78,""ring"":""RING-145"",""reason"":""High-risk merchant and amount significantly above customer baseline.""}",
RC00000786,56,0.7800,Elevated-risk investigation for RC00000786; keep under review pending confirmation.,"{""score"":56,""confidence"":0.78,""ring"":""RING-146"",""reason"":""High-risk merchant and amount significantly above customer baseline.""}",
RC00000787,55,0.7800,Elevated-risk investigation for RC00000787; keep under review pending confirmation.,"{""score"":55,""confidence"":0.78,""ring"":""RING-147"",""reason"":""High-risk merchant and amount significantly above customer baseline.""}",
RC00000788,55,0.7800,Elevated-risk investigation for RC00000788; keep under review pending confirmation.,"{""score"":55,""confidence"":0.78,""ring"":""RING-148"",""reason"":""High-risk merchant and amount significantly above customer baseline.""}",
RC00000789,56,0.7800,Elevated-risk investigation for RC00000789; keep under review pending confirmation.,"{""score"":56,""confidence"":0.78,""ring"":""RING-149"",""reason"":""High-risk merchant and amount significantly above customer baseline.""}",
RC00000790,55,0.7800,Elevated-risk investigation for RC00000790; keep under review pending confirmation.,"{""score"":55,""confidence"":0.78,""ring"":""RING-150"",""reason"":""High-risk merchant and amount significantly above customer baseline.""}",
RC00000791,55,0.7800,Elevated-risk investigation for RC00000791; keep under review pending confirmation.,"{""score"":55,""confidence"":0.78,""ring"":""RING-151"",""reason"":""High-risk merchant and amount significantly above customer baseline.""}",
RC00000792,53,0.7800,Elevated-risk investigation for RC00000792; keep under review pending confirmation.,"{""score"":53,""confidence"":0.78,""ring"":""RING-152"",""reason"":""High-risk merchant and amount significantly above customer baseline.""}",
RC00000793,53,0.7800,Elevated-risk investigation for RC00000793; keep under review pending confirmation.,"{""score"":53,""confidence"":0.78,""ring"":""RING-153"",""reason"":""High-risk merchant and amount significantly above customer baseline.""}",
RC00000794,53,0.7800,Elevated-risk investigation for RC00000794; keep under review pending confirmation.,"{""score"":53,""confidence"":0.78,""ring"":""RING-154"",""reason"":""High-risk merchant and amount significantly above customer baseline.""}",
RC00000795,58,0.7800,Elevated-risk investigation for RC00000795; keep under review pending confirmation.,"{""score"":58,""confidence"":0.78,""ring"":""RING-155"",""reason"":""High-risk merchant and amount significantly above customer baseline.""}",
RC00000796,58,0.7800,Elevated-risk investigation for RC00000796; keep under review pending confirmation.,"{""score"":58,""confidence"":0.78,""ring"":""RING-156"",""reason"":""High-risk merchant and amount significantly above customer baseline.""}",
RC00000797,53,0.7800,Elevated-risk investigation for RC00000797; keep under review pending confirmation.,"{""score"":53,""confidence"":0.78,""ring"":""RING-157"",""reason"":""High-risk merchant and amount significantly above customer baseline.""}",
RC00000798,57,0.7800,Elevated-risk investigation for RC00000798; keep under review pending confirmation.,"{""score"":57,""confidence"":0.78,""ring"":""RING-158"",""reason"":""High-risk merchant and amount significantly above customer baseline.""}",
RC00000799,53,0.7800,Elevated-risk investigation for RC00000799; keep under review pending confirmation.,"{""score"":53,""confidence"":0.78,""ring"":""RING-159"",""reason"":""High-risk merchant and amount significantly above customer baseline.""}",
RC00000800,52,0.7800,Elevated-risk investigation for RC00000800; keep under review pending confirmation.,"{""score"":52,""confidence"":0.78,""ring"":""RING-160"",""reason"":""High-risk merchant and amount significantly above customer baseline.""}",
RC00000801,52,0.7800,Elevated-risk investigation for RC00000801; keep under review pending confirmation.,"{""score"":52,""confidence"":0.78,""ring"":""RING-161"",""reason"":""High-risk merchant and amount significantly above customer baseline.""}",
RC00000802,52,0.7800,Elevated-risk investigation for RC00000802; keep under review pending confirmation.,"{""score"":52,""confidence"":0.78,""ring"":""RING-162"",""reason"":""High-risk merchant and amount significantly above customer baseline.""}",
RC00000803,58,0.7800,Elevated-risk investigation for RC00000803; keep under review pending confirmation.,"{""score"":58,""confidence"":0.78,""ring"":""RING-163"",""reason"":""High-risk merchant and amount significantly above customer baseline.""}",
RC00000804,51,0.7800,Elevated-risk investigation for RC00000804; keep under review pending confirmation.,"{""score"":51,""confidence"":0.78,""ring"":""RING-164"",""reason"":""High-risk merchant and amount significantly above customer baseline.""}",
RC00000805,53,0.7800,Elevated-risk investigation for RC00000805; keep under review pending confirmation.,"{""score"":53,""confidence"":0.78,""ring"":""RING-165"",""reason"":""High-risk merchant and amount significantly above customer baseline.""}",
RC00000806,52,0.7800,Elevated-risk investigation for RC00000806; keep under review pending confirmation.,"{""score"":52,""confidence"":0.78,""ring"":""RING-166"",""reason"":""High-risk merchant and amount significantly above customer baseline.""}",
RC00000807,56,0.7800,Elevated-risk investigation for RC00000807; keep under review pending confirmation.,"{""score"":56,""confidence"":0.78,""ring"":""RING-167"",""reason"":""High-risk merchant and amount significantly above customer baseline.""}",
RC00000808,55,0.7800,Elevated-risk investigation for RC00000808; keep under review pending confirmation.,"{""score"":55,""confidence"":0.78,""ring"":""RING-168"",""reason"":""High-risk merchant and amount significantly above customer baseline.""}",
RC00000809,55,0.7800,Elevated-risk investigation for RC00000809; keep under review pending confirmation.,"{""score"":55,""confidence"":0.78,""ring"":""RING-169"",""reason"":""High-risk merchant and amount significantly above customer baseline.""}",
RC00000810,55,0.7800,Elevated-risk investigation for RC00000810; keep under review pending confirmation.,"{""score"":55,""confidence"":0.78,""ring"":""RING-170"",""reason"":""High-risk merchant and amount significantly above customer baseline.""}",
RC00000811,54,0.7800,Elevated-risk investigation for RC00000811; keep under review pending confirmation.,"{""score"":54,""confidence"":0.78,""ring"":""RING-171"",""reason"":""High-risk merchant and amount significantly above customer baseline.""}",
RC00000812,54,0.7800,Elevated-risk investigation for RC00000812; keep under review pending confirmation.,"{""score"":54,""confidence"":0.78,""ring"":""RING-172"",""reason"":""High-risk merchant and amount significantly above customer baseline.""}",
RC00000813,97,0.9100,High-confidence fraud investigation for RC00000813; keep the transaction held and open dispute workflow.,"{""score"":97,""confidence"":0.91,""ring"":""RING-173"",""reason"":""PaySim-style fraud pattern: account depletion via transfer or cash-out.""}",
RC00000814,55,0.7800,Elevated-risk investigation for RC00000814; keep under review pending confirmation.,"{""score"":55,""confidence"":0.78,""ring"":""RING-174"",""reason"":""High-risk merchant and amount significantly above customer baseline.""}",
RC00000815,95,0.9100,High-confidence fraud investigation for RC00000815; keep the transaction held and open dispute workflow.,"{""score"":95,""confidence"":0.91,""ring"":""RING-175"",""reason"":""PaySim-style fraud pattern: account depletion via transfer or cash-out.""}",
RC00000816,54,0.7800,Elevated-risk investigation for RC00000816; keep under review pending confirmation.,"{""score"":54,""confidence"":0.78,""ring"":""RING-176"",""reason"":""High-risk merchant and amount significantly above customer baseline.""}",
RC00000817,54,0.7800,Elevated-risk investigation for RC00000817; keep under review pending confirmation.,"{""score"":54,""confidence"":0.78,""ring"":""RING-177"",""reason"":""High-risk merchant and amount significantly above customer baseline.""}",
RC00000818,54,0.7800,Elevated-risk investigation for RC00000818; keep under review pending confirmation.,"{""score"":54,""confidence"":0.78,""ring"":""RING-178"",""reason"":""High-risk merchant and amount significantly above customer baseline.""}",
RC00000819,53,0.7800,Elevated-risk investigation for RC00000819; keep under review pending confirmation.,"{""score"":53,""confidence"":0.78,""ring"":""RING-179"",""reason"":""High-risk merchant and amount significantly above customer baseline.""}",
RC00000820,54,0.7800,Elevated-risk investigation for RC00000820; keep under review pending confirmation.,"{""score"":54,""confidence"":0.78,""ring"":""RING-180"",""reason"":""High-risk merchant and amount significantly above customer baseline.""}",
RC00000821,52,0.7800,Elevated-risk investigation for RC00000821; keep under review pending confirmation.,"{""score"":52,""confidence"":0.78,""ring"":""RING-181"",""reason"":""High-risk merchant and amount significantly above customer baseline.""}",
RC00000822,89,0.9100,High-confidence fraud investigation for RC00000822; keep the transaction held and open dispute workflow.,"{""score"":89,""confidence"":0.91,""ring"":""RING-182"",""reason"":""PaySim-style fraud pattern: account depletion via transfer or cash-out.""}",
RC00000823,57,0.7800,Elevated-risk investigation for RC00000823; keep under review pending confirmation.,"{""score"":57,""confidence"":0.78,""ring"":""RING-183"",""reason"":""High-risk merchant and amount significantly above customer baseline.""}",
RC00000824,57,0.7800,Elevated-risk investigation for RC00000824; keep under review pending confirmation.,"{""score"":57,""confidence"":0.78,""ring"":""RING-184"",""reason"":""High-risk merchant and amount significantly above customer baseline.""}",
RC00000825,56,0.7800,Elevated-risk investigation for RC00000825; keep under review pending confirmation.,"{""score"":56,""confidence"":0.78,""ring"":""RING-185"",""reason"":""High-risk merchant and amount significantly above customer baseline.""}",
RC00000826,56,0.7800,Elevated-risk investigation for RC00000826; keep under review pending confirmation.,"{""score"":56,""confidence"":0.78,""ring"":""RING-186"",""reason"":""High-risk merchant and amount significantly above customer baseline.""}",
RC00000827,56,0.7800,Elevated-risk investigation for RC00000827; keep under review pending confirmation.,"{""score"":56,""confidence"":0.78,""ring"":""RING-187"",""reason"":""High-risk merchant and amount significantly above customer baseline.""}",
RC00000828,53,0.7800,Elevated-risk investigation for RC00000828; keep under review pending confirmation.,"{""score"":53,""confidence"":0.78,""ring"":""RING-188"",""reason"":""High-risk merchant and amount significantly above customer baseline.""}",
RC00000829,88,0.9100,High-confidence fraud investigation for RC00000829; keep the transaction held and open dispute workflow.,"{""score"":88,""confidence"":0.91,""ring"":""RING-189"",""reason"":""PaySim-style fraud pattern: account depletion via transfer or cash-out.""}",
RC00000830,59,0.7800,Elevated-risk investigation for RC00000830; keep under review pending confirmation.,"{""score"":59,""confidence"":0.78,""ring"":""RING-190"",""reason"":""High-risk merchant and amount significantly above customer baseline.""}",
RC00000831,56,0.7800,Elevated-risk investigation for RC00000831; keep under review pending confirmation.,"{""score"":56,""confidence"":0.78,""ring"":""RING-191"",""reason"":""High-risk merchant and amount significantly above customer baseline.""}",
RC00000832,51,0.7800,Elevated-risk investigation for RC00000832; keep under review pending confirmation.,"{""score"":51,""confidence"":0.78,""ring"":""RING-192"",""reason"":""High-risk merchant and amount significantly above customer baseline.""}",
RC00000833,82,0.7800,Elevated-risk investigation for RC00000833; keep under review pending confirmation.,"{""score"":82,""confidence"":0.78,""ring"":""RING-193"",""reason"":""PaySim-style fraud pattern: account depletion via transfer or cash-out.""}",
RC00000834,50,0.7800,Elevated-risk investigation for RC00000834; keep under review pending confirmation.,"{""score"":50,""confidence"":0.78,""ring"":""RING-194"",""reason"":""High-risk merchant and amount significantly above customer baseline.""}",
RC00000835,51,0.7800,Elevated-risk investigation for RC00000835; keep under review pending confirmation.,"{""score"":51,""confidence"":0.78,""ring"":""RING-195"",""reason"":""High-risk merchant and amount significantly above customer baseline.""}",
RC00000836,55,0.7800,Elevated-risk investigation for RC00000836; keep under review pending confirmation.,"{""score"":55,""confidence"":0.78,""ring"":""RING-196"",""reason"":""High-risk merchant and amount significantly above customer baseline.""}",
RC00000837,54,0.7800,Elevated-risk investigation for RC00000837; keep under review pending confirmation.,"{""score"":54,""confidence"":0.78,""ring"":""RING-197"",""reason"":""High-risk merchant and amount significantly above customer baseline.""}",
RC00000838,93,0.9100,High-confidence fraud investigation for RC00000838; keep the transaction held and open dispute workflow.,"{""score"":93,""confidence"":0.91,""ring"":""RING-198"",""reason"":""PaySim-style fraud pattern: account depletion via transfer or cash-out.""}",
RC00000839,53,0.7800,Elevated-risk investigation for RC00000839; keep under review pending confirmation.,"{""score"":53,""confidence"":0.78,""ring"":""RING-199"",""reason"":""High-risk merchant and amount significantly above customer baseline.""}",
RC00000840,53,0.7800,Elevated-risk investigation for RC00000840; keep under review pending confirmation.,"{""score"":53,""confidence"":0.78,""ring"":""RING-140"",""reason"":""High-risk merchant and amount significantly above customer baseline.""}",
RC00000841,53,0.7800,Elevated-risk investigation for RC00000841; keep under review pending confirmation.,"{""score"":53,""confidence"":0.78,""ring"":""RING-141"",""reason"":""High-risk merchant and amount significantly above customer baseline.""}",
RC00000842,91,0.9100,High-confidence fraud investigation for RC00000842; keep the transaction held and open dispute workflow.,"{""score"":91,""confidence"":0.91,""ring"":""RING-142"",""reason"":""PaySim-style fraud pattern: account depletion via transfer or cash-out.""}",
RC00000843,52,0.7800,Elevated-risk investigation for RC00000843; keep under review pending confirmation.,"{""score"":52,""confidence"":0.78,""ring"":""RING-143"",""reason"":""High-risk merchant and amount significantly above customer baseline.""}",
RC00000844,56,0.7800,Elevated-risk investigation for RC00000844; keep under review pending confirmation.,"{""score"":56,""confidence"":0.78,""ring"":""RING-144"",""reason"":""High-risk merchant and amount significantly above customer baseline.""}",
RC00000845,55,0.7800,Elevated-risk investigation for RC00000845; keep under review pending confirmation.,"{""score"":55,""confidence"":0.78,""ring"":""RING-145"",""reason"":""High-risk merchant and amount significantly above customer baseline.""}",
RC00000846,95,0.9100,High-confidence fraud investigation for RC00000846; keep the transaction held and open dispute workflow.,"{""score"":95,""confidence"":0.91,""ring"":""RING-146"",""reason"":""PaySim-style fraud pattern: account depletion via transfer or cash-out.""}",
RC00000847,54,0.7800,Elevated-risk investigation for RC00000847; keep under review pending confirmation.,"{""score"":54,""confidence"":0.78,""ring"":""RING-147"",""reason"":""High-risk merchant and amount significantly above customer baseline.""}",
RC00000848,55,0.7800,Elevated-risk investigation for RC00000848; keep under review pending confirmation.,"{""score"":55,""confidence"":0.78,""ring"":""RING-148"",""reason"":""High-risk merchant and amount significantly above customer baseline.""}",
RC00000849,55,0.7800,Elevated-risk investigation for RC00000849; keep under review pending confirmation.,"{""score"":55,""confidence"":0.78,""ring"":""RING-149"",""reason"":""High-risk merchant and amount significantly above customer baseline.""}",
RC00000850,57,0.7800,Elevated-risk investigation for RC00000850; keep under review pending confirmation.,"{""score"":57,""confidence"":0.78,""ring"":""RING-150"",""reason"":""High-risk merchant and amount significantly above customer baseline.""}",
RC00000851,51,0.7800,Elevated-risk investigation for RC00000851; keep under review pending confirmation.,"{""score"":51,""confidence"":0.78,""ring"":""RING-151"",""reason"":""High-risk merchant and amount significantly above customer baseline.""}",
RC00000852,56,0.7800,Elevated-risk investigation for RC00000852; keep under review pending confirmation.,"{""score"":56,""confidence"":0.78,""ring"":""RING-152"",""reason"":""High-risk merchant and amount significantly above customer baseline.""}",
RC00000853,96,0.9100,High-confidence fraud investigation for RC00000853; keep the transaction held and open dispute workflow.,"{""score"":96,""confidence"":0.91,""ring"":""RING-153"",""reason"":""PaySim-style fraud pattern: account depletion via transfer or cash-out.""}",
RC00000854,55,0.7800,Elevated-risk investigation for RC00000854; keep under review pending confirmation.,"{""score"":55,""confidence"":0.78,""ring"":""RING-154"",""reason"":""High-risk merchant and amount significantly above customer baseline.""}",
RC00000855,55,0.7800,Elevated-risk investigation for RC00000855; keep under review pending confirmation.,"{""score"":55,""confidence"":0.78,""ring"":""RING-155"",""reason"":""High-risk merchant and amount significantly above customer baseline.""}",
RC00000856,55,0.7800,Elevated-risk investigation for RC00000856; keep under review pending confirmation.,"{""score"":55,""confidence"":0.78,""ring"":""RING-156"",""reason"":""High-risk merchant and amount significantly above customer baseline.""}",
RC00000857,53,0.7800,Elevated-risk investigation for RC00000857; keep under review pending confirmation.,"{""score"":53,""confidence"":0.78,""ring"":""RING-157"",""reason"":""High-risk merchant and amount significantly above customer baseline.""}",
RC00000858,53,0.7800,Elevated-risk investigation for RC00000858; keep under review pending confirmation.,"{""score"":53,""confidence"":0.78,""ring"":""RING-158"",""reason"":""High-risk merchant and amount significantly above customer baseline.""}",
RC00000859,57,0.7800,Elevated-risk investigation for RC00000859; keep under review pending confirmation.,"{""score"":57,""confidence"":0.78,""ring"":""RING-159"",""reason"":""High-risk merchant and amount significantly above customer baseline.""}",
RC00000860,99,0.9100,High-confidence fraud investigation for RC00000860; keep the transaction held and open dispute workflow.,"{""score"":99,""confidence"":0.91,""ring"":""RING-160"",""reason"":""PaySim-style fraud pattern: account depletion via transfer or cash-out.""}",
RC00000861,95,0.9100,High-confidence fraud investigation for RC00000861; keep the transaction held and open dispute workflow.,"{""score"":95,""confidence"":0.91,""ring"":""RING-161"",""reason"":""PaySim-style fraud pattern: account depletion via transfer or cash-out.""}",
RC00000862,56,0.7800,Elevated-risk investigation for RC00000862; keep under review pending confirmation.,"{""score"":56,""confidence"":0.78,""ring"":""RING-162"",""reason"":""High-risk merchant and amount significantly above customer baseline.""}",
RC00000863,56,0.7800,Elevated-risk investigation for RC00000863; keep under review pending confirmation.,"{""score"":56,""confidence"":0.78,""ring"":""RING-163"",""reason"":""High-risk merchant and amount significantly above customer baseline.""}",
RC00000864,54,0.7800,Elevated-risk investigation for RC00000864; keep under review pending confirmation.,"{""score"":54,""confidence"":0.78,""ring"":""RING-164"",""reason"":""High-risk merchant and amount significantly above customer baseline.""}",
RC00000865,53,0.7800,Elevated-risk investigation for RC00000865; keep under review pending confirmation.,"{""score"":53,""confidence"":0.78,""ring"":""RING-165"",""reason"":""High-risk merchant and amount significantly above customer baseline.""}",
RC00000866,53,0.7800,Elevated-risk investigation for RC00000866; keep under review pending confirmation.,"{""score"":53,""confidence"":0.78,""ring"":""RING-166"",""reason"":""High-risk merchant and amount significantly above customer baseline.""}",
RC00000867,92,0.9100,High-confidence fraud investigation for RC00000867; keep the transaction held and open dispute workflow.,"{""score"":92,""confidence"":0.91,""ring"":""RING-167"",""reason"":""PaySim-style fraud pattern: account depletion via transfer or cash-out.""}",
RC00000868,52,0.7800,Elevated-risk investigation for RC00000868; keep under review pending confirmation.,"{""score"":52,""confidence"":0.78,""ring"":""RING-168"",""reason"":""High-risk merchant and amount significantly above customer baseline.""}",
RC00000869,89,0.9100,High-confidence fraud investigation for RC00000869; keep the transaction held and open dispute workflow.,"{""score"":89,""confidence"":0.91,""ring"":""RING-169"",""reason"":""PaySim-style fraud pattern: account depletion via transfer or cash-out.""}",
RC00000870,86,0.9100,High-confidence fraud investigation for RC00000870; keep the transaction held and open dispute workflow.,"{""score"":86,""confidence"":0.91,""ring"":""RING-170"",""reason"":""PaySim-style fraud pattern: account depletion via transfer or cash-out.""}",
RC00000871,51,0.7800,Elevated-risk investigation for RC00000871; keep under review pending confirmation.,"{""score"":51,""confidence"":0.78,""ring"":""RING-171"",""reason"":""High-risk merchant and amount significantly above customer baseline.""}",
RC00000872,51,0.7800,Elevated-risk investigation for RC00000872; keep under review pending confirmation.,"{""score"":51,""confidence"":0.78,""ring"":""RING-172"",""reason"":""High-risk merchant and amount significantly above customer baseline.""}",
RC00000873,55,0.7800,Elevated-risk investigation for RC00000873; keep under review pending confirmation.,"{""score"":55,""confidence"":0.78,""ring"":""RING-173"",""reason"":""High-risk merchant and amount significantly above customer baseline.""}",
RC00000874,54,0.7800,Elevated-risk investigation for RC00000874; keep under review pending confirmation.,"{""score"":54,""confidence"":0.78,""ring"":""RING-174"",""reason"":""High-risk merchant and amount significantly above customer baseline.""}",
RC00000875,54,0.7800,Elevated-risk investigation for RC00000875; keep under review pending confirmation.,"{""score"":54,""confidence"":0.78,""ring"":""RING-175"",""reason"":""High-risk merchant and amount significantly above customer baseline.""}",
RC00000876,94,0.9100,High-confidence fraud investigation for RC00000876; keep the transaction held and open dispute workflow.,"{""score"":94,""confidence"":0.91,""ring"":""RING-176"",""reason"":""PaySim-style fraud pattern: account depletion via transfer or cash-out.""}",
RC00000877,53,0.7800,Elevated-risk investigation for RC00000877; keep under review pending confirmation.,"{""score"":53,""confidence"":0.78,""ring"":""RING-177"",""reason"":""High-risk merchant and amount significantly above customer baseline.""}",
RC00000878,91,0.9100,High-confidence fraud investigation for RC00000878; keep the transaction held and open dispute workflow.,"{""score"":91,""confidence"":0.91,""ring"":""RING-178"",""reason"":""PaySim-style fraud pattern: account depletion via transfer or cash-out.""}",
RC00000879,53,0.7800,Elevated-risk investigation for RC00000879; keep under review pending confirmation.,"{""score"":53,""confidence"":0.78,""ring"":""RING-179"",""reason"":""High-risk merchant and amount significantly above customer baseline.""}",
RC00000880,56,0.7800,Elevated-risk investigation for RC00000880; keep under review pending confirmation.,"{""score"":56,""confidence"":0.78,""ring"":""RING-180"",""reason"":""High-risk merchant and amount significantly above customer baseline.""}",
RC00000881,56,0.7800,Elevated-risk investigation for RC00000881; keep under review pending confirmation.,"{""score"":56,""confidence"":0.78,""ring"":""RING-181"",""reason"":""High-risk merchant and amount significantly above customer baseline.""}",
RC00000882,55,0.7800,Elevated-risk investigation for RC00000882; keep under review pending confirmation.,"{""score"":55,""confidence"":0.78,""ring"":""RING-182"",""reason"":""High-risk merchant and amount significantly above customer baseline.""}",
RC00000883,54,0.7800,Elevated-risk investigation for RC00000883; keep under review pending confirmation.,"{""score"":54,""confidence"":0.78,""ring"":""RING-183"",""reason"":""High-risk merchant and amount significantly above customer baseline.""}",
RC00000884,95,0.9100,High-confidence fraud investigation for RC00000884; keep the transaction held and open dispute workflow.,"{""score"":95,""confidence"":0.91,""ring"":""RING-184"",""reason"":""PaySim-style fraud pattern: account depletion via transfer or cash-out.""}",
RC00000885,54,0.7800,Elevated-risk investigation for RC00000885; keep under review pending confirmation.,"{""score"":54,""confidence"":0.78,""ring"":""RING-185"",""reason"":""High-risk merchant and amount significantly above customer baseline.""}",
RC00000886,93,0.9100,High-confidence fraud investigation for RC00000886; keep the transaction held and open dispute workflow.,"{""score"":93,""confidence"":0.91,""ring"":""RING-186"",""reason"":""PaySim-style fraud pattern: account depletion via transfer or cash-out.""}",
RC00000887,53,0.7800,Elevated-risk investigation for RC00000887; keep under review pending confirmation.,"{""score"":53,""confidence"":0.78,""ring"":""RING-187"",""reason"":""High-risk merchant and amount significantly above customer baseline.""}",
RC00000888,57,0.7800,Elevated-risk investigation for RC00000888; keep under review pending confirmation.,"{""score"":57,""confidence"":0.78,""ring"":""RING-188"",""reason"":""High-risk merchant and amount significantly above customer baseline.""}",
RC00000889,52,0.7800,Elevated-risk investigation for RC00000889; keep under review pending confirmation.,"{""score"":52,""confidence"":0.78,""ring"":""RING-189"",""reason"":""High-risk merchant and amount significantly above customer baseline.""}",
RC00000890,95,0.9100,High-confidence fraud investigation for RC00000890; keep the transaction held and open dispute workflow.,"{""score"":95,""confidence"":0.91,""ring"":""RING-190"",""reason"":""PaySim-style fraud pattern: account depletion via transfer or cash-out.""}",
RC00000891,56,0.7800,Elevated-risk investigation for RC00000891; keep under review pending confirmation.,"{""score"":56,""confidence"":0.78,""ring"":""RING-191"",""reason"":""High-risk merchant and amount significantly above customer baseline.""}",
RC00000892,56,0.7800,Elevated-risk investigation for RC00000892; keep under review pending confirmation.,"{""score"":56,""confidence"":0.78,""ring"":""RING-192"",""reason"":""High-risk merchant and amount significantly above customer baseline.""}",
RC00000893,97,0.9100,High-confidence fraud investigation for RC00000893; keep the transaction held and open dispute workflow.,"{""score"":97,""confidence"":0.91,""ring"":""RING-193"",""reason"":""PaySim-style fraud pattern: account depletion via transfer or cash-out.""}",
RC00000894,55,0.7800,Elevated-risk investigation for RC00000894; keep under review pending confirmation.,"{""score"":55,""confidence"":0.78,""ring"":""RING-194"",""reason"":""High-risk merchant and amount significantly above customer baseline.""}",
RC00000895,95,0.9100,High-confidence fraud investigation for RC00000895; keep the transaction held and open dispute workflow.,"{""score"":95,""confidence"":0.91,""ring"":""RING-195"",""reason"":""PaySim-style fraud pattern: account depletion via transfer or cash-out.""}",
RC00000896,54,0.7800,Elevated-risk investigation for RC00000896; keep under review pending confirmation.,"{""score"":54,""confidence"":0.78,""ring"":""RING-196"",""reason"":""High-risk merchant and amount significantly above customer baseline.""}",
RC00000897,54,0.7800,Elevated-risk investigation for RC00000897; keep under review pending confirmation.,"{""score"":54,""confidence"":0.78,""ring"":""RING-197"",""reason"":""High-risk merchant and amount significantly above customer baseline.""}",
RC00000898,97,0.9100,High-confidence fraud investigation for RC00000898; keep the transaction held and open dispute workflow.,"{""score"":97,""confidence"":0.91,""ring"":""RING-198"",""reason"":""PaySim-style fraud pattern: account depletion via transfer or cash-out.""}",
RC00000899,53,0.7800,Elevated-risk investigation for RC00000899; keep under review pending confirmation.,"{""score"":53,""confidence"":0.78,""ring"":""RING-199"",""reason"":""High-risk merchant and amount significantly above customer baseline.""}",
RC00000900,51,0.7800,Elevated-risk investigation for RC00000900; keep under review pending confirmation.,"{""score"":51,""confidence"":0.78,""ring"":""RING-140"",""reason"":""High-risk merchant and amount significantly above customer baseline.""}",
RC00000901,89,0.9100,High-confidence fraud investigation for RC00000901; keep the transaction held and open dispute workflow.,"{""score"":89,""confidence"":0.91,""ring"":""RING-141"",""reason"":""PaySim-style fraud pattern: account depletion via transfer or cash-out.""}",
RC00000902,97,0.9100,High-confidence fraud investigation for RC00000902; keep the transaction held and open dispute workflow.,"{""score"":97,""confidence"":0.91,""ring"":""RING-142"",""reason"":""PaySim-style fraud pattern: account depletion via transfer or cash-out.""}",
RC00000903,54,0.7800,Elevated-risk investigation for RC00000903; keep under review pending confirmation.,"{""score"":54,""confidence"":0.78,""ring"":""RING-143"",""reason"":""High-risk merchant and amount significantly above customer baseline.""}",
RC00000904,53,0.7800,Elevated-risk investigation for RC00000904; keep under review pending confirmation.,"{""score"":53,""confidence"":0.78,""ring"":""RING-144"",""reason"":""High-risk merchant and amount significantly above customer baseline.""}",
RC00000905,53,0.7800,Elevated-risk investigation for RC00000905; keep under review pending confirmation.,"{""score"":53,""confidence"":0.78,""ring"":""RING-145"",""reason"":""High-risk merchant and amount significantly above customer baseline.""}",
RC00000906,52,0.7800,Elevated-risk investigation for RC00000906; keep under review pending confirmation.,"{""score"":52,""confidence"":0.78,""ring"":""RING-146"",""reason"":""High-risk merchant and amount significantly above customer baseline.""}",
RC00000907,53,0.7800,Elevated-risk investigation for RC00000907; keep under review pending confirmation.,"{""score"":53,""confidence"":0.78,""ring"":""RING-147"",""reason"":""High-risk merchant and amount significantly above customer baseline.""}",
RC00000908,91,0.9100,High-confidence fraud investigation for RC00000908; keep the transaction held and open dispute workflow.,"{""score"":91,""confidence"":0.91,""ring"":""RING-148"",""reason"":""PaySim-style fraud pattern: account depletion via transfer or cash-out.""}",
RC00000909,88,0.9100,High-confidence fraud investigation for RC00000909; keep the transaction held and open dispute workflow.,"{""score"":88,""confidence"":0.91,""ring"":""RING-149"",""reason"":""PaySim-style fraud pattern: account depletion via transfer or cash-out.""}",
RC00000910,56,0.7800,Elevated-risk investigation for RC00000910; keep under review pending confirmation.,"{""score"":56,""confidence"":0.78,""ring"":""RING-150"",""reason"":""High-risk merchant and amount significantly above customer baseline.""}",
RC00000911,56,0.7800,Elevated-risk investigation for RC00000911; keep under review pending confirmation.,"{""score"":56,""confidence"":0.78,""ring"":""RING-151"",""reason"":""High-risk merchant and amount significantly above customer baseline.""}",
RC00000912,56,0.7800,Elevated-risk investigation for RC00000912; keep under review pending confirmation.,"{""score"":56,""confidence"":0.78,""ring"":""RING-152"",""reason"":""High-risk merchant and amount significantly above customer baseline.""}",
RC00000913,55,0.7800,Elevated-risk investigation for RC00000913; keep under review pending confirmation.,"{""score"":55,""confidence"":0.78,""ring"":""RING-153"",""reason"":""High-risk merchant and amount significantly above customer baseline.""}",
RC00000914,55,0.7800,Elevated-risk investigation for RC00000914; keep under review pending confirmation.,"{""score"":55,""confidence"":0.78,""ring"":""RING-154"",""reason"":""High-risk merchant and amount significantly above customer baseline.""}",
RC00000915,95,0.9100,High-confidence fraud investigation for RC00000915; keep the transaction held and open dispute workflow.,"{""score"":95,""confidence"":0.91,""ring"":""RING-155"",""reason"":""PaySim-style fraud pattern: account depletion via transfer or cash-out.""}",
RC00000916,56,0.7800,Elevated-risk investigation for RC00000916; keep under review pending confirmation.,"{""score"":56,""confidence"":0.78,""ring"":""RING-156"",""reason"":""High-risk merchant and amount significantly above customer baseline.""}",
RC00000917,56,0.7800,Elevated-risk investigation for RC00000917; keep under review pending confirmation.,"{""score"":56,""confidence"":0.78,""ring"":""RING-157"",""reason"":""High-risk merchant and amount significantly above customer baseline.""}",
RC00000918,83,0.7800,Elevated-risk investigation for RC00000918; keep under review pending confirmation.,"{""score"":83,""confidence"":0.78,""ring"":""RING-158"",""reason"":""PaySim-style fraud pattern: account depletion via transfer or cash-out.""}",
RC00000919,55,0.7800,Elevated-risk investigation for RC00000919; keep under review pending confirmation.,"{""score"":55,""confidence"":0.78,""ring"":""RING-159"",""reason"":""High-risk merchant and amount significantly above customer baseline.""}",
RC00000920,55,0.7800,Elevated-risk investigation for RC00000920; keep under review pending confirmation.,"{""score"":55,""confidence"":0.78,""ring"":""RING-160"",""reason"":""High-risk merchant and amount significantly above customer baseline.""}",
RC00000921,87,0.9100,High-confidence fraud investigation for RC00000921; keep the transaction held and open dispute workflow.,"{""score"":87,""confidence"":0.91,""ring"":""RING-161"",""reason"":""PaySim-style fraud pattern: account depletion via transfer or cash-out.""}",
RC00000922,54,0.7800,Elevated-risk investigation for RC00000922; keep under review pending confirmation.,"{""score"":54,""confidence"":0.78,""ring"":""RING-162"",""reason"":""High-risk merchant and amount significantly above customer baseline.""}",
RC00000923,54,0.7800,Elevated-risk investigation for RC00000923; keep under review pending confirmation.,"{""score"":54,""confidence"":0.78,""ring"":""RING-163"",""reason"":""High-risk merchant and amount significantly above customer baseline.""}",
RC00000924,94,0.9100,High-confidence fraud investigation for RC00000924; keep the transaction held and open dispute workflow.,"{""score"":94,""confidence"":0.91,""ring"":""RING-164"",""reason"":""PaySim-style fraud pattern: account depletion via transfer or cash-out.""}",
RC00000925,58,0.7800,Elevated-risk investigation for RC00000925; keep under review pending confirmation.,"{""score"":58,""confidence"":0.78,""ring"":""RING-165"",""reason"":""High-risk merchant and amount significantly above customer baseline.""}",
RC00000926,52,0.7800,Elevated-risk investigation for RC00000926; keep under review pending confirmation.,"{""score"":52,""confidence"":0.78,""ring"":""RING-166"",""reason"":""High-risk merchant and amount significantly above customer baseline.""}",
RC00000927,92,0.9100,High-confidence fraud investigation for RC00000927; keep the transaction held and open dispute workflow.,"{""score"":92,""confidence"":0.91,""ring"":""RING-167"",""reason"":""PaySim-style fraud pattern: account depletion via transfer or cash-out.""}",
RC00000928,58,0.7800,Elevated-risk investigation for RC00000928; keep under review pending confirmation.,"{""score"":58,""confidence"":0.78,""ring"":""RING-168"",""reason"":""High-risk merchant and amount significantly above customer baseline.""}",
RC00000929,53,0.7800,Elevated-risk investigation for RC00000929; keep under review pending confirmation.,"{""score"":53,""confidence"":0.78,""ring"":""RING-169"",""reason"":""High-risk merchant and amount significantly above customer baseline.""}",
RC00000930,91,0.9100,High-confidence fraud investigation for RC00000930; keep the transaction held and open dispute workflow.,"{""score"":91,""confidence"":0.91,""ring"":""RING-170"",""reason"":""PaySim-style fraud pattern: account depletion via transfer or cash-out.""}",
RC00000931,57,0.7800,Elevated-risk investigation for RC00000931; keep under review pending confirmation.,"{""score"":57,""confidence"":0.78,""ring"":""RING-171"",""reason"":""High-risk merchant and amount significantly above customer baseline.""}",
RC00000932,57,0.7800,Elevated-risk investigation for RC00000932; keep under review pending confirmation.,"{""score"":57,""confidence"":0.78,""ring"":""RING-172"",""reason"":""High-risk merchant and amount significantly above customer baseline.""}",
RC00000933,88,0.9100,High-confidence fraud investigation for RC00000933; keep the transaction held and open dispute workflow.,"{""score"":88,""confidence"":0.91,""ring"":""RING-173"",""reason"":""PaySim-style fraud pattern: account depletion via transfer or cash-out.""}",
RC00000934,52,0.7800,Elevated-risk investigation for RC00000934; keep under review pending confirmation.,"{""score"":52,""confidence"":0.78,""ring"":""RING-174"",""reason"":""High-risk merchant and amount significantly above customer baseline.""}",
RC00000935,52,0.7800,Elevated-risk investigation for RC00000935; keep under review pending confirmation.,"{""score"":52,""confidence"":0.78,""ring"":""RING-175"",""reason"":""High-risk merchant and amount significantly above customer baseline.""}",
RC00000936,51,0.7800,Elevated-risk investigation for RC00000936; keep under review pending confirmation.,"{""score"":51,""confidence"":0.78,""ring"":""RING-176"",""reason"":""High-risk merchant and amount significantly above customer baseline.""}",
RC00000937,52,0.7800,Elevated-risk investigation for RC00000937; keep under review pending confirmation.,"{""score"":52,""confidence"":0.78,""ring"":""RING-177"",""reason"":""High-risk merchant and amount significantly above customer baseline.""}",
RC00000938,90,0.9100,High-confidence fraud investigation for RC00000938; keep the transaction held and open dispute workflow.,"{""score"":90,""confidence"":0.91,""ring"":""RING-178"",""reason"":""PaySim-style fraud pattern: account depletion via transfer or cash-out.""}",
RC00000939,56,0.7800,Elevated-risk investigation for RC00000939; keep under review pending confirmation.,"{""score"":56,""confidence"":0.78,""ring"":""RING-179"",""reason"":""High-risk merchant and amount significantly above customer baseline.""}",
RC00000940,51,0.7800,Elevated-risk investigation for RC00000940; keep under review pending confirmation.,"{""score"":51,""confidence"":0.78,""ring"":""RING-180"",""reason"":""High-risk merchant and amount significantly above customer baseline.""}",
RC00000941,88,0.9100,High-confidence fraud investigation for RC00000941; keep the transaction held and open dispute workflow.,"{""score"":88,""confidence"":0.91,""ring"":""RING-181"",""reason"":""PaySim-style fraud pattern: account depletion via transfer or cash-out.""}",
RC00000942,54,0.7800,Elevated-risk investigation for RC00000942; keep under review pending confirmation.,"{""score"":54,""confidence"":0.78,""ring"":""RING-182"",""reason"":""High-risk merchant and amount significantly above customer baseline.""}",
RC00000943,54,0.7800,Elevated-risk investigation for RC00000943; keep under review pending confirmation.,"{""score"":54,""confidence"":0.78,""ring"":""RING-183"",""reason"":""High-risk merchant and amount significantly above customer baseline.""}",
RC00000944,54,0.7800,Elevated-risk investigation for RC00000944; keep under review pending confirmation.,"{""score"":54,""confidence"":0.78,""ring"":""RING-184"",""reason"":""High-risk merchant and amount significantly above customer baseline.""}",
RC00000945,54,0.7800,Elevated-risk investigation for RC00000945; keep under review pending confirmation.,"{""score"":54,""confidence"":0.78,""ring"":""RING-185"",""reason"":""High-risk merchant and amount significantly above customer baseline.""}",
RC00000946,94,0.9100,High-confidence fraud investigation for RC00000946; keep the transaction held and open dispute workflow.,"{""score"":94,""confidence"":0.91,""ring"":""RING-186"",""reason"":""PaySim-style fraud pattern: account depletion via transfer or cash-out.""}",
RC00000947,54,0.7800,Elevated-risk investigation for RC00000947; keep under review pending confirmation.,"{""score"":54,""confidence"":0.78,""ring"":""RING-187"",""reason"":""High-risk merchant and amount significantly above customer baseline.""}",
RC00000948,92,0.9100,High-confidence fraud investigation for RC00000948; keep the transaction held and open dispute workflow.,"{""score"":92,""confidence"":0.91,""ring"":""RING-188"",""reason"":""PaySim-style fraud pattern: account depletion via transfer or cash-out.""}",
RC00000949,55,0.7800,Elevated-risk investigation for RC00000949; keep under review pending confirmation.,"{""score"":55,""confidence"":0.78,""ring"":""RING-189"",""reason"":""High-risk merchant and amount significantly above customer baseline.""}",
RC00000950,95,0.9100,High-confidence fraud investigation for RC00000950; keep the transaction held and open dispute workflow.,"{""score"":95,""confidence"":0.91,""ring"":""RING-190"",""reason"":""PaySim-style fraud pattern: account depletion via transfer or cash-out.""}",
RC00000951,54,0.7800,Elevated-risk investigation for RC00000951; keep under review pending confirmation.,"{""score"":54,""confidence"":0.78,""ring"":""RING-191"",""reason"":""High-risk merchant and amount significantly above customer baseline.""}",
RC00000952,54,0.7800,Elevated-risk investigation for RC00000952; keep under review pending confirmation.,"{""score"":54,""confidence"":0.78,""ring"":""RING-192"",""reason"":""High-risk merchant and amount significantly above customer baseline.""}",
RC00000953,53,0.7800,Elevated-risk investigation for RC00000953; keep under review pending confirmation.,"{""score"":53,""confidence"":0.78,""ring"":""RING-193"",""reason"":""High-risk merchant and amount significantly above customer baseline.""}",
RC00000954,53,0.7800,Elevated-risk investigation for RC00000954; keep under review pending confirmation.,"{""score"":53,""confidence"":0.78,""ring"":""RING-194"",""reason"":""High-risk merchant and amount significantly above customer baseline.""}",
RC00000955,93,0.9100,High-confidence fraud investigation for RC00000955; keep the transaction held and open dispute workflow.,"{""score"":93,""confidence"":0.91,""ring"":""RING-195"",""reason"":""PaySim-style fraud pattern: account depletion via transfer or cash-out.""}",
RC00000956,53,0.7800,Elevated-risk investigation for RC00000956; keep under review pending confirmation.,"{""score"":53,""confidence"":0.78,""ring"":""RING-196"",""reason"":""High-risk merchant and amount significantly above customer baseline.""}",
RC00000957,91,0.9100,High-confidence fraud investigation for RC00000957; keep the transaction held and open dispute workflow.,"{""score"":91,""confidence"":0.91,""ring"":""RING-197"",""reason"":""PaySim-style fraud pattern: account depletion via transfer or cash-out.""}",
RC00000958,57,0.7800,Elevated-risk investigation for RC00000958; keep under review pending confirmation.,"{""score"":57,""confidence"":0.78,""ring"":""RING-198"",""reason"":""High-risk merchant and amount significantly above customer baseline.""}",
RC00000959,52,0.7800,Elevated-risk investigation for RC00000959; keep under review pending confirmation.,"{""score"":52,""confidence"":0.78,""ring"":""RING-199"",""reason"":""High-risk merchant and amount significantly above customer baseline.""}",
RC00000960,56,0.7800,Elevated-risk investigation for RC00000960; keep under review pending confirmation.,"{""score"":56,""confidence"":0.78,""ring"":""RING-140"",""reason"":""High-risk merchant and amount significantly above customer baseline.""}",
RC00000961,56,0.7800,Elevated-risk investigation for RC00000961; keep under review pending confirmation.,"{""score"":56,""confidence"":0.78,""ring"":""RING-141"",""reason"":""High-risk merchant and amount significantly above customer baseline.""}",
RC00000962,56,0.7800,Elevated-risk investigation for RC00000962; keep under review pending confirmation.,"{""score"":56,""confidence"":0.78,""ring"":""RING-142"",""reason"":""High-risk merchant and amount significantly above customer baseline.""}",
RC00000963,56,0.7800,Elevated-risk investigation for RC00000963; keep under review pending confirmation.,"{""score"":56,""confidence"":0.78,""ring"":""RING-143"",""reason"":""High-risk merchant and amount significantly above customer baseline.""}",
RC00000964,88,0.9100,High-confidence fraud investigation for RC00000964; keep the transaction held and open dispute workflow.,"{""score"":88,""confidence"":0.91,""ring"":""RING-144"",""reason"":""PaySim-style fraud pattern: account depletion via transfer or cash-out.""}",
RC00000965,95,0.9100,High-confidence fraud investigation for RC00000965; keep the transaction held and open dispute workflow.,"{""score"":95,""confidence"":0.91,""ring"":""RING-145"",""reason"":""PaySim-style fraud pattern: account depletion via transfer or cash-out.""}",
RC00000966,54,0.7800,Elevated-risk investigation for RC00000966; keep under review pending confirmation.,"{""score"":54,""confidence"":0.78,""ring"":""RING-146"",""reason"":""High-risk merchant and amount significantly above customer baseline.""}",
RC00000967,54,0.7800,Elevated-risk investigation for RC00000967; keep under review pending confirmation.,"{""score"":54,""confidence"":0.78,""ring"":""RING-147"",""reason"":""High-risk merchant and amount significantly above customer baseline.""}",
RC00000968,53,0.7800,Elevated-risk investigation for RC00000968; keep under review pending confirmation.,"{""score"":53,""confidence"":0.78,""ring"":""RING-148"",""reason"":""High-risk merchant and amount significantly above customer baseline.""}",
RC00000969,53,0.7800,Elevated-risk investigation for RC00000969; keep under review pending confirmation.,"{""score"":53,""confidence"":0.78,""ring"":""RING-149"",""reason"":""High-risk merchant and amount significantly above customer baseline.""}",
RC00000970,58,0.7800,Elevated-risk investigation for RC00000970; keep under review pending confirmation.,"{""score"":58,""confidence"":0.78,""ring"":""RING-150"",""reason"":""High-risk merchant and amount significantly above customer baseline.""}",
RC00000971,87,0.9100,High-confidence fraud investigation for RC00000971; keep the transaction held and open dispute workflow.,"{""score"":87,""confidence"":0.91,""ring"":""RING-151"",""reason"":""PaySim-style fraud pattern: account depletion via transfer or cash-out.""}",
RC00000972,54,0.7800,Elevated-risk investigation for RC00000972; keep under review pending confirmation.,"{""score"":54,""confidence"":0.78,""ring"":""RING-152"",""reason"":""High-risk merchant and amount significantly above customer baseline.""}",
RC00000973,95,0.9100,High-confidence fraud investigation for RC00000973; keep the transaction held and open dispute workflow.,"{""score"":95,""confidence"":0.91,""ring"":""RING-153"",""reason"":""PaySim-style fraud pattern: account depletion via transfer or cash-out.""}",
RC00000974,53,0.7800,Elevated-risk investigation for RC00000974; keep under review pending confirmation.,"{""score"":53,""confidence"":0.78,""ring"":""RING-154"",""reason"":""High-risk merchant and amount significantly above customer baseline.""}",
RC00000975,53,0.7800,Elevated-risk investigation for RC00000975; keep under review pending confirmation.,"{""score"":53,""confidence"":0.78,""ring"":""RING-155"",""reason"":""High-risk merchant and amount significantly above customer baseline.""}",
RC00000976,52,0.7800,Elevated-risk investigation for RC00000976; keep under review pending confirmation.,"{""score"":52,""confidence"":0.78,""ring"":""RING-156"",""reason"":""High-risk merchant and amount significantly above customer baseline.""}",
RC00000977,52,0.7800,Elevated-risk investigation for RC00000977; keep under review pending confirmation.,"{""score"":52,""confidence"":0.78,""ring"":""RING-157"",""reason"":""High-risk merchant and amount significantly above customer baseline.""}",
RC00000978,52,0.7800,Elevated-risk investigation for RC00000978; keep under review pending confirmation.,"{""score"":52,""confidence"":0.78,""ring"":""RING-158"",""reason"":""High-risk merchant and amount significantly above customer baseline.""}",
RC00000979,91,0.9100,High-confidence fraud investigation for RC00000979; keep the transaction held and open dispute workflow.,"{""score"":91,""confidence"":0.91,""ring"":""RING-159"",""reason"":""PaySim-style fraud pattern: account depletion via transfer or cash-out.""}",
RC00000980,57,0.7800,Elevated-risk investigation for RC00000980; keep under review pending confirmation.,"{""score"":57,""confidence"":0.78,""ring"":""RING-160"",""reason"":""High-risk merchant and amount significantly above customer baseline.""}",
RC00000981,56,0.7800,Elevated-risk investigation for RC00000981; keep under review pending confirmation.,"{""score"":56,""confidence"":0.78,""ring"":""RING-161"",""reason"":""High-risk merchant and amount significantly above customer baseline.""}",
RC00000982,56,0.7800,Elevated-risk investigation for RC00000982; keep under review pending confirmation.,"{""score"":56,""confidence"":0.78,""ring"":""RING-162"",""reason"":""High-risk merchant and amount significantly above customer baseline.""}",
RC00000983,55,0.7800,Elevated-risk investigation for RC00000983; keep under review pending confirmation.,"{""score"":55,""confidence"":0.78,""ring"":""RING-163"",""reason"":""High-risk merchant and amount significantly above customer baseline.""}",
RC00000984,55,0.7800,Elevated-risk investigation for RC00000984; keep under review pending confirmation.,"{""score"":55,""confidence"":0.78,""ring"":""RING-164"",""reason"":""High-risk merchant and amount significantly above customer baseline.""}",
RC00000985,57,0.7800,Elevated-risk investigation for RC00000985; keep under review pending confirmation.,"{""score"":57,""confidence"":0.78,""ring"":""RING-165"",""reason"":""High-risk merchant and amount significantly above customer baseline.""}",
RC00000986,91,0.9100,High-confidence fraud investigation for RC00000986; keep the transaction held and open dispute workflow.,"{""score"":91,""confidence"":0.91,""ring"":""RING-166"",""reason"":""PaySim-style fraud pattern: account depletion via transfer or cash-out.""}",
RC00000987,56,0.7800,Elevated-risk investigation for RC00000987; keep under review pending confirmation.,"{""score"":56,""confidence"":0.78,""ring"":""RING-167"",""reason"":""High-risk merchant and amount significantly above customer baseline.""}",
RC00000988,56,0.7800,Elevated-risk investigation for RC00000988; keep under review pending confirmation.,"{""score"":56,""confidence"":0.78,""ring"":""RING-168"",""reason"":""High-risk merchant and amount significantly above customer baseline.""}",
RC00000989,55,0.7800,Elevated-risk investigation for RC00000989; keep under review pending confirmation.,"{""score"":55,""confidence"":0.78,""ring"":""RING-169"",""reason"":""High-risk merchant and amount significantly above customer baseline.""}",
RC00000990,55,0.7800,Elevated-risk investigation for RC00000990; keep under review pending confirmation.,"{""score"":55,""confidence"":0.78,""ring"":""RING-170"",""reason"":""High-risk merchant and amount significantly above customer baseline.""}",
RC00000991,54,0.7800,Elevated-risk investigation for RC00000991; keep under review pending confirmation.,"{""score"":54,""confidence"":0.78,""ring"":""RING-171"",""reason"":""High-risk merchant and amount significantly above customer baseline.""}",
RC00000992,54,0.7800,Elevated-risk investigation for RC00000992; keep under review pending confirmation.,"{""score"":54,""confidence"":0.78,""ring"":""RING-172"",""reason"":""High-risk merchant and amount significantly above customer baseline.""}",
RC00000993,53,0.7800,Elevated-risk investigation for RC00000993; keep under review pending confirmation.,"{""score"":53,""confidence"":0.78,""ring"":""RING-173"",""reason"":""High-risk merchant and amount significantly above customer baseline.""}",
RC00000994,94,0.9100,High-confidence fraud investigation for RC00000994; keep the transaction held and open dispute workflow.,"{""score"":94,""confidence"":0.91,""ring"":""RING-174"",""reason"":""PaySim-style fraud pattern: account depletion via transfer or cash-out.""}",
RC00000995,53,0.7800,Elevated-risk investigation for RC00000995; keep under review pending confirmation.,"{""score"":53,""confidence"":0.78,""ring"":""RING-175"",""reason"":""High-risk merchant and amount significantly above customer baseline.""}",
RC00000996,53,0.7800,Elevated-risk investigation for RC00000996; keep under review pending confirmation.,"{""score"":53,""confidence"":0.78,""ring"":""RING-176"",""reason"":""High-risk merchant and amount significantly above customer baseline.""}",
RC00000997,58,0.7800,Elevated-risk investigation for RC00000997; keep under review pending confirmation.,"{""score"":58,""confidence"":0.78,""ring"":""RING-177"",""reason"":""High-risk merchant and amount significantly above customer baseline.""}",
RC00000998,52,0.7800,Elevated-risk investigation for RC00000998; keep under review pending confirmation.,"{""score"":52,""confidence"":0.78,""ring"":""RING-178"",""reason"":""High-risk merchant and amount significantly above customer baseline.""}",
RC00000999,57,0.7800,Elevated-risk investigation for RC00000999; keep under review pending confirmation.,"{""score"":57,""confidence"":0.78,""ring"":""RING-179"",""reason"":""High-risk merchant and amount significantly above customer baseline.""}",
RC00001000,56,0.7800,Elevated-risk investigation for RC00001000; keep under review pending confirmation.,"{""score"":56,""confidence"":0.78,""ring"":""RING-180"",""reason"":""High-risk merchant and amount significantly above customer baseline.""}",
RC00001001,55,0.7800,Elevated-risk investigation for RC00001001; keep under review pending confirmation.,"{""score"":55,""confidence"":0.78,""ring"":""RING-181"",""reason"":""High-risk merchant and amount significantly above customer baseline.""}",
RC00001002,96,0.9100,High-confidence fraud investigation for RC00001002; keep the transaction held and open dispute workflow.,"{""score"":96,""confidence"":0.91,""ring"":""RING-182"",""reason"":""PaySim-style fraud pattern: account depletion via transfer or cash-out.""}",
RC00001003,52,0.7800,Elevated-risk investigation for RC00001003; keep under review pending confirmation.,"{""score"":52,""confidence"":0.78,""ring"":""RING-183"",""reason"":""High-risk merchant and amount significantly above customer baseline.""}",
RC00001004,52,0.7800,Elevated-risk investigation for RC00001004; keep under review pending confirmation.,"{""score"":52,""confidence"":0.78,""ring"":""RING-184"",""reason"":""High-risk merchant and amount significantly above customer baseline.""}",
RC00001005,51,0.7800,Elevated-risk investigation for RC00001005; keep under review pending confirmation.,"{""score"":51,""confidence"":0.78,""ring"":""RING-185"",""reason"":""High-risk merchant and amount significantly above customer baseline.""}",
RC00001006,51,0.7800,Elevated-risk investigation for RC00001006; keep under review pending confirmation.,"{""score"":51,""confidence"":0.78,""ring"":""RING-186"",""reason"":""High-risk merchant and amount significantly above customer baseline.""}",
RC00001007,56,0.7800,Elevated-risk investigation for RC00001007; keep under review pending confirmation.,"{""score"":56,""confidence"":0.78,""ring"":""RING-187"",""reason"":""High-risk merchant and amount significantly above customer baseline.""}",
RC00001008,55,0.7800,Elevated-risk investigation for RC00001008; keep under review pending confirmation.,"{""score"":55,""confidence"":0.78,""ring"":""RING-188"",""reason"":""High-risk merchant and amount significantly above customer baseline.""}",
RC00001009,56,0.7800,Elevated-risk investigation for RC00001009; keep under review pending confirmation.,"{""score"":56,""confidence"":0.78,""ring"":""RING-189"",""reason"":""High-risk merchant and amount significantly above customer baseline.""}",
RC00001010,56,0.7800,Elevated-risk investigation for RC00001010; keep under review pending confirmation.,"{""score"":56,""confidence"":0.78,""ring"":""RING-190"",""reason"":""High-risk merchant and amount significantly above customer baseline.""}",
RC00001011,88,0.9100,High-confidence fraud investigation for RC00001011; keep the transaction held and open dispute workflow.,"{""score"":88,""confidence"":0.91,""ring"":""RING-191"",""reason"":""PaySim-style fraud pattern: account depletion via transfer or cash-out.""}",
RC00001012,55,0.7800,Elevated-risk investigation for RC00001012; keep under review pending confirmation.,"{""score"":55,""confidence"":0.78,""ring"":""RING-192"",""reason"":""High-risk merchant and amount significantly above customer baseline.""}",
RC00001013,55,0.7800,Elevated-risk investigation for RC00001013; keep under review pending confirmation.,"{""score"":55,""confidence"":0.78,""ring"":""RING-193"",""reason"":""High-risk merchant and amount significantly above customer baseline.""}",
RC00001014,54,0.7800,Elevated-risk investigation for RC00001014; keep under review pending confirmation.,"{""score"":54,""confidence"":0.78,""ring"":""RING-194"",""reason"":""High-risk merchant and amount significantly above customer baseline.""}",
RC00001015,54,0.7800,Elevated-risk investigation for RC00001015; keep under review pending confirmation.,"{""score"":54,""confidence"":0.78,""ring"":""RING-195"",""reason"":""High-risk merchant and amount significantly above customer baseline.""}",
RC00001016,53,0.7800,Elevated-risk investigation for RC00001016; keep under review pending confirmation.,"{""score"":53,""confidence"":0.78,""ring"":""RING-196"",""reason"":""High-risk merchant and amount significantly above customer baseline.""}",
RC00001017,97,0.9100,High-confidence fraud investigation for RC00001017; keep the transaction held and open dispute workflow.,"{""score"":97,""confidence"":0.91,""ring"":""RING-197"",""reason"":""PaySim-style fraud pattern: account depletion via transfer or cash-out.""}",
RC00001018,57,0.7800,Elevated-risk investigation for RC00001018; keep under review pending confirmation.,"{""score"":57,""confidence"":0.78,""ring"":""RING-198"",""reason"":""High-risk merchant and amount significantly above customer baseline.""}",
RC00001019,57,0.7800,Elevated-risk investigation for RC00001019; keep under review pending confirmation.,"{""score"":57,""confidence"":0.78,""ring"":""RING-199"",""reason"":""High-risk merchant and amount significantly above customer baseline.""}",
RC00001020,90,0.9100,High-confidence fraud investigation for RC00001020; keep the transaction held and open dispute workflow.,"{""score"":90,""confidence"":0.91,""ring"":""RING-140"",""reason"":""PaySim-style fraud pattern: account depletion via transfer or cash-out.""}",
RC00001021,56,0.7800,Elevated-risk investigation for RC00001021; keep under review pending confirmation.,"{""score"":56,""confidence"":0.78,""ring"":""RING-141"",""reason"":""High-risk merchant and amount significantly above customer baseline.""}",
RC00001022,54,0.7800,Elevated-risk investigation for RC00001022; keep under review pending confirmation.,"{""score"":54,""confidence"":0.78,""ring"":""RING-142"",""reason"":""High-risk merchant and amount significantly above customer baseline.""}",
RC00001023,53,0.7800,Elevated-risk investigation for RC00001023; keep under review pending confirmation.,"{""score"":53,""confidence"":0.78,""ring"":""RING-143"",""reason"":""High-risk merchant and amount significantly above customer baseline.""}",
RC00001024,53,0.7800,Elevated-risk investigation for RC00001024; keep under review pending confirmation.,"{""score"":53,""confidence"":0.78,""ring"":""RING-144"",""reason"":""High-risk merchant and amount significantly above customer baseline.""}",
RC00001025,52,0.7800,Elevated-risk investigation for RC00001025; keep under review pending confirmation.,"{""score"":52,""confidence"":0.78,""ring"":""RING-145"",""reason"":""High-risk merchant and amount significantly above customer baseline.""}",
RC00001026,58,0.7800,Elevated-risk investigation for RC00001026; keep under review pending confirmation.,"{""score"":58,""confidence"":0.78,""ring"":""RING-146"",""reason"":""High-risk merchant and amount significantly above customer baseline.""}",
RC00001027,52,0.7800,Elevated-risk investigation for RC00001027; keep under review pending confirmation.,"{""score"":52,""confidence"":0.78,""ring"":""RING-147"",""reason"":""High-risk merchant and amount significantly above customer baseline.""}",
RC00001028,52,0.7800,Elevated-risk investigation for RC00001028; keep under review pending confirmation.,"{""score"":52,""confidence"":0.78,""ring"":""RING-148"",""reason"":""High-risk merchant and amount significantly above customer baseline.""}",
RC00001029,92,0.9100,High-confidence fraud investigation for RC00001029; keep the transaction held and open dispute workflow.,"{""score"":92,""confidence"":0.91,""ring"":""RING-149"",""reason"":""PaySim-style fraud pattern: account depletion via transfer or cash-out.""}",
RC00001030,57,0.7800,Elevated-risk investigation for RC00001030; keep under review pending confirmation.,"{""score"":57,""confidence"":0.78,""ring"":""RING-150"",""reason"":""High-risk merchant and amount significantly above customer baseline.""}",
RC00001031,56,0.7800,Elevated-risk investigation for RC00001031; keep under review pending confirmation.,"{""score"":56,""confidence"":0.78,""ring"":""RING-151"",""reason"":""High-risk merchant and amount significantly above customer baseline.""}",
RC00001032,56,0.7800,Elevated-risk investigation for RC00001032; keep under review pending confirmation.,"{""score"":56,""confidence"":0.78,""ring"":""RING-152"",""reason"":""High-risk merchant and amount significantly above customer baseline.""}",
RC00001033,55,0.7800,Elevated-risk investigation for RC00001033; keep under review pending confirmation.,"{""score"":55,""confidence"":0.78,""ring"":""RING-153"",""reason"":""High-risk merchant and amount significantly above customer baseline.""}",
RC00001034,60,0.7800,Elevated-risk investigation for RC00001034; keep under review pending confirmation.,"{""score"":60,""confidence"":0.78,""ring"":""RING-154"",""reason"":""High-risk merchant and amount significantly above customer baseline.""}",
RC00001035,53,0.7800,Elevated-risk investigation for RC00001035; keep under review pending confirmation.,"{""score"":53,""confidence"":0.78,""ring"":""RING-155"",""reason"":""High-risk merchant and amount significantly above customer baseline.""}",
RC00001036,54,0.7800,Elevated-risk investigation for RC00001036; keep under review pending confirmation.,"{""score"":54,""confidence"":0.78,""ring"":""RING-156"",""reason"":""High-risk merchant and amount significantly above customer baseline.""}",
RC00001037,58,0.7800,Elevated-risk investigation for RC00001037; keep under review pending confirmation.,"{""score"":58,""confidence"":0.78,""ring"":""RING-157"",""reason"":""High-risk merchant and amount significantly above customer baseline.""}",
RC00001038,53,0.7800,Elevated-risk investigation for RC00001038; keep under review pending confirmation.,"{""score"":53,""confidence"":0.78,""ring"":""RING-158"",""reason"":""High-risk merchant and amount significantly above customer baseline.""}",
RC00001039,57,0.7800,Elevated-risk investigation for RC00001039; keep under review pending confirmation.,"{""score"":57,""confidence"":0.78,""ring"":""RING-159"",""reason"":""High-risk merchant and amount significantly above customer baseline.""}",
RC00001040,57,0.7800,Elevated-risk investigation for RC00001040; keep under review pending confirmation.,"{""score"":57,""confidence"":0.78,""ring"":""RING-160"",""reason"":""High-risk merchant and amount significantly above customer baseline.""}",
RC00001041,85,0.9100,High-confidence fraud investigation for RC00001041; keep the transaction held and open dispute workflow.,"{""score"":85,""confidence"":0.91,""ring"":""RING-161"",""reason"":""PaySim-style fraud pattern: account depletion via transfer or cash-out.""}",
RC00001042,53,0.7800,Elevated-risk investigation for RC00001042; keep under review pending confirmation.,"{""score"":53,""confidence"":0.78,""ring"":""RING-162"",""reason"":""High-risk merchant and amount significantly above customer baseline.""}",
