case_id,action_type,action_detail,status
RC00000001,Manual review,Review USD 600.00 transaction before release.,recommended
RC00000001,Write risk note,Persist cluster_RING_141 as an elevated-risk signal.,recommended
RC00000002,Manual review,Review USD 867.30 transaction before release.,recommended
RC00000002,Write risk note,Persist cluster_RING_142 as an elevated-risk signal.,recommended
RC00000003,Manual review,Review USD 1041.40 transaction before release.,recommended
RC00000003,Write risk note,Persist cluster_RING_143 as an elevated-risk signal.,recommended
RC00000004,Manual review,Review USD 3578.40 transaction before release.,recommended
RC00000004,Write risk note,Persist cluster_RING_144 as an elevated-risk signal.,recommended
RC00000005,Manual review,Review USD 2723.40 transaction before release.,recommended
RC00000005,Write risk note,Persist cluster_RING_145 as an elevated-risk signal.,recommended
RC00000006,Manual review,Review USD 2627.30 transaction before release.,recommended
RC00000006,Write risk note,Persist cluster_RING_146 as an elevated-risk signal.,recommended
RC00000007,Manual review,Review USD 1900.80 transaction before release.,recommended
RC00000007,Write risk note,Persist cluster_RING_147 as an elevated-risk signal.,recommended
RC00000008,Hold transaction,Keep USD 4290.00 held pending fraud-ops review.,recommended
RC00000008,Open dispute case,Start customer-confirmation and dispute workflow.,recommended
RC00000008,Write pattern memory,Persist cluster_RING_148 as a future recall signal.,recommended
RC00000009,Hold transaction,Keep USD 14064.00 held pending fraud-ops review.,recommended
RC00000009,Open dispute case,Start customer-confirmation and dispute workflow.,recommended
RC00000009,Write pattern memory,Persist cluster_RING_149 as a future recall signal.,recommended
RC00000010,Manual review,Review USD 1210.30 transaction before release.,recommended
RC00000010,Write risk note,Persist cluster_RING_150 as an elevated-risk signal.,recommended
RC00000011,Manual review,Review USD 1328.40 transaction before release.,recommended
RC00000011,Write risk note,Persist cluster_RING_151 as an elevated-risk signal.,recommended
RC00000012,Manual review,Review USD 3970.40 transaction before release.,recommended
RC00000012,Write risk note,Persist cluster_RING_152 as an elevated-risk signal.,recommended
RC00000013,Manual review,Review USD 3080.40 transaction before release.,recommended
RC00000013,Write risk note,Persist cluster_RING_153 as an elevated-risk signal.,recommended
RC00000014,Manual review,Review USD 2928.30 transaction before release.,recommended
RC00000014,Write risk note,Persist cluster_RING_154 as an elevated-risk signal.,recommended
RC00000015,Hold transaction,Keep USD 6822.00 held pending fraud-ops review.,recommended
RC00000015,Open dispute case,Start customer-confirmation and dispute workflow.,recommended
RC00000015,Write pattern memory,Persist cluster_RING_155 as a future recall signal.,recommended
RC00000016,Manual review,Review USD 2278.80 transaction before release.,recommended
RC00000016,Write risk note,Persist cluster_RING_156 as an elevated-risk signal.,recommended
RC00000017,Hold transaction,Keep USD 4990.00 held pending fraud-ops review.,recommended
RC00000017,Open dispute case,Start customer-confirmation and dispute workflow.,recommended
RC00000017,Write pattern memory,Persist cluster_RING_157 as a future recall signal.,recommended
RC00000018,Manual review,Review USD 2435.40 transaction before release.,recommended
RC00000018,Write risk note,Persist cluster_RING_158 as an elevated-risk signal.,recommended
RC00000019,Manual review,Review USD 5482.40 transaction before release.,recommended
RC00000019,Write risk note,Persist cluster_RING_159 as an elevated-risk signal.,recommended
RC00000020,Manual review,Review USD 748.80 transaction before release.,recommended
RC00000020,Write risk note,Persist cluster_RING_160 as an elevated-risk signal.,recommended
RC00000021,Manual review,Review USD 4457.40 transaction before release.,recommended
RC00000021,Write risk note,Persist cluster_RING_161 as an elevated-risk signal.,recommended
RC00000022,Manual review,Review USD 4089.30 transaction before release.,recommended
RC00000022,Write risk note,Persist cluster_RING_162 as an elevated-risk signal.,recommended
RC00000023,Hold transaction,Keep USD 1152.00 held pending fraud-ops review.,recommended
RC00000023,Open dispute case,Start customer-confirmation and dispute workflow.,recommended
RC00000023,Write pattern memory,Persist cluster_RING_163 as a future recall signal.,recommended
RC00000024,Manual review,Review USD 3736.80 transaction before release.,recommended
RC00000024,Write risk note,Persist cluster_RING_164 as an elevated-risk signal.,recommended
RC00000025,Hold transaction,Keep USD 7690.00 held pending fraud-ops review.,recommended
RC00000025,Open dispute case,Start customer-confirmation and dispute workflow.,recommended
RC00000025,Write pattern memory,Persist cluster_RING_165 as a future recall signal.,recommended
RC00000026,Manual review,Review USD 2722.40 transaction before release.,recommended
RC00000026,Write risk note,Persist cluster_RING_166 as an elevated-risk signal.,recommended
RC00000027,Manual review,Review USD 834.40 transaction before release.,recommended
RC00000027,Write risk note,Persist cluster_RING_167 as an elevated-risk signal.,recommended
RC00000028,Manual review,Review USD 1084.80 transaction before release.,recommended
RC00000028,Write risk note,Persist cluster_RING_168 as an elevated-risk signal.,recommended
RC00000029,Manual review,Review USD 4814.40 transaction before release.,recommended
RC00000029,Write risk note,Persist cluster_RING_169 as an elevated-risk signal.,recommended
RC00000030,Hold transaction,Keep USD 24128.00 held pending fraud-ops review.,recommended
RC00000030,Open dispute case,Start customer-confirmation and dispute workflow.,recommended
RC00000030,Write pattern memory,Persist cluster_RING_170 as a future recall signal.,recommended
RC00000031,Manual review,Review USD 520.30 transaction before release.,recommended
RC00000031,Write risk note,Persist cluster_RING_171 as an elevated-risk signal.,recommended
RC00000032,Hold transaction,Keep USD 1782.00 held pending fraud-ops review.,recommended
RC00000032,Open dispute case,Start customer-confirmation and dispute workflow.,recommended
RC00000032,Write pattern memory,Persist cluster_RING_172 as a future recall signal.,recommended
RC00000033,Manual review,Review USD 4114.80 transaction before release.,recommended
RC00000033,Write risk note,Persist cluster_RING_173 as an elevated-risk signal.,recommended
RC00000034,Hold transaction,Keep USD 8390.00 held pending fraud-ops review.,recommended
RC00000034,Open dispute case,Start customer-confirmation and dispute workflow.,recommended
RC00000034,Write pattern memory,Persist cluster_RING_174 as a future recall signal.,recommended
RC00000035,Manual review,Review USD 2346.40 transaction before release.,recommended
RC00000035,Write risk note,Persist cluster_RING_175 as an elevated-risk signal.,recommended
RC00000036,Manual review,Review USD 2380.80 transaction before release.,recommended
RC00000036,Write risk note,Persist cluster_RING_176 as an elevated-risk signal.,recommended
RC00000037,Manual review,Review USD 1601.40 transaction before release.,recommended
RC00000037,Write risk note,Persist cluster_RING_177 as an elevated-risk signal.,recommended
RC00000038,Hold transaction,Keep USD 8344.00 held pending fraud-ops review.,recommended
RC00000038,Open dispute case,Start customer-confirmation and dispute workflow.,recommended
RC00000038,Write pattern memory,Persist cluster_RING_178 as a future recall signal.,recommended
RC00000039,Manual review,Review USD 1681.30 transaction before release.,recommended
RC00000039,Write risk note,Persist cluster_RING_179 as an elevated-risk signal.,recommended
RC00000040,Hold transaction,Keep USD 4212.00 held pending fraud-ops review.,recommended
RC00000040,Open dispute case,Start customer-confirmation and dispute workflow.,recommended
RC00000040,Write pattern memory,Persist cluster_RING_180 as a future recall signal.,recommended
RC00000041,Manual review,Review USD 712.80 transaction before release.,recommended
RC00000041,Write risk note,Persist cluster_RING_181 as an elevated-risk signal.,recommended
RC00000042,Hold transaction,Keep USD 2090.00 held pending fraud-ops review.,recommended
RC00000042,Open dispute case,Start customer-confirmation and dispute workflow.,recommended
RC00000042,Write pattern memory,Persist cluster_RING_182 as a future recall signal.,recommended
RC00000043,Manual review,Review USD 2738.40 transaction before release.,recommended
RC00000043,Write risk note,Persist cluster_RING_183 as an elevated-risk signal.,recommended
RC00000044,Manual review,Review USD 2716.80 transaction before release.,recommended
RC00000044,Write risk note,Persist cluster_RING_184 as an elevated-risk signal.,recommended
RC00000045,Manual review,Review USD 1958.40 transaction before release.,recommended
RC00000045,Write risk note,Persist cluster_RING_185 as an elevated-risk signal.,recommended
RC00000046,Manual review,Review USD 1982.30 transaction before release.,recommended
RC00000046,Write risk note,Persist cluster_RING_186 as an elevated-risk signal.,recommended
RC00000047,Hold transaction,Keep USD 4842.00 held pending fraud-ops review.,recommended
RC00000047,Open dispute case,Start customer-confirmation and dispute workflow.,recommended
RC00000047,Write pattern memory,Persist cluster_RING_187 as a future recall signal.,recommended
RC00000048,Hold transaction,Keep USD 2790.00 held pending fraud-ops review.,recommended
RC00000048,Open dispute case,Start customer-confirmation and dispute workflow.,recommended
RC00000048,Write pattern memory,Persist cluster_RING_188 as a future recall signal.,recommended
RC00000049,Manual review,Review USD 4987.30 transaction before release.,recommended
RC00000049,Write risk note,Persist cluster_RING_189 as an elevated-risk signal.,recommended
RC00000050,Manual review,Review USD 4250.40 transaction before release.,recommended
RC00000050,Write risk note,Persist cluster_RING_190 as an elevated-risk signal.,recommended
RC00000051,Manual review,Review USD 4012.80 transaction before release.,recommended
RC00000051,Write risk note,Persist cluster_RING_191 as an elevated-risk signal.,recommended
RC00000052,Manual review,Review USD 3335.40 transaction before release.,recommended
RC00000052,Write risk note,Persist cluster_RING_192 as an elevated-risk signal.,recommended
RC00000053,Manual review,Review USD 3143.30 transaction before release.,recommended
RC00000053,Write risk note,Persist cluster_RING_193 as an elevated-risk signal.,recommended
RC00000054,Hold transaction,Keep USD 7272.00 held pending fraud-ops review.,recommended
RC00000054,Open dispute case,Start customer-confirmation and dispute workflow.,recommended
RC00000054,Write pattern memory,Persist cluster_RING_194 as a future recall signal.,recommended
RC00000055,Hold transaction,Keep USD 5490.00 held pending fraud-ops review.,recommended
RC00000055,Open dispute case,Start customer-confirmation and dispute workflow.,recommended
RC00000055,Write pattern memory,Persist cluster_RING_195 as a future recall signal.,recommended
RC00000056,Manual review,Review USD 588.30 transaction before release.,recommended
RC00000056,Write risk note,Persist cluster_RING_196 as an elevated-risk signal.,recommended
RC00000057,Hold transaction,Keep USD 11520.00 held pending fraud-ops review.,recommended
RC00000057,Open dispute case,Start customer-confirmation and dispute workflow.,recommended
RC00000057,Write pattern memory,Persist cluster_RING_197 as a future recall signal.,recommended
RC00000058,Manual review,Review USD 4642.40 transaction before release.,recommended
RC00000058,Write risk note,Persist cluster_RING_198 as an elevated-risk signal.,recommended
RC00000059,Manual review,Review USD 4348.80 transaction before release.,recommended
RC00000059,Write risk note,Persist cluster_RING_199 as an elevated-risk signal.,recommended
RC00000060,Manual review,Review USD 3692.40 transaction before release.,recommended
RC00000060,Write risk note,Persist cluster_RING_140 as an elevated-risk signal.,recommended
RC00000061,Manual review,Review USD 3444.30 transaction before release.,recommended
RC00000061,Write risk note,Persist cluster_RING_141 as an elevated-risk signal.,recommended
RC00000062,Hold transaction,Keep USD 7902.00 held pending fraud-ops review.,recommended
RC00000062,Open dispute case,Start customer-confirmation and dispute workflow.,recommended
RC00000062,Write pattern memory,Persist cluster_RING_142 as a future recall signal.,recommended
RC00000063,Manual review,Review USD 2019.30 transaction before release.,recommended
RC00000063,Write risk note,Persist cluster_RING_143 as an elevated-risk signal.,recommended
RC00000064,Manual review,Review USD 2061.00 transaction before release.,recommended
RC00000064,Write risk note,Persist cluster_RING_144 as an elevated-risk signal.,recommended
RC00000065,Hold transaction,Keep USD 18200.00 held pending fraud-ops review.,recommended
RC00000065,Open dispute case,Start customer-confirmation and dispute workflow.,recommended
RC00000065,Write pattern memory,Persist cluster_RING_145 as a future recall signal.,recommended
RC00000066,Manual review,Review USD 1114.40 transaction before release.,recommended
RC00000066,Write risk note,Persist cluster_RING_146 as an elevated-risk signal.,recommended
RC00000067,Manual review,Review USD 1324.80 transaction before release.,recommended
RC00000067,Write risk note,Persist cluster_RING_147 as an elevated-risk signal.,recommended
RC00000068,Hold transaction,Keep USD 4056.00 held pending fraud-ops review.,recommended
RC00000068,Open dispute case,Start customer-confirmation and dispute workflow.,recommended
RC00000068,Write pattern memory,Persist cluster_RING_148 as a future recall signal.,recommended
RC00000069,Manual review,Review USD 5069.40 transaction before release.,recommended
RC00000069,Write risk note,Persist cluster_RING_149 as an elevated-risk signal.,recommended
RC00000070,Manual review,Review USD 735.30 transaction before release.,recommended
RC00000070,Write risk note,Persist cluster_RING_150 as an elevated-risk signal.,recommended
RC00000071,Hold transaction,Keep USD 2232.00 held pending fraud-ops review.,recommended
RC00000071,Open dispute case,Start customer-confirmation and dispute workflow.,recommended
RC00000071,Write pattern memory,Persist cluster_RING_151 as a future recall signal.,recommended
RC00000072,Manual review,Review USD 2390.30 transaction before release.,recommended
RC00000072,Write risk note,Persist cluster_RING_152 as an elevated-risk signal.,recommended
RC00000073,Manual review,Review USD 2376.00 transaction before release.,recommended
RC00000073,Write risk note,Persist cluster_RING_153 as an elevated-risk signal.,recommended
RC00000074,Manual review,Review USD 1506.40 transaction before release.,recommended
RC00000074,Write risk note,Persist cluster_RING_154 as an elevated-risk signal.,recommended
RC00000075,Manual review,Review USD 1660.80 transaction before release.,recommended
RC00000075,Write risk note,Persist cluster_RING_155 as an elevated-risk signal.,recommended
RC00000076,Hold transaction,Keep USD 4616.00 held pending fraud-ops review.,recommended
RC00000076,Open dispute case,Start customer-confirmation and dispute workflow.,recommended
RC00000076,Write pattern memory,Persist cluster_RING_156 as a future recall signal.,recommended
RC00000077,Manual review,Review USD 836.40 transaction before release.,recommended
RC00000077,Write risk note,Persist cluster_RING_157 as an elevated-risk signal.,recommended
RC00000078,Manual review,Review USD 1036.30 transaction before release.,recommended
RC00000078,Write risk note,Persist cluster_RING_158 as an elevated-risk signal.,recommended
RC00000079,Hold transaction,Keep USD 2862.00 held pending fraud-ops review.,recommended
RC00000079,Open dispute case,Start customer-confirmation and dispute workflow.,recommended
RC00000079,Write pattern memory,Persist cluster_RING_159 as a future recall signal.,recommended
RC00000080,Manual review,Review USD 3821.30 transaction before release.,recommended
RC00000080,Write risk note,Persist cluster_RING_160 as an elevated-risk signal.,recommended
RC00000081,Manual review,Review USD 3591.00 transaction before release.,recommended
RC00000081,Write risk note,Persist cluster_RING_161 as an elevated-risk signal.,recommended
RC00000082,Manual review,Review USD 3018.40 transaction before release.,recommended
RC00000082,Write risk note,Persist cluster_RING_162 as an elevated-risk signal.,recommended
RC00000083,Manual review,Review USD 2956.80 transaction before release.,recommended
RC00000083,Write risk note,Persist cluster_RING_163 as an elevated-risk signal.,recommended
RC00000084,Hold transaction,Keep USD 6776.00 held pending fraud-ops review.,recommended
RC00000084,Open dispute case,Start customer-confirmation and dispute workflow.,recommended
RC00000084,Write pattern memory,Persist cluster_RING_164 as a future recall signal.,recommended
RC00000085,Manual review,Review USD 2197.30 transaction before release.,recommended
RC00000085,Write risk note,Persist cluster_RING_165 as an elevated-risk signal.,recommended
RC00000086,Hold transaction,Keep USD 5292.00 held pending fraud-ops review.,recommended
RC00000086,Open dispute case,Start customer-confirmation and dispute workflow.,recommended
RC00000086,Write pattern memory,Persist cluster_RING_166 as a future recall signal.,recommended
RC00000087,Manual review,Review USD 4865.00 transaction before release.,recommended
RC00000087,Write risk note,Persist cluster_RING_167 as an elevated-risk signal.,recommended
RC00000088,Manual review,Review USD 7744.00 transaction before release.,recommended
RC00000088,Write risk note,Persist cluster_RING_168 as an elevated-risk signal.,recommended
RC00000089,Manual review,Review USD 4192.30 transaction before release.,recommended
RC00000089,Write risk note,Persist cluster_RING_169 as an elevated-risk signal.,recommended
RC00000090,Manual review,Review USD 3906.00 transaction before release.,recommended
RC00000090,Write risk note,Persist cluster_RING_170 as an elevated-risk signal.,recommended
RC00000091,Manual review,Review USD 3410.40 transaction before release.,recommended
RC00000091,Write risk note,Persist cluster_RING_171 as an elevated-risk signal.,recommended
RC00000092,Manual review,Review USD 3292.80 transaction before release.,recommended
RC00000092,Write risk note,Persist cluster_RING_172 as an elevated-risk signal.,recommended
RC00000093,Hold transaction,Keep USD 7336.00 held pending fraud-ops review.,recommended
RC00000093,Open dispute case,Start customer-confirmation and dispute workflow.,recommended
RC00000093,Write pattern memory,Persist cluster_RING_173 as a future recall signal.,recommended
RC00000094,Manual review,Review USD 2498.30 transaction before release.,recommended
RC00000094,Write risk note,Persist cluster_RING_174 as an elevated-risk signal.,recommended
RC00000095,Hold transaction,Keep USD 5922.00 held pending fraud-ops review.,recommended
RC00000095,Open dispute case,Start customer-confirmation and dispute workflow.,recommended
RC00000095,Write pattern memory,Persist cluster_RING_175 as a future recall signal.,recommended
RC00000096,Manual review,Review USD 715.00 transaction before release.,recommended
RC00000096,Write risk note,Persist cluster_RING_176 as an elevated-risk signal.,recommended
RC00000097,Hold transaction,Keep USD 14928.00 held pending fraud-ops review.,recommended
RC00000097,Open dispute case,Start customer-confirmation and dispute workflow.,recommended
RC00000097,Write pattern memory,Persist cluster_RING_177 as a future recall signal.,recommended
RC00000098,Manual review,Review USD 853.30 transaction before release.,recommended
RC00000098,Write risk note,Persist cluster_RING_178 as an elevated-risk signal.,recommended
RC00000099,Manual review,Review USD 1071.00 transaction before release.,recommended
RC00000099,Write risk note,Persist cluster_RING_179 as an elevated-risk signal.,recommended
RC00000100,Manual review,Review USD 4922.40 transaction before release.,recommended
RC00000100,Write risk note,Persist cluster_RING_180 as an elevated-risk signal.,recommended
RC00000101,Manual review,Review USD 4588.80 transaction before release.,recommended
RC00000101,Write risk note,Persist cluster_RING_181 as an elevated-risk signal.,recommended
RC00000102,Hold transaction,Keep USD 2296.00 held pending fraud-ops review.,recommended
RC00000102,Open dispute case,Start customer-confirmation and dispute workflow.,recommended
RC00000102,Write pattern memory,Persist cluster_RING_182 as a future recall signal.,recommended
RC00000103,Hold transaction,Keep USD 8352.00 held pending fraud-ops review.,recommended
RC00000103,Open dispute case,Start customer-confirmation and dispute workflow.,recommended
RC00000103,Write pattern memory,Persist cluster_RING_183 as a future recall signal.,recommended
RC00000104,Manual review,Review USD 2065.00 transaction before release.,recommended
RC00000104,Write risk note,Persist cluster_RING_184 as an elevated-risk signal.,recommended
RC00000105,Manual review,Review USD 2058.00 transaction before release.,recommended
RC00000105,Write risk note,Persist cluster_RING_185 as an elevated-risk signal.,recommended
RC00000106,Manual review,Review USD 1224.30 transaction before release.,recommended
RC00000106,Write risk note,Persist cluster_RING_186 as an elevated-risk signal.,recommended
RC00000107,Manual review,Review USD 1386.00 transaction before release.,recommended
RC00000107,Write risk note,Persist cluster_RING_187 as an elevated-risk signal.,recommended
RC00000108,Manual review,Review USD 5314.40 transaction before release.,recommended
RC00000108,Write risk note,Persist cluster_RING_188 as an elevated-risk signal.,recommended
RC00000109,Manual review,Review USD 604.80 transaction before release.,recommended
RC00000109,Write risk note,Persist cluster_RING_189 as an elevated-risk signal.,recommended
RC00000110,Hold transaction,Keep USD 2856.00 held pending fraud-ops review.,recommended
RC00000110,Open dispute case,Start customer-confirmation and dispute workflow.,recommended
RC00000110,Write pattern memory,Persist cluster_RING_190 as a future recall signal.,recommended
RC00000111,Hold transaction,Keep USD 8982.00 held pending fraud-ops review.,recommended
RC00000111,Open dispute case,Start customer-confirmation and dispute workflow.,recommended
RC00000111,Write pattern memory,Persist cluster_RING_191 as a future recall signal.,recommended
RC00000112,Manual review,Review USD 2415.00 transaction before release.,recommended
RC00000112,Write risk note,Persist cluster_RING_192 as an elevated-risk signal.,recommended
RC00000113,Manual review,Review USD 2352.00 transaction before release.,recommended
RC00000113,Write risk note,Persist cluster_RING_193 as an elevated-risk signal.,recommended
RC00000114,Manual review,Review USD 2655.30 transaction before release.,recommended
RC00000114,Write risk note,Persist cluster_RING_194 as an elevated-risk signal.,recommended
RC00000115,Manual review,Review USD 2601.00 transaction before release.,recommended
RC00000115,Write risk note,Persist cluster_RING_195 as an elevated-risk signal.,recommended
RC00000116,Manual review,Review USD 1900.80 transaction before release.,recommended
RC00000116,Write risk note,Persist cluster_RING_196 as an elevated-risk signal.,recommended
RC00000117,Hold transaction,Keep USD 5016.00 held pending fraud-ops review.,recommended
RC00000117,Open dispute case,Start customer-confirmation and dispute workflow.,recommended
RC00000117,Write pattern memory,Persist cluster_RING_197 as a future recall signal.,recommended
RC00000118,Manual review,Review USD 4719.00 transaction before release.,recommended
RC00000118,Write risk note,Persist cluster_RING_198 as an elevated-risk signal.,recommended
RC00000119,Hold transaction,Keep USD 25064.00 held pending fraud-ops review.,recommended
RC00000119,Open dispute case,Start customer-confirmation and dispute workflow.,recommended
RC00000119,Write pattern memory,Persist cluster_RING_199 as a future recall signal.,recommended
RC00000120,Manual review,Review USD 3765.00 transaction before release.,recommended
RC00000120,Write risk note,Persist cluster_RING_140 as an elevated-risk signal.,recommended
RC00000121,Manual review,Review USD 3486.00 transaction before release.,recommended
RC00000121,Write risk note,Persist cluster_RING_141 as an elevated-risk signal.,recommended
RC00000122,Manual review,Review USD 3026.30 transaction before release.,recommended
RC00000122,Write risk note,Persist cluster_RING_142 as an elevated-risk signal.,recommended
RC00000123,Manual review,Review USD 2916.00 transaction before release.,recommended
RC00000123,Write risk note,Persist cluster_RING_143 as an elevated-risk signal.,recommended
RC00000124,Manual review,Review USD 6692.00 transaction before release.,recommended
RC00000124,Write risk note,Persist cluster_RING_144 as an elevated-risk signal.,recommended
RC00000125,Manual review,Review USD 2236.80 transaction before release.,recommended
RC00000125,Write risk note,Persist cluster_RING_145 as an elevated-risk signal.,recommended
RC00000126,Hold transaction,Keep USD 5576.00 held pending fraud-ops review.,recommended
RC00000126,Open dispute case,Start customer-confirmation and dispute workflow.,recommended
RC00000126,Write pattern memory,Persist cluster_RING_146 as a future recall signal.,recommended
RC00000127,Manual review,Review USD 5104.00 transaction before release.,recommended
RC00000127,Write risk note,Persist cluster_RING_147 as an elevated-risk signal.,recommended
RC00000128,Manual review,Review USD 493.50 transaction before release.,recommended
RC00000128,Write risk note,Persist cluster_RING_148 as an elevated-risk signal.,recommended
RC00000129,Manual review,Review USD 4115.00 transaction before release.,recommended
RC00000129,Write risk note,Persist cluster_RING_149 as an elevated-risk signal.,recommended
RC00000130,Manual review,Review USD 3780.00 transaction before release.,recommended
RC00000130,Write risk note,Persist cluster_RING_150 as an elevated-risk signal.,recommended
RC00000131,Manual review,Review USD 4457.30 transaction before release.,recommended
RC00000131,Write risk note,Persist cluster_RING_151 as an elevated-risk signal.,recommended
RC00000132,Manual review,Review USD 4131.00 transaction before release.,recommended
RC00000132,Write risk note,Persist cluster_RING_152 as an elevated-risk signal.,recommended
RC00000133,Manual review,Review USD 2282.00 transaction before release.,recommended
RC00000133,Write risk note,Persist cluster_RING_153 as an elevated-risk signal.,recommended
RC00000134,Hold transaction,Keep USD 7736.00 held pending fraud-ops review.,recommended
RC00000134,Open dispute case,Start customer-confirmation and dispute workflow.,recommended
RC00000134,Write pattern memory,Persist cluster_RING_154 as a future recall signal.,recommended
RC00000135,Manual review,Review USD 1639.00 transaction before release.,recommended
RC00000135,Write risk note,Persist cluster_RING_155 as an elevated-risk signal.,recommended
RC00000136,Manual review,Review USD 1762.50 transaction before release.,recommended
RC00000136,Write risk note,Persist cluster_RING_156 as an elevated-risk signal.,recommended
RC00000137,Manual review,Review USD 965.00 transaction before release.,recommended
RC00000137,Write risk note,Persist cluster_RING_157 as an elevated-risk signal.,recommended
RC00000138,Manual review,Review USD 1134.00 transaction before release.,recommended
RC00000138,Write risk note,Persist cluster_RING_158 as an elevated-risk signal.,recommended
RC00000139,Manual review,Review USD 4828.30 transaction before release.,recommended
RC00000139,Write risk note,Persist cluster_RING_159 as an elevated-risk signal.,recommended
RC00000140,Manual review,Review USD 4446.00 transaction before release.,recommended
RC00000140,Write risk note,Persist cluster_RING_160 as an elevated-risk signal.,recommended
RC00000141,Manual review,Review USD 2772.00 transaction before release.,recommended
RC00000141,Write risk note,Persist cluster_RING_161 as an elevated-risk signal.,recommended
RC00000142,Hold transaction,Keep USD 1096.00 held pending fraud-ops review.,recommended
RC00000142,Open dispute case,Start customer-confirmation and dispute workflow.,recommended
RC00000142,Write pattern memory,Persist cluster_RING_162 as a future recall signal.,recommended
RC00000143,Manual review,Review USD 2024.00 transaction before release.,recommended
RC00000143,Write risk note,Persist cluster_RING_163 as an elevated-risk signal.,recommended
RC00000144,Manual review,Review USD 2091.50 transaction before release.,recommended
RC00000144,Write risk note,Persist cluster_RING_164 as an elevated-risk signal.,recommended
RC00000145,Manual review,Review USD 1315.00 transaction before release.,recommended
RC00000145,Write risk note,Persist cluster_RING_165 as an elevated-risk signal.,recommended
RC00000146,Manual review,Review USD 1428.00 transaction before release.,recommended
RC00000146,Write risk note,Persist cluster_RING_166 as an elevated-risk signal.,recommended
RC00000147,Manual review,Review USD 1489.30 transaction before release.,recommended
RC00000147,Write risk note,Persist cluster_RING_167 as an elevated-risk signal.,recommended
RC00000148,Manual review,Review USD 1611.00 transaction before release.,recommended
RC00000148,Write risk note,Persist cluster_RING_168 as an elevated-risk signal.,recommended
RC00000149,Manual review,Review USD 4662.00 transaction before release.,recommended
RC00000149,Write risk note,Persist cluster_RING_169 as an elevated-risk signal.,recommended
RC00000150,Hold transaction,Keep USD 3256.00 held pending fraud-ops review.,recommended
RC00000150,Open dispute case,Start customer-confirmation and dispute workflow.,recommended
RC00000150,Write pattern memory,Persist cluster_RING_170 as a future recall signal.,recommended
RC00000151,Manual review,Review USD 3509.00 transaction before release.,recommended
RC00000151,Write risk note,Persist cluster_RING_171 as an elevated-risk signal.,recommended
RC00000152,Manual review,Review USD 3360.50 transaction before release.,recommended
RC00000152,Write risk note,Persist cluster_RING_172 as an elevated-risk signal.,recommended
RC00000153,Manual review,Review USD 2665.00 transaction before release.,recommended
RC00000153,Write risk note,Persist cluster_RING_173 as an elevated-risk signal.,recommended
RC00000154,Manual review,Review USD 2562.00 transaction before release.,recommended
RC00000154,Write risk note,Persist cluster_RING_174 as an elevated-risk signal.,recommended
RC00000155,Manual review,Review USD 1926.00 transaction before release.,recommended
RC00000155,Write risk note,Persist cluster_RING_175 as an elevated-risk signal.,recommended
RC00000156,Manual review,Review USD 5152.00 transaction before release.,recommended
RC00000156,Write risk note,Persist cluster_RING_176 as an elevated-risk signal.,recommended
RC00000157,Manual review,Review USD 4628.00 transaction before release.,recommended
RC00000157,Write risk note,Persist cluster_RING_177 as an elevated-risk signal.,recommended
RC00000158,Hold transaction,Keep USD 3816.00 held pending fraud-ops review.,recommended
RC00000158,Open dispute case,Start customer-confirmation and dispute workflow.,recommended
RC00000158,Write pattern memory,Persist cluster_RING_178 as a future recall signal.,recommended
RC00000159,Manual review,Review USD 3894.00 transaction before release.,recommended
RC00000159,Write risk note,Persist cluster_RING_179 as an elevated-risk signal.,recommended
RC00000160,Manual review,Review USD 3689.50 transaction before release.,recommended
RC00000160,Write risk note,Persist cluster_RING_180 as an elevated-risk signal.,recommended
RC00000161,Manual review,Review USD 3015.00 transaction before release.,recommended
RC00000161,Write risk note,Persist cluster_RING_181 as an elevated-risk signal.,recommended
RC00000162,Manual review,Review USD 2856.00 transaction before release.,recommended
RC00000162,Write risk note,Persist cluster_RING_182 as an elevated-risk signal.,recommended
RC00000163,Manual review,Review USD 3141.00 transaction before release.,recommended
RC00000163,Write risk note,Persist cluster_RING_183 as an elevated-risk signal.,recommended
RC00000164,Manual review,Review USD 742.00 transaction before release.,recommended
RC00000164,Write risk note,Persist cluster_RING_184 as an elevated-risk signal.,recommended
RC00000165,Manual review,Review USD 1352.00 transaction before release.,recommended
RC00000165,Write risk note,Persist cluster_RING_185 as an elevated-risk signal.,recommended
RC00000166,Hold transaction,Keep USD 5976.00 held pending fraud-ops review.,recommended
RC00000166,Open dispute case,Start customer-confirmation and dispute workflow.,recommended
RC00000166,Write pattern memory,Persist cluster_RING_186 as a future recall signal.,recommended
RC00000167,Manual review,Review USD 5379.00 transaction before release.,recommended
RC00000167,Write risk note,Persist cluster_RING_187 as an elevated-risk signal.,recommended
RC00000168,Manual review,Review USD 728.50 transaction before release.,recommended
RC00000168,Write risk note,Persist cluster_RING_188 as an elevated-risk signal.,recommended
RC00000169,Manual review,Review USD 4365.00 transaction before release.,recommended
RC00000169,Write risk note,Persist cluster_RING_189 as an elevated-risk signal.,recommended
RC00000170,Manual review,Review USD 3990.00 transaction before release.,recommended
RC00000170,Write risk note,Persist cluster_RING_190 as an elevated-risk signal.,recommended
RC00000171,Manual review,Review USD 1232.00 transaction before release.,recommended
RC00000171,Write risk note,Persist cluster_RING_191 as an elevated-risk signal.,recommended
RC00000172,Manual review,Review USD 1716.00 transaction before release.,recommended
RC00000172,Write risk note,Persist cluster_RING_192 as an elevated-risk signal.,recommended
RC00000173,Manual review,Review USD 1790.80 transaction before release.,recommended
RC00000173,Write risk note,Persist cluster_RING_193 as an elevated-risk signal.,recommended
RC00000174,Manual review,Review USD 814.00 transaction before release.,recommended
RC00000174,Write risk note,Persist cluster_RING_194 as an elevated-risk signal.,recommended
RC00000175,Manual review,Review USD 1057.50 transaction before release.,recommended
RC00000175,Write risk note,Persist cluster_RING_195 as an elevated-risk signal.,recommended
RC00000176,Manual review,Review USD 4715.00 transaction before release.,recommended
RC00000176,Write risk note,Persist cluster_RING_196 as an elevated-risk signal.,recommended
RC00000177,Manual review,Review USD 504.00 transaction before release.,recommended
RC00000177,Write risk note,Persist cluster_RING_197 as an elevated-risk signal.,recommended
RC00000178,Manual review,Review USD 4230.00 transaction before release.,recommended
RC00000178,Write risk note,Persist cluster_RING_198 as an elevated-risk signal.,recommended
RC00000179,Manual review,Review USD 3122.00 transaction before release.,recommended
RC00000179,Write risk note,Persist cluster_RING_199 as an elevated-risk signal.,recommended
RC00000180,Manual review,Review USD 3120.00 transaction before release.,recommended
RC00000180,Write risk note,Persist cluster_RING_140 as an elevated-risk signal.,recommended
RC00000181,Manual review,Review USD 2978.80 transaction before release.,recommended
RC00000181,Write risk note,Persist cluster_RING_141 as an elevated-risk signal.,recommended
RC00000182,Manual review,Review USD 2299.00 transaction before release.,recommended
RC00000182,Write risk note,Persist cluster_RING_142 as an elevated-risk signal.,recommended
RC00000183,Manual review,Review USD 2326.50 transaction before release.,recommended
RC00000183,Write risk note,Persist cluster_RING_143 as an elevated-risk signal.,recommended
RC00000184,Manual review,Review USD 1565.00 transaction before release.,recommended
RC00000184,Write risk note,Persist cluster_RING_144 as an elevated-risk signal.,recommended
RC00000185,Manual review,Review USD 1638.00 transaction before release.,recommended
RC00000185,Write risk note,Persist cluster_RING_145 as an elevated-risk signal.,recommended
RC00000186,Hold transaction,Keep USD 24472.00 held pending fraud-ops review.,recommended
RC00000186,Open dispute case,Start customer-confirmation and dispute workflow.,recommended
RC00000186,Write pattern memory,Persist cluster_RING_146 as a future recall signal.,recommended
RC00000187,Manual review,Review USD 4650.00 transaction before release.,recommended
RC00000187,Write risk note,Persist cluster_RING_147 as an elevated-risk signal.,recommended
RC00000188,Manual review,Review USD 3612.00 transaction before release.,recommended
RC00000188,Write risk note,Persist cluster_RING_148 as an elevated-risk signal.,recommended
RC00000189,Manual review,Review USD 3484.00 transaction before release.,recommended
RC00000189,Write risk note,Persist cluster_RING_149 as an elevated-risk signal.,recommended
RC00000190,Manual review,Review USD 3286.80 transaction before release.,recommended
RC00000190,Write risk note,Persist cluster_RING_150 as an elevated-risk signal.,recommended
RC00000191,Manual review,Review USD 2684.00 transaction before release.,recommended
RC00000191,Write risk note,Persist cluster_RING_151 as an elevated-risk signal.,recommended
RC00000192,Manual review,Review USD 2655.50 transaction before release.,recommended
RC00000192,Write risk note,Persist cluster_RING_152 as an elevated-risk signal.,recommended
RC00000193,Manual review,Review USD 1915.00 transaction before release.,recommended
RC00000193,Write risk note,Persist cluster_RING_153 as an elevated-risk signal.,recommended
RC00000194,Manual review,Review USD 1932.00 transaction before release.,recommended
RC00000194,Write risk note,Persist cluster_RING_154 as an elevated-risk signal.,recommended
RC00000195,Manual review,Review USD 870.00 transaction before release.,recommended
RC00000195,Write risk note,Persist cluster_RING_155 as an elevated-risk signal.,recommended
RC00000196,Manual review,Review USD 1087.80 transaction before release.,recommended
RC00000196,Write risk note,Persist cluster_RING_156 as an elevated-risk signal.,recommended
RC00000197,Manual review,Review USD 5502.00 transaction before release.,recommended
RC00000197,Write risk note,Persist cluster_RING_157 as an elevated-risk signal.,recommended
RC00000198,Manual review,Review USD 4888.00 transaction before release.,recommended
RC00000198,Write risk note,Persist cluster_RING_158 as an elevated-risk signal.,recommended
RC00000199,Manual review,Review USD 514.80 transaction before release.,recommended
RC00000199,Write risk note,Persist cluster_RING_159 as an elevated-risk signal.,recommended
RC00000200,Manual review,Review USD 4169.00 transaction before release.,recommended
RC00000200,Write risk note,Persist cluster_RING_160 as an elevated-risk signal.,recommended
RC00000201,Manual review,Review USD 3924.50 transaction before release.,recommended
RC00000201,Write risk note,Persist cluster_RING_161 as an elevated-risk signal.,recommended
RC00000202,Manual review,Review USD 3066.00 transaction before release.,recommended
RC00000202,Write risk note,Persist cluster_RING_162 as an elevated-risk signal.,recommended
RC00000203,Manual review,Review USD 1290.00 transaction before release.,recommended
RC00000203,Write risk note,Persist cluster_RING_163 as an elevated-risk signal.,recommended
RC00000204,Manual review,Review USD 1430.80 transaction before release.,recommended
RC00000204,Write risk note,Persist cluster_RING_164 as an elevated-risk signal.,recommended
RC00000205,Manual review,Review USD 5992.00 transaction before release.,recommended
RC00000205,Write risk note,Persist cluster_RING_165 as an elevated-risk signal.,recommended
RC00000206,Manual review,Review USD 572.00 transaction before release.,recommended
RC00000206,Write risk note,Persist cluster_RING_166 as an elevated-risk signal.,recommended
RC00000207,Manual review,Review USD 822.80 transaction before release.,recommended
RC00000207,Write risk note,Persist cluster_RING_167 as an elevated-risk signal.,recommended
RC00000208,Manual review,Review USD 4554.00 transaction before release.,recommended
RC00000208,Write risk note,Persist cluster_RING_168 as an elevated-risk signal.,recommended
RC00000209,Manual review,Review USD 4253.50 transaction before release.,recommended
RC00000209,Write risk note,Persist cluster_RING_169 as an elevated-risk signal.,recommended
RC00000210,Manual review,Review USD 5688.00 transaction before release.,recommended
RC00000210,Write risk note,Persist cluster_RING_170 as an elevated-risk signal.,recommended
RC00000211,Manual review,Review USD 420.00 transaction before release.,recommended
RC00000211,Write risk note,Persist cluster_RING_171 as an elevated-risk signal.,recommended
RC00000212,Manual review,Review USD 2910.00 transaction before release.,recommended
RC00000212,Write risk note,Persist cluster_RING_172 as an elevated-risk signal.,recommended
RC00000213,Manual review,Review USD 2753.80 transaction before release.,recommended
RC00000213,Write risk note,Persist cluster_RING_173 as an elevated-risk signal.,recommended
RC00000214,Manual review,Review USD 2619.90 transaction before release.,recommended
RC00000214,Write risk note,Persist cluster_RING_174 as an elevated-risk signal.,recommended
RC00000215,Manual review,Review USD 1582.00 transaction before release.,recommended
RC00000215,Write risk note,Persist cluster_RING_175 as an elevated-risk signal.,recommended
RC00000216,Manual review,Review USD 1976.00 transaction before release.,recommended
RC00000216,Write risk note,Persist cluster_RING_176 as an elevated-risk signal.,recommended
RC00000217,Manual review,Review USD 2010.80 transaction before release.,recommended
RC00000217,Write risk note,Persist cluster_RING_177 as an elevated-risk signal.,recommended
RC00000218,Manual review,Review USD 1089.00 transaction before release.,recommended
RC00000218,Write risk note,Persist cluster_RING_178 as an elevated-risk signal.,recommended
RC00000219,Manual review,Review USD 1292.50 transaction before release.,recommended
RC00000219,Write risk note,Persist cluster_RING_179 as an elevated-risk signal.,recommended
RC00000220,Hold transaction,Keep USD 11720.00 held pending fraud-ops review.,recommended
RC00000220,Open dispute case,Start customer-confirmation and dispute workflow.,recommended
RC00000220,Write pattern memory,Persist cluster_RING_180 as a future recall signal.,recommended
RC00000221,Manual review,Review USD 3330.00 transaction before release.,recommended
RC00000221,Write risk note,Persist cluster_RING_181 as an elevated-risk signal.,recommended
RC00000222,Manual review,Review USD 3096.80 transaction before release.,recommended
RC00000222,Write risk note,Persist cluster_RING_182 as an elevated-risk signal.,recommended
RC00000223,Manual review,Review USD 2906.90 transaction before release.,recommended
RC00000223,Write risk note,Persist cluster_RING_183 as an elevated-risk signal.,recommended
RC00000224,Manual review,Review USD 2072.00 transaction before release.,recommended
RC00000224,Write risk note,Persist cluster_RING_184 as an elevated-risk signal.,recommended
RC00000225,Manual review,Review USD 2340.00 transaction before release.,recommended
RC00000225,Write risk note,Persist cluster_RING_185 as an elevated-risk signal.,recommended
RC00000226,Manual review,Review USD 2318.80 transaction before release.,recommended
RC00000226,Write risk note,Persist cluster_RING_186 as an elevated-risk signal.,recommended
RC00000227,Manual review,Review USD 1621.50 transaction before release.,recommended
RC00000227,Write risk note,Persist cluster_RING_187 as an elevated-risk signal.,recommended
RC00000228,Manual review,Review USD 577.80 transaction before release.,recommended
RC00000228,Write risk note,Persist cluster_RING_188 as an elevated-risk signal.,recommended
RC00000229,Manual review,Review USD 4950.00 transaction before release.,recommended
RC00000229,Write risk note,Persist cluster_RING_189 as an elevated-risk signal.,recommended
RC00000230,Manual review,Review USD 4419.80 transaction before release.,recommended
RC00000230,Write risk note,Persist cluster_RING_190 as an elevated-risk signal.,recommended
RC00000231,Manual review,Review USD 4013.90 transaction before release.,recommended
RC00000231,Write risk note,Persist cluster_RING_191 as an elevated-risk signal.,recommended
RC00000232,Manual review,Review USD 3962.00 transaction before release.,recommended
RC00000232,Write risk note,Persist cluster_RING_192 as an elevated-risk signal.,recommended
RC00000233,Manual review,Review USD 3744.00 transaction before release.,recommended
RC00000233,Write risk note,Persist cluster_RING_193 as an elevated-risk signal.,recommended
RC00000234,Manual review,Review USD 3506.80 transaction before release.,recommended
RC00000234,Write risk note,Persist cluster_RING_194 as an elevated-risk signal.,recommended
RC00000235,Manual review,Review USD 2890.50 transaction before release.,recommended
RC00000235,Write risk note,Persist cluster_RING_195 as an elevated-risk signal.,recommended
RC00000236,Manual review,Review USD 955.80 transaction before release.,recommended
RC00000236,Write risk note,Persist cluster_RING_196 as an elevated-risk signal.,recommended
RC00000237,Manual review,Review USD 5370.00 transaction before release.,recommended
RC00000237,Write risk note,Persist cluster_RING_197 as an elevated-risk signal.,recommended
RC00000238,Manual review,Review USD 4762.80 transaction before release.,recommended
RC00000238,Write risk note,Persist cluster_RING_198 as an elevated-risk signal.,recommended
RC00000239,Manual review,Review USD 610.90 transaction before release.,recommended
RC00000239,Write risk note,Persist cluster_RING_199 as an elevated-risk signal.,recommended
RC00000240,Manual review,Review USD 4108.00 transaction before release.,recommended
RC00000240,Write risk note,Persist cluster_RING_140 as an elevated-risk signal.,recommended
RC00000241,Manual review,Review USD 3814.80 transaction before release.,recommended
RC00000241,Write risk note,Persist cluster_RING_141 as an elevated-risk signal.,recommended
RC00000242,Hold transaction,Keep USD 20416.00 held pending fraud-ops review.,recommended
RC00000242,Open dispute case,Start customer-confirmation and dispute workflow.,recommended
RC00000242,Write pattern memory,Persist cluster_RING_142 as a future recall signal.,recommended
RC00000243,Manual review,Review USD 2413.80 transaction before release.,recommended
RC00000243,Write risk note,Persist cluster_RING_143 as an elevated-risk signal.,recommended
RC00000244,Hold transaction,Keep USD 5240.00 held pending fraud-ops review.,recommended
RC00000244,Open dispute case,Start customer-confirmation and dispute workflow.,recommended
RC00000244,Write pattern memory,Persist cluster_RING_144 as a future recall signal.,recommended
RC00000245,Manual review,Review USD 1590.00 transaction before release.,recommended
RC00000245,Write risk note,Persist cluster_RING_145 as an elevated-risk signal.,recommended
RC00000246,Manual review,Review USD 1675.80 transaction before release.,recommended
RC00000246,Write risk note,Persist cluster_RING_146 as an elevated-risk signal.,recommended
RC00000247,Manual review,Review USD 1717.90 transaction before release.,recommended
RC00000247,Write risk note,Persist cluster_RING_147 as an elevated-risk signal.,recommended
RC00000248,Manual review,Review USD 832.00 transaction before release.,recommended
RC00000248,Write risk note,Persist cluster_RING_148 as an elevated-risk signal.,recommended
RC00000249,Manual review,Review USD 1042.80 transaction before release.,recommended
RC00000249,Write risk note,Persist cluster_RING_149 as an elevated-risk signal.,recommended
RC00000250,Hold transaction,Keep USD 7152.00 held pending fraud-ops review.,recommended
RC00000250,Open dispute case,Start customer-confirmation and dispute workflow.,recommended
RC00000250,Write pattern memory,Persist cluster_RING_150 as a future recall signal.,recommended
RC00000251,Manual review,Review USD 2791.80 transaction before release.,recommended
RC00000251,Write risk note,Persist cluster_RING_151 as an elevated-risk signal.,recommended
RC00000252,Hold transaction,Keep USD 5940.00 held pending fraud-ops review.,recommended
RC00000252,Open dispute case,Start customer-confirmation and dispute workflow.,recommended
RC00000252,Write pattern memory,Persist cluster_RING_152 as a future recall signal.,recommended
RC00000253,Manual review,Review USD 2010.00 transaction before release.,recommended
RC00000253,Write risk note,Persist cluster_RING_153 as an elevated-risk signal.,recommended
RC00000254,Manual review,Review USD 2018.80 transaction before release.,recommended
RC00000254,Write risk note,Persist cluster_RING_154 as an elevated-risk signal.,recommended
RC00000255,Manual review,Review USD 2004.90 transaction before release.,recommended
RC00000255,Write risk note,Persist cluster_RING_155 as an elevated-risk signal.,recommended
RC00000256,Manual review,Review USD 1196.00 transaction before release.,recommended
RC00000256,Write risk note,Persist cluster_RING_156 as an elevated-risk signal.,recommended
RC00000257,Manual review,Review USD 1350.80 transaction before release.,recommended
RC00000257,Write risk note,Persist cluster_RING_157 as an elevated-risk signal.,recommended
RC00000258,Manual review,Review USD 4249.80 transaction before release.,recommended
RC00000258,Write risk note,Persist cluster_RING_158 as an elevated-risk signal.,recommended
RC00000259,Hold transaction,Keep USD 8640.00 held pending fraud-ops review.,recommended
RC00000259,Open dispute case,Start customer-confirmation and dispute workflow.,recommended
RC00000259,Write pattern memory,Persist cluster_RING_159 as a future recall signal.,recommended
RC00000260,Manual review,Review USD 3630.00 transaction before release.,recommended
RC00000260,Write risk note,Persist cluster_RING_160 as an elevated-risk signal.,recommended
RC00000261,Manual review,Review USD 3341.80 transaction before release.,recommended
RC00000261,Write risk note,Persist cluster_RING_161 as an elevated-risk signal.,recommended
RC00000262,Manual review,Review USD 3111.90 transaction before release.,recommended
RC00000262,Write risk note,Persist cluster_RING_162 as an elevated-risk signal.,recommended
RC00000263,Manual review,Review USD 2600.00 transaction before release.,recommended
RC00000263,Write risk note,Persist cluster_RING_163 as an elevated-risk signal.,recommended
RC00000264,Manual review,Review USD 2538.80 transaction before release.,recommended
RC00000264,Write risk note,Persist cluster_RING_164 as an elevated-risk signal.,recommended
RC00000265,Manual review,Review USD 708.90 transaction before release.,recommended
RC00000265,Write risk note,Persist cluster_RING_165 as an elevated-risk signal.,recommended
RC00000266,Manual review,Review USD 4627.80 transaction before release.,recommended
RC00000266,Write risk note,Persist cluster_RING_166 as an elevated-risk signal.,recommended
RC00000267,Hold transaction,Keep USD 9340.00 held pending fraud-ops review.,recommended
RC00000267,Open dispute case,Start customer-confirmation and dispute workflow.,recommended
RC00000267,Write pattern memory,Persist cluster_RING_167 as a future recall signal.,recommended
RC00000268,Manual review,Review USD 4050.00 transaction before release.,recommended
RC00000268,Write risk note,Persist cluster_RING_168 as an elevated-risk signal.,recommended
RC00000269,Manual review,Review USD 3684.80 transaction before release.,recommended
RC00000269,Write risk note,Persist cluster_RING_169 as an elevated-risk signal.,recommended
RC00000270,Hold transaction,Keep USD 16640.00 held pending fraud-ops review.,recommended
RC00000270,Open dispute case,Start customer-confirmation and dispute workflow.,recommended
RC00000270,Write pattern memory,Persist cluster_RING_170 as a future recall signal.,recommended
RC00000271,Manual review,Review USD 3398.90 transaction before release.,recommended
RC00000271,Write risk note,Persist cluster_RING_171 as an elevated-risk signal.,recommended
RC00000272,Manual review,Review USD 2846.80 transaction before release.,recommended
RC00000272,Write risk note,Persist cluster_RING_172 as an elevated-risk signal.,recommended
RC00000273,Manual review,Review USD 1065.90 transaction before release.,recommended
RC00000273,Write risk note,Persist cluster_RING_173 as an elevated-risk signal.,recommended
RC00000274,Manual review,Review USD 1225.80 transaction before release.,recommended
RC00000274,Write risk note,Persist cluster_RING_174 as an elevated-risk signal.,recommended
RC00000275,Hold transaction,Keep USD 3040.00 held pending fraud-ops review.,recommended
RC00000275,Open dispute case,Start customer-confirmation and dispute workflow.,recommended
RC00000275,Write pattern memory,Persist cluster_RING_175 as a future recall signal.,recommended
RC00000276,Manual review,Review USD 5670.00 transaction before release.,recommended
RC00000276,Write risk note,Persist cluster_RING_176 as an elevated-risk signal.,recommended
RC00000277,Manual review,Review USD 597.80 transaction before release.,recommended
RC00000277,Write risk note,Persist cluster_RING_177 as an elevated-risk signal.,recommended
RC00000278,Hold transaction,Keep USD 25480.00 held pending fraud-ops review.,recommended
RC00000278,Open dispute case,Start customer-confirmation and dispute workflow.,recommended
RC00000278,Write pattern memory,Persist cluster_RING_178 as a future recall signal.,recommended
RC00000279,Manual review,Review USD 815.90 transaction before release.,recommended
RC00000279,Write risk note,Persist cluster_RING_179 as an elevated-risk signal.,recommended
RC00000280,Manual review,Review USD 2442.90 transaction before release.,recommended
RC00000280,Write risk note,Persist cluster_RING_180 as an elevated-risk signal.,recommended
RC00000281,Manual review,Review USD 2390.80 transaction before release.,recommended
RC00000281,Write risk note,Persist cluster_RING_181 as an elevated-risk signal.,recommended
RC00000282,Manual review,Review USD 1603.80 transaction before release.,recommended
RC00000282,Write risk note,Persist cluster_RING_182 as an elevated-risk signal.,recommended
RC00000283,Hold transaction,Keep USD 3740.00 held pending fraud-ops review.,recommended
RC00000283,Open dispute case,Start customer-confirmation and dispute workflow.,recommended
RC00000283,Write pattern memory,Persist cluster_RING_183 as a future recall signal.,recommended
RC00000284,Manual review,Review USD 690.00 transaction before release.,recommended
RC00000284,Write risk note,Persist cluster_RING_184 as an elevated-risk signal.,recommended
RC00000285,Manual review,Review USD 940.80 transaction before release.,recommended
RC00000285,Write risk note,Persist cluster_RING_185 as an elevated-risk signal.,recommended
RC00000286,Manual review,Review USD 1102.90 transaction before release.,recommended
RC00000286,Write risk note,Persist cluster_RING_186 as an elevated-risk signal.,recommended
RC00000287,Manual review,Review USD 2799.90 transaction before release.,recommended
RC00000287,Write risk note,Persist cluster_RING_187 as an elevated-risk signal.,recommended
RC00000288,Manual review,Review USD 2691.80 transaction before release.,recommended
RC00000288,Write risk note,Persist cluster_RING_188 as an elevated-risk signal.,recommended
RC00000289,Manual review,Review USD 3061.80 transaction before release.,recommended
RC00000289,Write risk note,Persist cluster_RING_189 as an elevated-risk signal.,recommended
RC00000290,Hold transaction,Keep USD 6440.00 held pending fraud-ops review.,recommended
RC00000290,Open dispute case,Start customer-confirmation and dispute workflow.,recommended
RC00000290,Write pattern memory,Persist cluster_RING_190 as a future recall signal.,recommended
RC00000291,Manual review,Review USD 2263.80 transaction before release.,recommended
RC00000291,Write risk note,Persist cluster_RING_191 as an elevated-risk signal.,recommended
RC00000292,Manual review,Review USD 2209.90 transaction before release.,recommended
RC00000292,Write risk note,Persist cluster_RING_192 as an elevated-risk signal.,recommended
RC00000293,Manual review,Review USD 5174.40 transaction before release.,recommended
RC00000293,Write risk note,Persist cluster_RING_193 as an elevated-risk signal.,recommended
RC00000294,Manual review,Review USD 4176.90 transaction before release.,recommended
RC00000294,Write risk note,Persist cluster_RING_194 as an elevated-risk signal.,recommended
RC00000295,Manual review,Review USD 3852.80 transaction before release.,recommended
RC00000295,Write risk note,Persist cluster_RING_195 as an elevated-risk signal.,recommended
RC00000296,Hold transaction,Keep USD 8757.00 held pending fraud-ops review.,recommended
RC00000296,Open dispute case,Start customer-confirmation and dispute workflow.,recommended
RC00000296,Write pattern memory,Persist cluster_RING_196 as a future recall signal.,recommended
RC00000297,Manual review,Review USD 3439.80 transaction before release.,recommended
RC00000297,Write risk note,Persist cluster_RING_197 as an elevated-risk signal.,recommended
RC00000298,Manual review,Review USD 6336.00 transaction before release.,recommended
RC00000298,Write risk note,Persist cluster_RING_198 as an elevated-risk signal.,recommended
RC00000299,Hold transaction,Keep USD 7140.00 held pending fraud-ops review.,recommended
RC00000299,Open dispute case,Start customer-confirmation and dispute workflow.,recommended
RC00000299,Write pattern memory,Persist cluster_RING_199 as a future recall signal.,recommended
RC00000300,Manual review,Review USD 2606.80 transaction before release.,recommended
RC00000300,Write risk note,Persist cluster_RING_140 as an elevated-risk signal.,recommended
RC00000301,Manual review,Review USD 2496.90 transaction before release.,recommended
RC00000301,Write risk note,Persist cluster_RING_141 as an elevated-risk signal.,recommended
RC00000302,Manual review,Review USD 5566.40 transaction before release.,recommended
RC00000302,Write risk note,Persist cluster_RING_142 as an elevated-risk signal.,recommended
RC00000303,Manual review,Review USD 4533.90 transaction before release.,recommended
RC00000303,Write risk note,Persist cluster_RING_143 as an elevated-risk signal.,recommended
RC00000304,Manual review,Review USD 4153.80 transaction before release.,recommended
RC00000304,Write risk note,Persist cluster_RING_144 as an elevated-risk signal.,recommended
RC00000305,Hold transaction,Keep USD 1287.00 held pending fraud-ops review.,recommended
RC00000305,Open dispute case,Start customer-confirmation and dispute workflow.,recommended
RC00000305,Write pattern memory,Persist cluster_RING_145 as a future recall signal.,recommended
RC00000306,Manual review,Review USD 4897.80 transaction before release.,recommended
RC00000306,Write risk note,Persist cluster_RING_146 as an elevated-risk signal.,recommended
RC00000307,Hold transaction,Keep USD 12440.00 held pending fraud-ops review.,recommended
RC00000307,Open dispute case,Start customer-confirmation and dispute workflow.,recommended
RC00000307,Write pattern memory,Persist cluster_RING_147 as a future recall signal.,recommended
RC00000308,Hold transaction,Keep USD 9840.00 held pending fraud-ops review.,recommended
RC00000308,Open dispute case,Start customer-confirmation and dispute workflow.,recommended
RC00000308,Write pattern memory,Persist cluster_RING_148 as a future recall signal.,recommended
RC00000309,Manual review,Review USD 3603.90 transaction before release.,recommended
RC00000309,Write risk note,Persist cluster_RING_149 as an elevated-risk signal.,recommended
RC00000310,Manual review,Review USD 2038.40 transaction before release.,recommended
RC00000310,Write risk note,Persist cluster_RING_150 as an elevated-risk signal.,recommended
RC00000311,Manual review,Review USD 2116.80 transaction before release.,recommended
RC00000311,Write risk note,Persist cluster_RING_151 as an elevated-risk signal.,recommended
RC00000312,Manual review,Review USD 1320.90 transaction before release.,recommended
RC00000312,Write risk note,Persist cluster_RING_152 as an elevated-risk signal.,recommended
RC00000313,Manual review,Review USD 1444.80 transaction before release.,recommended
RC00000313,Write risk note,Persist cluster_RING_153 as an elevated-risk signal.,recommended
RC00000314,Hold transaction,Keep USD 3717.00 held pending fraud-ops review.,recommended
RC00000314,Open dispute case,Start customer-confirmation and dispute workflow.,recommended
RC00000314,Write pattern memory,Persist cluster_RING_154 as a future recall signal.,recommended
RC00000315,Manual review,Review USD 5275.80 transaction before release.,recommended
RC00000315,Write risk note,Persist cluster_RING_155 as an elevated-risk signal.,recommended
RC00000316,Hold transaction,Keep USD 1540.00 held pending fraud-ops review.,recommended
RC00000316,Open dispute case,Start customer-confirmation and dispute workflow.,recommended
RC00000316,Write pattern memory,Persist cluster_RING_156 as a future recall signal.,recommended
RC00000317,Manual review,Review USD 3890.90 transaction before release.,recommended
RC00000317,Write risk note,Persist cluster_RING_157 as an elevated-risk signal.,recommended
RC00000318,Manual review,Review USD 2430.40 transaction before release.,recommended
RC00000318,Write risk note,Persist cluster_RING_158 as an elevated-risk signal.,recommended
RC00000319,Manual review,Review USD 2452.80 transaction before release.,recommended
RC00000319,Write risk note,Persist cluster_RING_159 as an elevated-risk signal.,recommended
RC00000320,Manual review,Review USD 1677.90 transaction before release.,recommended
RC00000320,Write risk note,Persist cluster_RING_160 as an elevated-risk signal.,recommended
RC00000321,Manual review,Review USD 1745.80 transaction before release.,recommended
RC00000321,Write risk note,Persist cluster_RING_161 as an elevated-risk signal.,recommended
RC00000322,Hold transaction,Keep USD 4347.00 held pending fraud-ops review.,recommended
RC00000322,Open dispute case,Start customer-confirmation and dispute workflow.,recommended
RC00000322,Write pattern memory,Persist cluster_RING_162 as a future recall signal.,recommended
RC00000323,Manual review,Review USD 1873.80 transaction before release.,recommended
RC00000323,Write risk note,Persist cluster_RING_163 as an elevated-risk signal.,recommended
RC00000324,Hold transaction,Keep USD 4240.00 held pending fraud-ops review.,recommended
RC00000324,Open dispute case,Start customer-confirmation and dispute workflow.,recommended
RC00000324,Write pattern memory,Persist cluster_RING_164 as a future recall signal.,recommended
RC00000325,Manual review,Review USD 3942.40 transaction before release.,recommended
RC00000325,Write risk note,Persist cluster_RING_165 as an elevated-risk signal.,recommended
RC00000326,Manual review,Review USD 3748.80 transaction before release.,recommended
RC00000326,Write risk note,Persist cluster_RING_166 as an elevated-risk signal.,recommended
RC00000327,Hold transaction,Keep USD 21208.00 held pending fraud-ops review.,recommended
RC00000327,Open dispute case,Start customer-confirmation and dispute workflow.,recommended
RC00000327,Write pattern memory,Persist cluster_RING_167 as a future recall signal.,recommended
RC00000328,Manual review,Review USD 3054.90 transaction before release.,recommended
RC00000328,Write risk note,Persist cluster_RING_168 as an elevated-risk signal.,recommended
RC00000329,Manual review,Review USD 2906.80 transaction before release.,recommended
RC00000329,Write risk note,Persist cluster_RING_169 as an elevated-risk signal.,recommended
RC00000330,Hold transaction,Keep USD 6777.00 held pending fraud-ops review.,recommended
RC00000330,Open dispute case,Start customer-confirmation and dispute workflow.,recommended
RC00000330,Write pattern memory,Persist cluster_RING_170 as a future recall signal.,recommended
RC00000331,Hold transaction,Keep USD 4940.00 held pending fraud-ops review.,recommended
RC00000331,Open dispute case,Start customer-confirmation and dispute workflow.,recommended
RC00000331,Write pattern memory,Persist cluster_RING_171 as a future recall signal.,recommended
RC00000332,Manual review,Review USD 5066.80 transaction before release.,recommended
RC00000332,Write risk note,Persist cluster_RING_172 as an elevated-risk signal.,recommended
RC00000333,Manual review,Review USD 4334.40 transaction before release.,recommended
RC00000333,Write risk note,Persist cluster_RING_173 as an elevated-risk signal.,recommended
RC00000334,Manual review,Review USD 4084.80 transaction before release.,recommended
RC00000334,Write risk note,Persist cluster_RING_174 as an elevated-risk signal.,recommended
RC00000335,Manual review,Review USD 3411.90 transaction before release.,recommended
RC00000335,Write risk note,Persist cluster_RING_175 as an elevated-risk signal.,recommended
RC00000336,Manual review,Review USD 3207.80 transaction before release.,recommended
RC00000336,Write risk note,Persist cluster_RING_176 as an elevated-risk signal.,recommended
RC00000337,Hold transaction,Keep USD 7407.00 held pending fraud-ops review.,recommended
RC00000337,Open dispute case,Start customer-confirmation and dispute workflow.,recommended
RC00000337,Write pattern memory,Persist cluster_RING_177 as a future recall signal.,recommended
RC00000338,Hold transaction,Keep USD 7640.00 held pending fraud-ops review.,recommended
RC00000338,Open dispute case,Start customer-confirmation and dispute workflow.,recommended
RC00000338,Write pattern memory,Persist cluster_RING_178 as a future recall signal.,recommended
RC00000339,Manual review,Review USD 1727.80 transaction before release.,recommended
RC00000339,Write risk note,Persist cluster_RING_179 as an elevated-risk signal.,recommended
RC00000340,Manual review,Review USD 806.40 transaction before release.,recommended
RC00000340,Write risk note,Persist cluster_RING_180 as an elevated-risk signal.,recommended
RC00000341,Manual review,Review USD 1060.80 transaction before release.,recommended
RC00000341,Write risk note,Persist cluster_RING_181 as an elevated-risk signal.,recommended
RC00000342,Manual review,Review USD 4788.90 transaction before release.,recommended
RC00000342,Write risk note,Persist cluster_RING_182 as an elevated-risk signal.,recommended
RC00000343,Manual review,Review USD 498.80 transaction before release.,recommended
RC00000343,Write risk note,Persist cluster_RING_183 as an elevated-risk signal.,recommended
RC00000344,Hold transaction,Keep USD 1737.00 held pending fraud-ops review.,recommended
RC00000344,Open dispute case,Start customer-confirmation and dispute workflow.,recommended
RC00000344,Write pattern memory,Persist cluster_RING_184 as a future recall signal.,recommended
RC00000345,Manual review,Review USD 2098.80 transaction before release.,recommended
RC00000345,Write risk note,Persist cluster_RING_185 as an elevated-risk signal.,recommended
RC00000346,Manual review,Review USD 2128.50 transaction before release.,recommended
RC00000346,Write risk note,Persist cluster_RING_186 as an elevated-risk signal.,recommended
RC00000347,Manual review,Review USD 1198.40 transaction before release.,recommended
RC00000347,Write risk note,Persist cluster_RING_187 as an elevated-risk signal.,recommended
RC00000348,Manual review,Review USD 1396.80 transaction before release.,recommended
RC00000348,Write risk note,Persist cluster_RING_188 as an elevated-risk signal.,recommended
RC00000349,Hold transaction,Keep USD 4176.00 held pending fraud-ops review.,recommended
RC00000349,Open dispute case,Start customer-confirmation and dispute workflow.,recommended
RC00000349,Write pattern memory,Persist cluster_RING_189 as a future recall signal.,recommended
RC00000350,Manual review,Review USD 555.90 transaction before release.,recommended
RC00000350,Write risk note,Persist cluster_RING_190 as an elevated-risk signal.,recommended
RC00000351,Manual review,Review USD 799.80 transaction before release.,recommended
RC00000351,Write risk note,Persist cluster_RING_191 as an elevated-risk signal.,recommended
RC00000352,Hold transaction,Keep USD 2367.00 held pending fraud-ops review.,recommended
RC00000352,Open dispute case,Start customer-confirmation and dispute workflow.,recommended
RC00000352,Write pattern memory,Persist cluster_RING_192 as a future recall signal.,recommended
RC00000353,Manual review,Review USD 3529.80 transaction before release.,recommended
RC00000353,Write risk note,Persist cluster_RING_193 as an elevated-risk signal.,recommended
RC00000354,Manual review,Review USD 3343.50 transaction before release.,recommended
RC00000354,Write risk note,Persist cluster_RING_194 as an elevated-risk signal.,recommended
RC00000355,Manual review,Review USD 2710.40 transaction before release.,recommended
RC00000355,Write risk note,Persist cluster_RING_195 as an elevated-risk signal.,recommended
RC00000356,Manual review,Review USD 2692.80 transaction before release.,recommended
RC00000356,Write risk note,Persist cluster_RING_196 as an elevated-risk signal.,recommended
RC00000357,Hold transaction,Keep USD 6336.00 held pending fraud-ops review.,recommended
RC00000357,Open dispute case,Start customer-confirmation and dispute workflow.,recommended
RC00000357,Write pattern memory,Persist cluster_RING_197 as a future recall signal.,recommended
RC00000358,Manual review,Review USD 1932.90 transaction before release.,recommended
RC00000358,Write risk note,Persist cluster_RING_198 as an elevated-risk signal.,recommended
RC00000359,Manual review,Review USD 1960.80 transaction before release.,recommended
RC00000359,Write risk note,Persist cluster_RING_199 as an elevated-risk signal.,recommended
RC00000360,Hold transaction,Keep USD 4797.00 held pending fraud-ops review.,recommended
RC00000360,Open dispute case,Start customer-confirmation and dispute workflow.,recommended
RC00000360,Write pattern memory,Persist cluster_RING_140 as a future recall signal.,recommended
RC00000361,Manual review,Review USD 3900.80 transaction before release.,recommended
RC00000361,Write risk note,Persist cluster_RING_141 as an elevated-risk signal.,recommended
RC00000362,Manual review,Review USD 3658.50 transaction before release.,recommended
RC00000362,Write risk note,Persist cluster_RING_142 as an elevated-risk signal.,recommended
RC00000363,Manual review,Review USD 3102.40 transaction before release.,recommended
RC00000363,Write risk note,Persist cluster_RING_143 as an elevated-risk signal.,recommended
RC00000364,Manual review,Review USD 3028.80 transaction before release.,recommended
RC00000364,Write risk note,Persist cluster_RING_144 as an elevated-risk signal.,recommended
RC00000365,Hold transaction,Keep USD 6896.00 held pending fraud-ops review.,recommended
RC00000365,Open dispute case,Start customer-confirmation and dispute workflow.,recommended
RC00000365,Write pattern memory,Persist cluster_RING_145 as a future recall signal.,recommended
RC00000366,Manual review,Review USD 2289.90 transaction before release.,recommended
RC00000366,Write risk note,Persist cluster_RING_146 as an elevated-risk signal.,recommended
RC00000367,Manual review,Review USD 2261.80 transaction before release.,recommended
RC00000367,Write risk note,Persist cluster_RING_147 as an elevated-risk signal.,recommended
RC00000368,Hold transaction,Keep USD 5427.00 held pending fraud-ops review.,recommended
RC00000368,Open dispute case,Start customer-confirmation and dispute workflow.,recommended
RC00000368,Write pattern memory,Persist cluster_RING_148 as a future recall signal.,recommended
RC00000369,Manual review,Review USD 561.80 transaction before release.,recommended
RC00000369,Write risk note,Persist cluster_RING_149 as an elevated-risk signal.,recommended
RC00000370,Manual review,Review USD 823.50 transaction before release.,recommended
RC00000370,Write risk note,Persist cluster_RING_150 as an elevated-risk signal.,recommended
RC00000371,Manual review,Review USD 4614.40 transaction before release.,recommended
RC00000371,Write risk note,Persist cluster_RING_151 as an elevated-risk signal.,recommended
RC00000372,Manual review,Review USD 4324.80 transaction before release.,recommended
RC00000372,Write risk note,Persist cluster_RING_152 as an elevated-risk signal.,recommended
RC00000373,Hold transaction,Keep USD 1856.00 held pending fraud-ops review.,recommended
RC00000373,Open dispute case,Start customer-confirmation and dispute workflow.,recommended
RC00000373,Write pattern memory,Persist cluster_RING_153 as a future recall signal.,recommended
RC00000374,Manual review,Review USD 3422.80 transaction before release.,recommended
RC00000374,Write risk note,Persist cluster_RING_154 as an elevated-risk signal.,recommended
RC00000375,Hold transaction,Keep USD 7857.00 held pending fraud-ops review.,recommended
RC00000375,Open dispute case,Start customer-confirmation and dispute workflow.,recommended
RC00000375,Write pattern memory,Persist cluster_RING_155 as a future recall signal.,recommended
RC00000376,Manual review,Review USD 1790.00 transaction before release.,recommended
RC00000376,Write risk note,Persist cluster_RING_156 as an elevated-risk signal.,recommended
RC00000377,Manual review,Review USD 932.80 transaction before release.,recommended
RC00000377,Write risk note,Persist cluster_RING_157 as an elevated-risk signal.,recommended
RC00000378,Manual review,Review USD 1138.50 transaction before release.,recommended
RC00000378,Write risk note,Persist cluster_RING_158 as an elevated-risk signal.,recommended
RC00000379,Manual review,Review USD 5006.40 transaction before release.,recommended
RC00000379,Write risk note,Persist cluster_RING_159 as an elevated-risk signal.,recommended
RC00000380,Manual review,Review USD 4660.80 transaction before release.,recommended
RC00000380,Write risk note,Persist cluster_RING_160 as an elevated-risk signal.,recommended
RC00000381,Hold transaction,Keep USD 2416.00 held pending fraud-ops review.,recommended
RC00000381,Open dispute case,Start customer-confirmation and dispute workflow.,recommended
RC00000381,Write pattern memory,Persist cluster_RING_161 as a future recall signal.,recommended
RC00000382,Manual review,Review USD 3723.80 transaction before release.,recommended
RC00000382,Write risk note,Persist cluster_RING_162 as an elevated-risk signal.,recommended
RC00000383,Hold transaction,Keep USD 8487.00 held pending fraud-ops review.,recommended
RC00000383,Open dispute case,Start customer-confirmation and dispute workflow.,recommended
RC00000383,Write pattern memory,Persist cluster_RING_163 as a future recall signal.,recommended
RC00000384,Manual review,Review USD 3140.00 transaction before release.,recommended
RC00000384,Write risk note,Persist cluster_RING_164 as an elevated-risk signal.,recommended
RC00000385,Manual review,Review USD 2961.00 transaction before release.,recommended
RC00000385,Write risk note,Persist cluster_RING_165 as an elevated-risk signal.,recommended
RC00000386,Manual review,Review USD 2363.80 transaction before release.,recommended
RC00000386,Write risk note,Persist cluster_RING_166 as an elevated-risk signal.,recommended
RC00000387,Manual review,Review USD 2353.50 transaction before release.,recommended
RC00000387,Write risk note,Persist cluster_RING_167 as an elevated-risk signal.,recommended
RC00000388,Manual review,Review USD 1478.40 transaction before release.,recommended
RC00000388,Write risk note,Persist cluster_RING_168 as an elevated-risk signal.,recommended
RC00000389,Manual review,Review USD 1636.80 transaction before release.,recommended
RC00000389,Write risk note,Persist cluster_RING_169 as an elevated-risk signal.,recommended
RC00000390,Hold transaction,Keep USD 4576.00 held pending fraud-ops review.,recommended
RC00000390,Open dispute case,Start customer-confirmation and dispute workflow.,recommended
RC00000390,Write pattern memory,Persist cluster_RING_170 as a future recall signal.,recommended
RC00000391,Hold transaction,Keep USD 2817.00 held pending fraud-ops review.,recommended
RC00000391,Open dispute case,Start customer-confirmation and dispute workflow.,recommended
RC00000391,Write pattern memory,Persist cluster_RING_171 as a future recall signal.,recommended
RC00000392,Hold transaction,Keep USD 20976.00 held pending fraud-ops review.,recommended
RC00000392,Open dispute case,Start customer-confirmation and dispute workflow.,recommended
RC00000392,Write pattern memory,Persist cluster_RING_172 as a future recall signal.,recommended
RC00000393,Manual review,Review USD 3490.00 transaction before release.,recommended
RC00000393,Write risk note,Persist cluster_RING_173 as an elevated-risk signal.,recommended
RC00000394,Manual review,Review USD 3255.00 transaction before release.,recommended
RC00000394,Write risk note,Persist cluster_RING_174 as an elevated-risk signal.,recommended
RC00000395,Manual review,Review USD 2734.80 transaction before release.,recommended
RC00000395,Write risk note,Persist cluster_RING_175 as an elevated-risk signal.,recommended
RC00000396,Manual review,Review USD 2668.50 transaction before release.,recommended
RC00000396,Write risk note,Persist cluster_RING_176 as an elevated-risk signal.,recommended
RC00000397,Manual review,Review USD 1972.80 transaction before release.,recommended
RC00000397,Write risk note,Persist cluster_RING_177 as an elevated-risk signal.,recommended
RC00000398,Hold transaction,Keep USD 5136.00 held pending fraud-ops review.,recommended
RC00000398,Open dispute case,Start customer-confirmation and dispute workflow.,recommended
RC00000398,Write pattern memory,Persist cluster_RING_178 as a future recall signal.,recommended
RC00000399,Manual review,Review USD 4801.50 transaction before release.,recommended
RC00000399,Write risk note,Persist cluster_RING_179 as an elevated-risk signal.,recommended
RC00000400,Hold transaction,Keep USD 3447.00 held pending fraud-ops review.,recommended
RC00000400,Open dispute case,Start customer-confirmation and dispute workflow.,recommended
RC00000400,Write pattern memory,Persist cluster_RING_180 as a future recall signal.,recommended
RC00000401,Manual review,Review USD 4840.00 transaction before release.,recommended
RC00000401,Write risk note,Persist cluster_RING_181 as an elevated-risk signal.,recommended
RC00000402,Manual review,Review USD 609.00 transaction before release.,recommended
RC00000402,Write risk note,Persist cluster_RING_182 as an elevated-risk signal.,recommended
RC00000403,Manual review,Review USD 4165.80 transaction before release.,recommended
RC00000403,Write risk note,Persist cluster_RING_183 as an elevated-risk signal.,recommended
RC00000404,Manual review,Review USD 3883.50 transaction before release.,recommended
RC00000404,Write risk note,Persist cluster_RING_184 as an elevated-risk signal.,recommended
RC00000405,Manual review,Review USD 3268.80 transaction before release.,recommended
RC00000405,Write risk note,Persist cluster_RING_185 as an elevated-risk signal.,recommended
RC00000406,Hold transaction,Keep USD 7296.00 held pending fraud-ops review.,recommended
RC00000406,Open dispute case,Start customer-confirmation and dispute workflow.,recommended
RC00000406,Write pattern memory,Persist cluster_RING_186 as a future recall signal.,recommended
RC00000407,Manual review,Review USD 1336.50 transaction before release.,recommended
RC00000407,Write risk note,Persist cluster_RING_187 as an elevated-risk signal.,recommended
RC00000408,Manual review,Review USD 690.00 transaction before release.,recommended
RC00000408,Write risk note,Persist cluster_RING_188 as an elevated-risk signal.,recommended
RC00000409,Manual review,Review USD 903.00 transaction before release.,recommended
RC00000409,Write risk note,Persist cluster_RING_189 as an elevated-risk signal.,recommended
RC00000410,Manual review,Review USD 4536.80 transaction before release.,recommended
RC00000410,Write risk note,Persist cluster_RING_190 as an elevated-risk signal.,recommended
RC00000411,Manual review,Review USD 4198.50 transaction before release.,recommended
RC00000411,Write risk note,Persist cluster_RING_191 as an elevated-risk signal.,recommended
RC00000412,Manual review,Review USD 2387.00 transaction before release.,recommended
RC00000412,Write risk note,Persist cluster_RING_192 as an elevated-risk signal.,recommended
RC00000413,Hold transaction,Keep USD 7856.00 held pending fraud-ops review.,recommended
RC00000413,Open dispute case,Start customer-confirmation and dispute workflow.,recommended
RC00000413,Write pattern memory,Persist cluster_RING_193 as a future recall signal.,recommended
RC00000414,Hold transaction,Keep USD 8216.00 held pending fraud-ops review.,recommended
RC00000414,Open dispute case,Start customer-confirmation and dispute workflow.,recommended
RC00000414,Write pattern memory,Persist cluster_RING_194 as a future recall signal.,recommended
RC00000415,Manual review,Review USD 1721.50 transaction before release.,recommended
RC00000415,Write risk note,Persist cluster_RING_195 as an elevated-risk signal.,recommended
RC00000416,Manual review,Review USD 1833.00 transaction before release.,recommended
RC00000416,Write risk note,Persist cluster_RING_196 as an elevated-risk signal.,recommended
RC00000417,Manual review,Review USD 2040.00 transaction before release.,recommended
RC00000417,Write risk note,Persist cluster_RING_197 as an elevated-risk signal.,recommended
RC00000418,Manual review,Review USD 2037.00 transaction before release.,recommended
RC00000418,Write risk note,Persist cluster_RING_198 as an elevated-risk signal.,recommended
RC00000419,Manual review,Review USD 1197.80 transaction before release.,recommended
RC00000419,Write risk note,Persist cluster_RING_199 as an elevated-risk signal.,recommended
RC00000420,Manual review,Review USD 1363.50 transaction before release.,recommended
RC00000420,Write risk note,Persist cluster_RING_140 as an elevated-risk signal.,recommended
RC00000421,Manual review,Review USD 4277.00 transaction before release.,recommended
RC00000421,Write risk note,Persist cluster_RING_141 as an elevated-risk signal.,recommended
RC00000422,Hold transaction,Keep USD 2816.00 held pending fraud-ops review.,recommended
RC00000422,Open dispute case,Start customer-confirmation and dispute workflow.,recommended
RC00000422,Write pattern memory,Persist cluster_RING_142 as a future recall signal.,recommended
RC00000423,Hold transaction,Keep USD 16408.00 held pending fraud-ops review.,recommended
RC00000423,Open dispute case,Start customer-confirmation and dispute workflow.,recommended
RC00000423,Write pattern memory,Persist cluster_RING_143 as a future recall signal.,recommended
RC00000424,Manual review,Review USD 3206.50 transaction before release.,recommended
RC00000424,Write risk note,Persist cluster_RING_144 as an elevated-risk signal.,recommended
RC00000425,Manual review,Review USD 3102.00 transaction before release.,recommended
RC00000425,Write risk note,Persist cluster_RING_145 as an elevated-risk signal.,recommended
RC00000426,Manual review,Review USD 2390.00 transaction before release.,recommended
RC00000426,Write risk note,Persist cluster_RING_146 as an elevated-risk signal.,recommended
RC00000427,Manual review,Review USD 2331.00 transaction before release.,recommended
RC00000427,Write risk note,Persist cluster_RING_147 as an elevated-risk signal.,recommended
RC00000428,Manual review,Review USD 1568.80 transaction before release.,recommended
RC00000428,Write risk note,Persist cluster_RING_148 as an elevated-risk signal.,recommended
RC00000429,Manual review,Review USD 1678.50 transaction before release.,recommended
RC00000429,Write risk note,Persist cluster_RING_149 as an elevated-risk signal.,recommended
RC00000430,Manual review,Review USD 4767.00 transaction before release.,recommended
RC00000430,Write risk note,Persist cluster_RING_150 as an elevated-risk signal.,recommended
RC00000431,Hold transaction,Keep USD 3376.00 held pending fraud-ops review.,recommended
RC00000431,Open dispute case,Start customer-confirmation and dispute workflow.,recommended
RC00000431,Write pattern memory,Persist cluster_RING_151 as a future recall signal.,recommended
RC00000432,Manual review,Review USD 3591.50 transaction before release.,recommended
RC00000432,Write risk note,Persist cluster_RING_152 as an elevated-risk signal.,recommended
RC00000433,Manual review,Review USD 3431.00 transaction before release.,recommended
RC00000433,Write risk note,Persist cluster_RING_153 as an elevated-risk signal.,recommended
RC00000434,Manual review,Review USD 3740.00 transaction before release.,recommended
RC00000434,Write risk note,Persist cluster_RING_154 as an elevated-risk signal.,recommended
RC00000435,Manual review,Review USD 3465.00 transaction before release.,recommended
RC00000435,Write risk note,Persist cluster_RING_155 as an elevated-risk signal.,recommended
RC00000436,Manual review,Review USD 2999.80 transaction before release.,recommended
RC00000436,Write risk note,Persist cluster_RING_156 as an elevated-risk signal.,recommended
RC00000437,Manual review,Review USD 2893.50 transaction before release.,recommended
RC00000437,Write risk note,Persist cluster_RING_157 as an elevated-risk signal.,recommended
RC00000438,Manual review,Review USD 6657.00 transaction before release.,recommended
RC00000438,Write risk note,Persist cluster_RING_158 as an elevated-risk signal.,recommended
RC00000439,Manual review,Review USD 1066.00 transaction before release.,recommended
RC00000439,Write risk note,Persist cluster_RING_159 as an elevated-risk signal.,recommended
RC00000440,Hold transaction,Keep USD 5536.00 held pending fraud-ops review.,recommended
RC00000440,Open dispute case,Start customer-confirmation and dispute workflow.,recommended
RC00000440,Write pattern memory,Persist cluster_RING_160 as a future recall signal.,recommended
RC00000441,Manual review,Review USD 5076.50 transaction before release.,recommended
RC00000441,Write risk note,Persist cluster_RING_161 as an elevated-risk signal.,recommended
RC00000442,Manual review,Review USD 470.00 transaction before release.,recommended
RC00000442,Write risk note,Persist cluster_RING_162 as an elevated-risk signal.,recommended
RC00000443,Manual review,Review USD 4090.00 transaction before release.,recommended
RC00000443,Write risk note,Persist cluster_RING_163 as an elevated-risk signal.,recommended
RC00000444,Manual review,Review USD 3759.00 transaction before release.,recommended
RC00000444,Write risk note,Persist cluster_RING_164 as an elevated-risk signal.,recommended
RC00000445,Manual review,Review USD 3208.50 transaction before release.,recommended
RC00000445,Write risk note,Persist cluster_RING_165 as an elevated-risk signal.,recommended
RC00000446,Hold transaction,Keep USD 16704.00 held pending fraud-ops review.,recommended
RC00000446,Open dispute case,Start customer-confirmation and dispute workflow.,recommended
RC00000446,Write pattern memory,Persist cluster_RING_166 as a future recall signal.,recommended
RC00000447,Manual review,Review USD 847.00 transaction before release.,recommended
RC00000447,Write risk note,Persist cluster_RING_167 as an elevated-risk signal.,recommended
RC00000448,Manual review,Review USD 1430.00 transaction before release.,recommended
RC00000448,Write risk note,Persist cluster_RING_168 as an elevated-risk signal.,recommended
RC00000449,Hold transaction,Keep USD 6096.00 held pending fraud-ops review.,recommended
RC00000449,Open dispute case,Start customer-confirmation and dispute workflow.,recommended
RC00000449,Write pattern memory,Persist cluster_RING_169 as a future recall signal.,recommended
RC00000450,Manual review,Review USD 5461.50 transaction before release.,recommended
RC00000450,Write risk note,Persist cluster_RING_170 as an elevated-risk signal.,recommended
RC00000451,Manual review,Review USD 799.00 transaction before release.,recommended
RC00000451,Write risk note,Persist cluster_RING_171 as an elevated-risk signal.,recommended
RC00000452,Manual review,Review USD 940.00 transaction before release.,recommended
RC00000452,Write risk note,Persist cluster_RING_172 as an elevated-risk signal.,recommended
RC00000453,Manual review,Review USD 1113.00 transaction before release.,recommended
RC00000453,Write risk note,Persist cluster_RING_173 as an elevated-risk signal.,recommended
RC00000454,Manual review,Review USD 4423.50 transaction before release.,recommended
RC00000454,Write risk note,Persist cluster_RING_174 as an elevated-risk signal.,recommended
RC00000455,Manual review,Review USD 5960.00 transaction before release.,recommended
RC00000455,Write risk note,Persist cluster_RING_175 as an elevated-risk signal.,recommended
RC00000456,Manual review,Review USD 2737.00 transaction before release.,recommended
RC00000456,Write risk note,Persist cluster_RING_176 as an elevated-risk signal.,recommended
RC00000457,Manual review,Review USD 2834.00 transaction before release.,recommended
RC00000457,Write risk note,Persist cluster_RING_177 as an elevated-risk signal.,recommended
RC00000458,Manual review,Review USD 2736.80 transaction before release.,recommended
RC00000458,Write risk note,Persist cluster_RING_178 as an elevated-risk signal.,recommended
RC00000459,Hold transaction,Keep USD 1056.00 held pending fraud-ops review.,recommended
RC00000459,Open dispute case,Start customer-confirmation and dispute workflow.,recommended
RC00000459,Write pattern memory,Persist cluster_RING_179 as a future recall signal.,recommended
RC00000460,Manual review,Review USD 1996.50 transaction before release.,recommended
RC00000460,Write risk note,Persist cluster_RING_180 as an elevated-risk signal.,recommended
RC00000461,Manual review,Review USD 2068.00 transaction before release.,recommended
RC00000461,Write risk note,Persist cluster_RING_181 as an elevated-risk signal.,recommended
RC00000462,Manual review,Review USD 1290.00 transaction before release.,recommended
RC00000462,Write risk note,Persist cluster_RING_182 as an elevated-risk signal.,recommended
RC00000463,Manual review,Review USD 1407.00 transaction before release.,recommended
RC00000463,Write risk note,Persist cluster_RING_183 as an elevated-risk signal.,recommended
RC00000464,Manual review,Review USD 3227.00 transaction before release.,recommended
RC00000464,Write risk note,Persist cluster_RING_184 as an elevated-risk signal.,recommended
RC00000465,Manual review,Review USD 3198.00 transaction before release.,recommended
RC00000465,Write risk note,Persist cluster_RING_185 as an elevated-risk signal.,recommended
RC00000466,Manual review,Review USD 3044.80 transaction before release.,recommended
RC00000466,Write risk note,Persist cluster_RING_186 as an elevated-risk signal.,recommended
RC00000467,Manual review,Review USD 2381.50 transaction before release.,recommended
RC00000467,Write risk note,Persist cluster_RING_187 as an elevated-risk signal.,recommended
RC00000468,Manual review,Review USD 2397.00 transaction before release.,recommended
RC00000468,Write risk note,Persist cluster_RING_188 as an elevated-risk signal.,recommended
RC00000469,Manual review,Review USD 2640.00 transaction before release.,recommended
RC00000469,Write risk note,Persist cluster_RING_189 as an elevated-risk signal.,recommended
RC00000470,Manual review,Review USD 2541.00 transaction before release.,recommended
RC00000470,Write risk note,Persist cluster_RING_190 as an elevated-risk signal.,recommended
RC00000471,Manual review,Review USD 5940.00 transaction before release.,recommended
RC00000471,Write risk note,Persist cluster_RING_191 as an elevated-risk signal.,recommended
RC00000472,Manual review,Review USD 5117.00 transaction before release.,recommended
RC00000472,Write risk note,Persist cluster_RING_192 as an elevated-risk signal.,recommended
RC00000473,Manual review,Review USD 4602.00 transaction before release.,recommended
RC00000473,Write risk note,Persist cluster_RING_193 as an elevated-risk signal.,recommended
RC00000474,Manual review,Review USD 4232.80 transaction before release.,recommended
RC00000474,Write risk note,Persist cluster_RING_194 as an elevated-risk signal.,recommended
RC00000475,Manual review,Review USD 3866.50 transaction before release.,recommended
RC00000475,Write risk note,Persist cluster_RING_195 as an elevated-risk signal.,recommended
RC00000476,Manual review,Review USD 3666.00 transaction before release.,recommended
RC00000476,Write risk note,Persist cluster_RING_196 as an elevated-risk signal.,recommended
RC00000477,Manual review,Review USD 2990.00 transaction before release.,recommended
RC00000477,Write risk note,Persist cluster_RING_197 as an elevated-risk signal.,recommended
RC00000478,Manual review,Review USD 2835.00 transaction before release.,recommended
RC00000478,Write risk note,Persist cluster_RING_198 as an elevated-risk signal.,recommended
RC00000479,Hold transaction,Keep USD 14080.00 held pending fraud-ops review.,recommended
RC00000479,Open dispute case,Start customer-confirmation and dispute workflow.,recommended
RC00000479,Write pattern memory,Persist cluster_RING_199 as a future recall signal.,recommended
RC00000480,Manual review,Review USD 960.00 transaction before release.,recommended
RC00000480,Write risk note,Persist cluster_RING_140 as an elevated-risk signal.,recommended
RC00000481,Manual review,Review USD 5607.00 transaction before release.,recommended
RC00000481,Write risk note,Persist cluster_RING_141 as an elevated-risk signal.,recommended
RC00000482,Manual review,Review USD 4966.00 transaction before release.,recommended
RC00000482,Write risk note,Persist cluster_RING_142 as an elevated-risk signal.,recommended
RC00000483,Manual review,Review USD 580.80 transaction before release.,recommended
RC00000483,Write risk note,Persist cluster_RING_143 as an elevated-risk signal.,recommended
RC00000484,Manual review,Review USD 4251.50 transaction before release.,recommended
RC00000484,Write risk note,Persist cluster_RING_144 as an elevated-risk signal.,recommended
RC00000485,Manual review,Review USD 3995.00 transaction before release.,recommended
RC00000485,Write risk note,Persist cluster_RING_145 as an elevated-risk signal.,recommended
RC00000486,Manual review,Review USD 3969.00 transaction before release.,recommended
RC00000486,Write risk note,Persist cluster_RING_146 as an elevated-risk signal.,recommended
RC00000487,Hold transaction,Keep USD 21840.00 held pending fraud-ops review.,recommended
RC00000487,Open dispute case,Start customer-confirmation and dispute workflow.,recommended
RC00000487,Write pattern memory,Persist cluster_RING_147 as a future recall signal.,recommended
RC00000488,Manual review,Review USD 2580.00 transaction before release.,recommended
RC00000488,Write risk note,Persist cluster_RING_148 as an elevated-risk signal.,recommended
RC00000489,Manual review,Review USD 2484.30 transaction before release.,recommended
RC00000489,Write risk note,Persist cluster_RING_149 as an elevated-risk signal.,recommended
RC00000490,Manual review,Review USD 1197.00 transaction before release.,recommended
RC00000490,Write risk note,Persist cluster_RING_150 as an elevated-risk signal.,recommended
RC00000491,Manual review,Review USD 1690.00 transaction before release.,recommended
RC00000491,Write risk note,Persist cluster_RING_151 as an elevated-risk signal.,recommended
RC00000492,Manual review,Review USD 1768.80 transaction before release.,recommended
RC00000492,Write risk note,Persist cluster_RING_152 as an elevated-risk signal.,recommended
RC00000493,Manual review,Review USD 786.50 transaction before release.,recommended
RC00000493,Write risk note,Persist cluster_RING_153 as an elevated-risk signal.,recommended
RC00000494,Manual review,Review USD 1034.00 transaction before release.,recommended
RC00000494,Write risk note,Persist cluster_RING_154 as an elevated-risk signal.,recommended
RC00000495,Manual review,Review USD 483.00 transaction before release.,recommended
RC00000495,Write risk note,Persist cluster_RING_155 as an elevated-risk signal.,recommended
RC00000496,Manual review,Review USD 3000.00 transaction before release.,recommended
RC00000496,Write risk note,Persist cluster_RING_156 as an elevated-risk signal.,recommended
RC00000497,Manual review,Review USD 2827.30 transaction before release.,recommended
RC00000497,Write risk note,Persist cluster_RING_157 as an elevated-risk signal.,recommended
RC00000498,Manual review,Review USD 1687.00 transaction before release.,recommended
RC00000498,Write risk note,Persist cluster_RING_158 as an elevated-risk signal.,recommended
RC00000499,Manual review,Review USD 2054.00 transaction before release.,recommended
RC00000499,Write risk note,Persist cluster_RING_159 as an elevated-risk signal.,recommended
RC00000500,Manual review,Review USD 2076.80 transaction before release.,recommended
RC00000500,Write risk note,Persist cluster_RING_160 as an elevated-risk signal.,recommended
RC00000501,Manual review,Review USD 1171.50 transaction before release.,recommended
RC00000501,Write risk note,Persist cluster_RING_161 as an elevated-risk signal.,recommended
RC00000502,Manual review,Review USD 1363.00 transaction before release.,recommended
RC00000502,Write risk note,Persist cluster_RING_162 as an elevated-risk signal.,recommended
RC00000503,Manual review,Review USD 4620.00 transaction before release.,recommended
RC00000503,Write risk note,Persist cluster_RING_163 as an elevated-risk signal.,recommended
RC00000504,Manual review,Review USD 4150.30 transaction before release.,recommended
RC00000504,Write risk note,Persist cluster_RING_164 as an elevated-risk signal.,recommended
RC00000505,Manual review,Review USD 3788.40 transaction before release.,recommended
RC00000505,Write risk note,Persist cluster_RING_165 as an elevated-risk signal.,recommended
RC00000506,Manual review,Review USD 3577.00 transaction before release.,recommended
RC00000506,Write risk note,Persist cluster_RING_166 as an elevated-risk signal.,recommended
RC00000507,Manual review,Review USD 3458.00 transaction before release.,recommended
RC00000507,Write risk note,Persist cluster_RING_167 as an elevated-risk signal.,recommended
RC00000508,Manual review,Review USD 3264.80 transaction before release.,recommended
RC00000508,Write risk note,Persist cluster_RING_168 as an elevated-risk signal.,recommended
RC00000509,Manual review,Review USD 2656.50 transaction before release.,recommended
RC00000509,Write risk note,Persist cluster_RING_169 as an elevated-risk signal.,recommended
RC00000510,Manual review,Review USD 2632.00 transaction before release.,recommended
RC00000510,Write risk note,Persist cluster_RING_170 as an elevated-risk signal.,recommended
RC00000511,Hold transaction,Keep USD 9152.00 held pending fraud-ops review.,recommended
RC00000511,Open dispute case,Start customer-confirmation and dispute workflow.,recommended
RC00000511,Write pattern memory,Persist cluster_RING_171 as a future recall signal.,recommended
RC00000512,Manual review,Review USD 658.80 transaction before release.,recommended
RC00000512,Write risk note,Persist cluster_RING_172 as an elevated-risk signal.,recommended
RC00000513,Manual review,Review USD 5040.00 transaction before release.,recommended
RC00000513,Write risk note,Persist cluster_RING_173 as an elevated-risk signal.,recommended
RC00000514,Manual review,Review USD 4493.30 transaction before release.,recommended
RC00000514,Write risk note,Persist cluster_RING_174 as an elevated-risk signal.,recommended
RC00000515,Manual review,Review USD 4075.40 transaction before release.,recommended
RC00000515,Write risk note,Persist cluster_RING_175 as an elevated-risk signal.,recommended
RC00000516,Manual review,Review USD 4067.00 transaction before release.,recommended
RC00000516,Write risk note,Persist cluster_RING_176 as an elevated-risk signal.,recommended
RC00000517,Manual review,Review USD 3822.00 transaction before release.,recommended
RC00000517,Write risk note,Persist cluster_RING_177 as an elevated-risk signal.,recommended
RC00000518,Manual review,Review USD 3572.80 transaction before release.,recommended
RC00000518,Write risk note,Persist cluster_RING_178 as an elevated-risk signal.,recommended
RC00000519,Manual review,Review USD 2961.00 transaction before release.,recommended
RC00000519,Write risk note,Persist cluster_RING_179 as an elevated-risk signal.,recommended
RC00000520,Hold transaction,Keep USD 17416.00 held pending fraud-ops review.,recommended
RC00000520,Open dispute case,Start customer-confirmation and dispute workflow.,recommended
RC00000520,Write pattern memory,Persist cluster_RING_180 as a future recall signal.,recommended
RC00000521,Manual review,Review USD 2116.80 transaction before release.,recommended
RC00000521,Write risk note,Persist cluster_RING_181 as an elevated-risk signal.,recommended
RC00000522,Manual review,Review USD 1260.00 transaction before release.,recommended
RC00000522,Write risk note,Persist cluster_RING_182 as an elevated-risk signal.,recommended
RC00000523,Manual review,Review USD 1406.30 transaction before release.,recommended
RC00000523,Write risk note,Persist cluster_RING_183 as an elevated-risk signal.,recommended
RC00000524,Manual review,Review USD 1492.40 transaction before release.,recommended
RC00000524,Write risk note,Persist cluster_RING_184 as an elevated-risk signal.,recommended
RC00000525,Manual review,Review USD 546.00 transaction before release.,recommended
RC00000525,Write risk note,Persist cluster_RING_185 as an elevated-risk signal.,recommended
RC00000526,Manual review,Review USD 800.80 transaction before release.,recommended
RC00000526,Write risk note,Persist cluster_RING_186 as an elevated-risk signal.,recommended
RC00000527,Manual review,Review USD 4230.00 transaction before release.,recommended
RC00000527,Write risk note,Persist cluster_RING_187 as an elevated-risk signal.,recommended
RC00000528,Manual review,Review USD 2494.80 transaction before release.,recommended
RC00000528,Write risk note,Persist cluster_RING_188 as an elevated-risk signal.,recommended
RC00000529,Hold transaction,Keep USD 5390.00 held pending fraud-ops review.,recommended
RC00000529,Open dispute case,Start customer-confirmation and dispute workflow.,recommended
RC00000529,Write pattern memory,Persist cluster_RING_189 as a future recall signal.,recommended
RC00000530,Manual review,Review USD 1680.00 transaction before release.,recommended
RC00000530,Write risk note,Persist cluster_RING_190 as an elevated-risk signal.,recommended
RC00000531,Manual review,Review USD 1749.30 transaction before release.,recommended
RC00000531,Write risk note,Persist cluster_RING_191 as an elevated-risk signal.,recommended
RC00000532,Manual review,Review USD 1779.40 transaction before release.,recommended
RC00000532,Write risk note,Persist cluster_RING_192 as an elevated-risk signal.,recommended
RC00000533,Manual review,Review USD 910.00 transaction before release.,recommended
RC00000533,Write risk note,Persist cluster_RING_193 as an elevated-risk signal.,recommended
RC00000534,Manual review,Review USD 1108.80 transaction before release.,recommended
RC00000534,Write risk note,Persist cluster_RING_194 as an elevated-risk signal.,recommended
RC00000535,Manual review,Review USD 3952.80 transaction before release.,recommended
RC00000535,Write risk note,Persist cluster_RING_195 as an elevated-risk signal.,recommended
RC00000536,Hold transaction,Keep USD 8090.00 held pending fraud-ops review.,recommended
RC00000536,Open dispute case,Start customer-confirmation and dispute workflow.,recommended
RC00000536,Write pattern memory,Persist cluster_RING_196 as a future recall signal.,recommended
RC00000537,Manual review,Review USD 3300.00 transaction before release.,recommended
RC00000537,Write risk note,Persist cluster_RING_197 as an elevated-risk signal.,recommended
RC00000538,Manual review,Review USD 3072.30 transaction before release.,recommended
RC00000538,Write risk note,Persist cluster_RING_198 as an elevated-risk signal.,recommended
RC00000539,Manual review,Review USD 2886.40 transaction before release.,recommended
RC00000539,Write risk note,Persist cluster_RING_199 as an elevated-risk signal.,recommended
RC00000540,Manual review,Review USD 2314.00 transaction before release.,recommended
RC00000540,Write risk note,Persist cluster_RING_140 as an elevated-risk signal.,recommended
RC00000541,Manual review,Review USD 2296.80 transaction before release.,recommended
RC00000541,Write risk note,Persist cluster_RING_141 as an elevated-risk signal.,recommended
RC00000542,Hold transaction,Keep USD 17352.00 held pending fraud-ops review.,recommended
RC00000542,Open dispute case,Start customer-confirmation and dispute workflow.,recommended
RC00000542,Write pattern memory,Persist cluster_RING_142 as a future recall signal.,recommended
RC00000543,Manual review,Review USD 4330.80 transaction before release.,recommended
RC00000543,Write risk note,Persist cluster_RING_143 as an elevated-risk signal.,recommended
RC00000544,Hold transaction,Keep USD 8790.00 held pending fraud-ops review.,recommended
RC00000544,Open dispute case,Start customer-confirmation and dispute workflow.,recommended
RC00000544,Write pattern memory,Persist cluster_RING_144 as a future recall signal.,recommended
RC00000545,Manual review,Review USD 3720.00 transaction before release.,recommended
RC00000545,Write risk note,Persist cluster_RING_145 as an elevated-risk signal.,recommended
RC00000546,Manual review,Review USD 3415.30 transaction before release.,recommended
RC00000546,Write risk note,Persist cluster_RING_146 as an elevated-risk signal.,recommended
RC00000547,Manual review,Review USD 3173.40 transaction before release.,recommended
RC00000547,Write risk note,Persist cluster_RING_147 as an elevated-risk signal.,recommended
RC00000548,Manual review,Review USD 2678.00 transaction before release.,recommended
RC00000548,Write risk note,Persist cluster_RING_148 as an elevated-risk signal.,recommended
RC00000549,Manual review,Review USD 2604.80 transaction before release.,recommended
RC00000549,Write risk note,Persist cluster_RING_149 as an elevated-risk signal.,recommended
RC00000550,Manual review,Review USD 928.80 transaction before release.,recommended
RC00000550,Write risk note,Persist cluster_RING_150 as an elevated-risk signal.,recommended
RC00000551,Hold transaction,Keep USD 2490.00 held pending fraud-ops review.,recommended
RC00000551,Open dispute case,Start customer-confirmation and dispute workflow.,recommended
RC00000551,Write pattern memory,Persist cluster_RING_151 as a future recall signal.,recommended
RC00000552,Manual review,Review USD 5340.00 transaction before release.,recommended
RC00000552,Write risk note,Persist cluster_RING_152 as an elevated-risk signal.,recommended
RC00000553,Manual review,Review USD 4738.30 transaction before release.,recommended
RC00000553,Write risk note,Persist cluster_RING_153 as an elevated-risk signal.,recommended
RC00000554,Manual review,Review USD 590.40 transaction before release.,recommended
RC00000554,Write risk note,Persist cluster_RING_154 as an elevated-risk signal.,recommended
RC00000555,Manual review,Review USD 3792.80 transaction before release.,recommended
RC00000555,Write risk note,Persist cluster_RING_155 as an elevated-risk signal.,recommended
RC00000556,Manual review,Review USD 2162.40 transaction before release.,recommended
RC00000556,Write risk note,Persist cluster_RING_156 as an elevated-risk signal.,recommended
RC00000557,Manual review,Review USD 1306.80 transaction before release.,recommended
RC00000557,Write risk note,Persist cluster_RING_157 as an elevated-risk signal.,recommended
RC00000558,Hold transaction,Keep USD 3190.00 held pending fraud-ops review.,recommended
RC00000558,Open dispute case,Start customer-confirmation and dispute workflow.,recommended
RC00000558,Write pattern memory,Persist cluster_RING_158 as a future recall signal.,recommended
RC00000559,Manual review,Review USD 5760.00 transaction before release.,recommended
RC00000559,Write risk note,Persist cluster_RING_159 as an elevated-risk signal.,recommended
RC00000560,Manual review,Review USD 671.30 transaction before release.,recommended
RC00000560,Write risk note,Persist cluster_RING_160 as an elevated-risk signal.,recommended
RC00000561,Manual review,Review USD 877.40 transaction before release.,recommended
RC00000561,Write risk note,Persist cluster_RING_161 as an elevated-risk signal.,recommended
RC00000562,Manual review,Review USD 4100.80 transaction before release.,recommended
RC00000562,Write risk note,Persist cluster_RING_162 as an elevated-risk signal.,recommended
RC00000563,Manual review,Review USD 3539.40 transaction before release.,recommended
RC00000563,Write risk note,Persist cluster_RING_163 as an elevated-risk signal.,recommended
RC00000564,Manual review,Review USD 2764.80 transaction before release.,recommended
RC00000564,Write risk note,Persist cluster_RING_164 as an elevated-risk signal.,recommended
RC00000565,Hold transaction,Keep USD 5890.00 held pending fraud-ops review.,recommended
RC00000565,Open dispute case,Start customer-confirmation and dispute workflow.,recommended
RC00000565,Write pattern memory,Persist cluster_RING_165 as a future recall signal.,recommended
RC00000566,Manual review,Review USD 1980.00 transaction before release.,recommended
RC00000566,Write risk note,Persist cluster_RING_166 as an elevated-risk signal.,recommended
RC00000567,Manual review,Review USD 1994.30 transaction before release.,recommended
RC00000567,Write risk note,Persist cluster_RING_167 as an elevated-risk signal.,recommended
RC00000568,Manual review,Review USD 1984.40 transaction before release.,recommended
RC00000568,Write risk note,Persist cluster_RING_168 as an elevated-risk signal.,recommended
RC00000569,Manual review,Review USD 3896.40 transaction before release.,recommended
RC00000569,Write risk note,Persist cluster_RING_169 as an elevated-risk signal.,recommended
RC00000570,Manual review,Review USD 3616.30 transaction before release.,recommended
RC00000570,Write risk note,Persist cluster_RING_170 as an elevated-risk signal.,recommended
RC00000571,Manual review,Review USD 3142.80 transaction before release.,recommended
RC00000571,Write risk note,Persist cluster_RING_171 as an elevated-risk signal.,recommended
RC00000572,Hold transaction,Keep USD 6590.00 held pending fraud-ops review.,recommended
RC00000572,Open dispute case,Start customer-confirmation and dispute workflow.,recommended
RC00000572,Write pattern memory,Persist cluster_RING_172 as a future recall signal.,recommended
RC00000573,Manual review,Review USD 2400.00 transaction before release.,recommended
RC00000573,Write risk note,Persist cluster_RING_173 as an elevated-risk signal.,recommended
RC00000574,Manual review,Review USD 2337.30 transaction before release.,recommended
RC00000574,Write risk note,Persist cluster_RING_174 as an elevated-risk signal.,recommended
RC00000575,Manual review,Review USD 2271.40 transaction before release.,recommended
RC00000575,Write risk note,Persist cluster_RING_175 as an elevated-risk signal.,recommended
RC00000576,Manual review,Review USD 5258.40 transaction before release.,recommended
RC00000576,Write risk note,Persist cluster_RING_176 as an elevated-risk signal.,recommended
RC00000577,Manual review,Review USD 683.40 transaction before release.,recommended
RC00000577,Write risk note,Persist cluster_RING_177 as an elevated-risk signal.,recommended
RC00000578,Manual review,Review USD 907.30 transaction before release.,recommended
RC00000578,Write risk note,Persist cluster_RING_178 as an elevated-risk signal.,recommended
RC00000579,Manual review,Review USD 4600.80 transaction before release.,recommended
RC00000579,Write risk note,Persist cluster_RING_179 as an elevated-risk signal.,recommended
RC00000580,Hold transaction,Keep USD 9290.00 held pending fraud-ops review.,recommended
RC00000580,Open dispute case,Start customer-confirmation and dispute workflow.,recommended
RC00000580,Write pattern memory,Persist cluster_RING_180 as a future recall signal.,recommended
RC00000581,Manual review,Review USD 3660.30 transaction before release.,recommended
RC00000581,Write risk note,Persist cluster_RING_181 as an elevated-risk signal.,recommended
RC00000582,Manual review,Review USD 3378.40 transaction before release.,recommended
RC00000582,Write risk note,Persist cluster_RING_182 as an elevated-risk signal.,recommended
RC00000583,Manual review,Review USD 1730.40 transaction before release.,recommended
RC00000583,Write risk note,Persist cluster_RING_183 as an elevated-risk signal.,recommended
RC00000584,Manual review,Review USD 1040.40 transaction before release.,recommended
RC00000584,Write risk note,Persist cluster_RING_184 as an elevated-risk signal.,recommended
RC00000585,Manual review,Review USD 1208.30 transaction before release.,recommended
RC00000585,Write risk note,Persist cluster_RING_185 as an elevated-risk signal.,recommended
RC00000586,Hold transaction,Keep USD 3222.00 held pending fraud-ops review.,recommended
RC00000586,Open dispute case,Start customer-confirmation and dispute workflow.,recommended
RC00000586,Write pattern memory,Persist cluster_RING_186 as a future recall signal.,recommended
RC00000587,Manual review,Review USD 4978.80 transaction before release.,recommended
RC00000587,Write risk note,Persist cluster_RING_187 as an elevated-risk signal.,recommended
RC00000588,Hold transaction,Keep USD 9990.00 held pending fraud-ops review.,recommended
RC00000588,Open dispute case,Start customer-confirmation and dispute workflow.,recommended
RC00000588,Write pattern memory,Persist cluster_RING_188 as a future recall signal.,recommended
RC00000589,Manual review,Review USD 3665.40 transaction before release.,recommended
RC00000589,Write risk note,Persist cluster_RING_189 as an elevated-risk signal.,recommended
RC00000590,Manual review,Review USD 2122.40 transaction before release.,recommended
RC00000590,Write risk note,Persist cluster_RING_190 as an elevated-risk signal.,recommended
RC00000591,Manual review,Review USD 2188.80 transaction before release.,recommended
RC00000591,Write risk note,Persist cluster_RING_191 as an elevated-risk signal.,recommended
RC00000592,Manual review,Review USD 2417.40 transaction before release.,recommended
RC00000592,Write risk note,Persist cluster_RING_192 as an elevated-risk signal.,recommended
RC00000593,Manual review,Review USD 2369.30 transaction before release.,recommended
RC00000593,Write risk note,Persist cluster_RING_193 as an elevated-risk signal.,recommended
RC00000594,Hold transaction,Keep USD 5652.00 held pending fraud-ops review.,recommended
RC00000594,Open dispute case,Start customer-confirmation and dispute workflow.,recommended
RC00000594,Write pattern memory,Persist cluster_RING_194 as a future recall signal.,recommended
RC00000595,Manual review,Review USD 1576.80 transaction before release.,recommended
RC00000595,Write risk note,Persist cluster_RING_195 as an elevated-risk signal.,recommended
RC00000596,Hold transaction,Keep USD 3690.00 held pending fraud-ops review.,recommended
RC00000596,Open dispute case,Start customer-confirmation and dispute workflow.,recommended
RC00000596,Write pattern memory,Persist cluster_RING_196 as a future recall signal.,recommended
RC00000597,Manual review,Review USD 1082.40 transaction before release.,recommended
RC00000597,Write risk note,Persist cluster_RING_197 as an elevated-risk signal.,recommended
RC00000598,Manual review,Review USD 3634.40 transaction before release.,recommended
RC00000598,Write risk note,Persist cluster_RING_198 as an elevated-risk signal.,recommended
RC00000599,Manual review,Review USD 3484.80 transaction before release.,recommended
RC00000599,Write risk note,Persist cluster_RING_199 as an elevated-risk signal.,recommended
RC00000600,Manual review,Review USD 2774.40 transaction before release.,recommended
RC00000600,Write risk note,Persist cluster_RING_140 as an elevated-risk signal.,recommended
RC00000601,Hold transaction,Keep USD 17480.00 held pending fraud-ops review.,recommended
RC00000601,Open dispute case,Start customer-confirmation and dispute workflow.,recommended
RC00000601,Write pattern memory,Persist cluster_RING_141 as a future recall signal.,recommended
RC00000602,Manual review,Review USD 2670.30 transaction before release.,recommended
RC00000602,Write risk note,Persist cluster_RING_142 as an elevated-risk signal.,recommended
RC00000603,Hold transaction,Keep USD 6282.00 held pending fraud-ops review.,recommended
RC00000603,Open dispute case,Start customer-confirmation and dispute workflow.,recommended
RC00000603,Write pattern memory,Persist cluster_RING_143 as a future recall signal.,recommended
RC00000604,Manual review,Review USD 1954.80 transaction before release.,recommended
RC00000604,Write risk note,Persist cluster_RING_144 as an elevated-risk signal.,recommended
RC00000605,Hold transaction,Keep USD 4390.00 held pending fraud-ops review.,recommended
RC00000605,Open dispute case,Start customer-confirmation and dispute workflow.,recommended
RC00000605,Write pattern memory,Persist cluster_RING_145 as a future recall signal.,recommended
RC00000606,Manual review,Review USD 4026.40 transaction before release.,recommended
RC00000606,Write risk note,Persist cluster_RING_146 as an elevated-risk signal.,recommended
RC00000607,Manual review,Review USD 3820.80 transaction before release.,recommended
RC00000607,Write risk note,Persist cluster_RING_147 as an elevated-risk signal.,recommended
RC00000608,Manual review,Review USD 4151.40 transaction before release.,recommended
RC00000608,Write risk note,Persist cluster_RING_148 as an elevated-risk signal.,recommended
RC00000609,Manual review,Review USD 3831.30 transaction before release.,recommended
RC00000609,Write risk note,Persist cluster_RING_149 as an elevated-risk signal.,recommended
RC00000610,Hold transaction,Keep USD 8712.00 held pending fraud-ops review.,recommended
RC00000610,Open dispute case,Start customer-confirmation and dispute workflow.,recommended
RC00000610,Write pattern memory,Persist cluster_RING_150 as a future recall signal.,recommended
RC00000611,Manual review,Review USD 3412.80 transaction before release.,recommended
RC00000611,Write risk note,Persist cluster_RING_151 as an elevated-risk signal.,recommended
RC00000612,Hold transaction,Keep USD 7090.00 held pending fraud-ops review.,recommended
RC00000612,Open dispute case,Start customer-confirmation and dispute workflow.,recommended
RC00000612,Write pattern memory,Persist cluster_RING_152 as a future recall signal.,recommended
RC00000613,Manual review,Review USD 5538.40 transaction before release.,recommended
RC00000613,Write risk note,Persist cluster_RING_153 as an elevated-risk signal.,recommended
RC00000614,Manual review,Review USD 796.80 transaction before release.,recommended
RC00000614,Write risk note,Persist cluster_RING_154 as an elevated-risk signal.,recommended
RC00000615,Manual review,Review USD 4508.40 transaction before release.,recommended
RC00000615,Write risk note,Persist cluster_RING_155 as an elevated-risk signal.,recommended
RC00000616,Manual review,Review USD 4132.30 transaction before release.,recommended
RC00000616,Write risk note,Persist cluster_RING_156 as an elevated-risk signal.,recommended
RC00000617,Hold transaction,Keep USD 1242.00 held pending fraud-ops review.,recommended
RC00000617,Open dispute case,Start customer-confirmation and dispute workflow.,recommended
RC00000617,Write pattern memory,Persist cluster_RING_157 as a future recall signal.,recommended
RC00000618,Hold transaction,Keep USD 7790.00 held pending fraud-ops review.,recommended
RC00000618,Open dispute case,Start customer-confirmation and dispute workflow.,recommended
RC00000618,Write pattern memory,Persist cluster_RING_158 as a future recall signal.,recommended
RC00000619,Manual review,Review USD 1807.30 transaction before release.,recommended
RC00000619,Write risk note,Persist cluster_RING_159 as an elevated-risk signal.,recommended
RC00000620,Manual review,Review USD 890.40 transaction before release.,recommended
RC00000620,Write risk note,Persist cluster_RING_160 as an elevated-risk signal.,recommended
RC00000621,Manual review,Review USD 6952.00 transaction before release.,recommended
RC00000621,Write risk note,Persist cluster_RING_161 as an elevated-risk signal.,recommended
RC00000622,Manual review,Review USD 1132.80 transaction before release.,recommended
RC00000622,Write risk note,Persist cluster_RING_162 as an elevated-risk signal.,recommended
RC00000623,Manual review,Review USD 1295.40 transaction before release.,recommended
RC00000623,Write risk note,Persist cluster_RING_163 as an elevated-risk signal.,recommended
RC00000624,Manual review,Review USD 1423.30 transaction before release.,recommended
RC00000624,Write risk note,Persist cluster_RING_164 as an elevated-risk signal.,recommended
RC00000625,Hold transaction,Keep USD 3672.00 held pending fraud-ops review.,recommended
RC00000625,Open dispute case,Start customer-confirmation and dispute workflow.,recommended
RC00000625,Write pattern memory,Persist cluster_RING_165 as a future recall signal.,recommended
RC00000626,Hold transaction,Keep USD 1490.00 held pending fraud-ops review.,recommended
RC00000626,Open dispute case,Start customer-confirmation and dispute workflow.,recommended
RC00000626,Write pattern memory,Persist cluster_RING_166 as a future recall signal.,recommended
RC00000627,Manual review,Review USD 3238.30 transaction before release.,recommended
RC00000627,Write risk note,Persist cluster_RING_167 as an elevated-risk signal.,recommended
RC00000628,Manual review,Review USD 2402.40 transaction before release.,recommended
RC00000628,Write risk note,Persist cluster_RING_168 as an elevated-risk signal.,recommended
RC00000629,Hold transaction,Keep USD 14064.00 held pending fraud-ops review.,recommended
RC00000629,Open dispute case,Start customer-confirmation and dispute workflow.,recommended
RC00000629,Write pattern memory,Persist cluster_RING_169 as a future recall signal.,recommended
RC00000630,Manual review,Review USD 2428.80 transaction before release.,recommended
RC00000630,Write risk note,Persist cluster_RING_170 as an elevated-risk signal.,recommended
RC00000631,Manual review,Review USD 1652.40 transaction before release.,recommended
RC00000631,Write risk note,Persist cluster_RING_171 as an elevated-risk signal.,recommended
RC00000632,Manual review,Review USD 1724.30 transaction before release.,recommended
RC00000632,Write risk note,Persist cluster_RING_172 as an elevated-risk signal.,recommended
RC00000633,Hold transaction,Keep USD 4302.00 held pending fraud-ops review.,recommended
RC00000633,Open dispute case,Start customer-confirmation and dispute workflow.,recommended
RC00000633,Write pattern memory,Persist cluster_RING_173 as a future recall signal.,recommended
RC00000634,Manual review,Review USD 3609.30 transaction before release.,recommended
RC00000634,Write risk note,Persist cluster_RING_174 as an elevated-risk signal.,recommended
RC00000635,Manual review,Review USD 3411.00 transaction before release.,recommended
RC00000635,Write risk note,Persist cluster_RING_175 as an elevated-risk signal.,recommended
RC00000636,Manual review,Review USD 2794.40 transaction before release.,recommended
RC00000636,Write risk note,Persist cluster_RING_176 as an elevated-risk signal.,recommended
RC00000637,Manual review,Review USD 2764.80 transaction before release.,recommended
RC00000637,Write risk note,Persist cluster_RING_177 as an elevated-risk signal.,recommended
RC00000638,Hold transaction,Keep USD 856.00 held pending fraud-ops review.,recommended
RC00000638,Open dispute case,Start customer-confirmation and dispute workflow.,recommended
RC00000638,Write pattern memory,Persist cluster_RING_178 as a future recall signal.,recommended
RC00000639,Manual review,Review USD 3029.40 transaction before release.,recommended
RC00000639,Write risk note,Persist cluster_RING_179 as an elevated-risk signal.,recommended
RC00000640,Manual review,Review USD 2885.30 transaction before release.,recommended
RC00000640,Write risk note,Persist cluster_RING_180 as an elevated-risk signal.,recommended
RC00000641,Hold transaction,Keep USD 6732.00 held pending fraud-ops review.,recommended
RC00000641,Open dispute case,Start customer-confirmation and dispute workflow.,recommended
RC00000641,Write pattern memory,Persist cluster_RING_181 as a future recall signal.,recommended
RC00000642,Manual review,Review USD 5040.30 transaction before release.,recommended
RC00000642,Write risk note,Persist cluster_RING_182 as an elevated-risk signal.,recommended
RC00000643,Manual review,Review USD 576.00 transaction before release.,recommended
RC00000643,Write risk note,Persist cluster_RING_183 as an elevated-risk signal.,recommended
RC00000644,Manual review,Review USD 4306.40 transaction before release.,recommended
RC00000644,Write risk note,Persist cluster_RING_184 as an elevated-risk signal.,recommended
RC00000645,Manual review,Review USD 4060.80 transaction before release.,recommended
RC00000645,Write risk note,Persist cluster_RING_185 as an elevated-risk signal.,recommended
RC00000646,Hold transaction,Keep USD 1416.00 held pending fraud-ops review.,recommended
RC00000646,Open dispute case,Start customer-confirmation and dispute workflow.,recommended
RC00000646,Write pattern memory,Persist cluster_RING_186 as a future recall signal.,recommended
RC00000647,Manual review,Review USD 3386.40 transaction before release.,recommended
RC00000647,Write risk note,Persist cluster_RING_187 as an elevated-risk signal.,recommended
RC00000648,Manual review,Review USD 3186.30 transaction before release.,recommended
RC00000648,Write risk note,Persist cluster_RING_188 as an elevated-risk signal.,recommended
RC00000649,Hold transaction,Keep USD 7362.00 held pending fraud-ops review.,recommended
RC00000649,Open dispute case,Start customer-confirmation and dispute workflow.,recommended
RC00000649,Write pattern memory,Persist cluster_RING_189 as a future recall signal.,recommended
RC00000650,Hold transaction,Keep USD 24128.00 held pending fraud-ops review.,recommended
RC00000650,Open dispute case,Start customer-confirmation and dispute workflow.,recommended
RC00000650,Write pattern memory,Persist cluster_RING_190 as a future recall signal.,recommended
RC00000651,Manual review,Review USD 641.30 transaction before release.,recommended
RC00000651,Write risk note,Persist cluster_RING_191 as an elevated-risk signal.,recommended
RC00000652,Manual review,Review USD 891.00 transaction before release.,recommended
RC00000652,Write risk note,Persist cluster_RING_192 as an elevated-risk signal.,recommended
RC00000653,Manual review,Review USD 4698.40 transaction before release.,recommended
RC00000653,Write risk note,Persist cluster_RING_193 as an elevated-risk signal.,recommended
RC00000654,Manual review,Review USD 4396.80 transaction before release.,recommended
RC00000654,Write risk note,Persist cluster_RING_194 as an elevated-risk signal.,recommended
RC00000655,Hold transaction,Keep USD 3576.00 held pending fraud-ops review.,recommended
RC00000655,Open dispute case,Start customer-confirmation and dispute workflow.,recommended
RC00000655,Write pattern memory,Persist cluster_RING_195 as a future recall signal.,recommended
RC00000656,Manual review,Review USD 477.30 transaction before release.,recommended
RC00000656,Write risk note,Persist cluster_RING_196 as an elevated-risk signal.,recommended
RC00000657,Hold transaction,Keep USD 1692.00 held pending fraud-ops review.,recommended
RC00000657,Open dispute case,Start customer-confirmation and dispute workflow.,recommended
RC00000657,Write pattern memory,Persist cluster_RING_197 as a future recall signal.,recommended
RC00000658,Manual review,Review USD 2865.00 transaction before release.,recommended
RC00000658,Write risk note,Persist cluster_RING_198 as an elevated-risk signal.,recommended
RC00000659,Hold transaction,Keep USD 8344.00 held pending fraud-ops review.,recommended
RC00000659,Open dispute case,Start customer-confirmation and dispute workflow.,recommended
RC00000659,Write pattern memory,Persist cluster_RING_199 as a future recall signal.,recommended
RC00000660,Manual review,Review USD 2072.30 transaction before release.,recommended
RC00000660,Write risk note,Persist cluster_RING_140 as an elevated-risk signal.,recommended
RC00000661,Manual review,Review USD 2106.00 transaction before release.,recommended
RC00000661,Write risk note,Persist cluster_RING_141 as an elevated-risk signal.,recommended
RC00000662,Manual review,Review USD 1170.40 transaction before release.,recommended
RC00000662,Write risk note,Persist cluster_RING_142 as an elevated-risk signal.,recommended
RC00000663,Manual review,Review USD 1372.80 transaction before release.,recommended
RC00000663,Write risk note,Persist cluster_RING_143 as an elevated-risk signal.,recommended
RC00000664,Hold transaction,Keep USD 4136.00 held pending fraud-ops review.,recommended
RC00000664,Open dispute case,Start customer-confirmation and dispute workflow.,recommended
RC00000664,Write pattern memory,Persist cluster_RING_144 as a future recall signal.,recommended
RC00000665,Manual review,Review USD 778.30 transaction before release.,recommended
RC00000665,Write risk note,Persist cluster_RING_145 as an elevated-risk signal.,recommended
RC00000666,Hold transaction,Keep USD 2322.00 held pending fraud-ops review.,recommended
RC00000666,Open dispute case,Start customer-confirmation and dispute workflow.,recommended
RC00000666,Write pattern memory,Persist cluster_RING_146 as a future recall signal.,recommended
RC00000667,Manual review,Review USD 3215.00 transaction before release.,recommended
RC00000667,Write risk note,Persist cluster_RING_147 as an elevated-risk signal.,recommended
RC00000668,Manual review,Review USD 2443.30 transaction before release.,recommended
RC00000668,Write risk note,Persist cluster_RING_148 as an elevated-risk signal.,recommended
RC00000669,Manual review,Review USD 2421.00 transaction before release.,recommended
RC00000669,Write risk note,Persist cluster_RING_149 as an elevated-risk signal.,recommended
RC00000670,Manual review,Review USD 1562.40 transaction before release.,recommended
RC00000670,Write risk note,Persist cluster_RING_150 as an elevated-risk signal.,recommended
RC00000671,Manual review,Review USD 1708.80 transaction before release.,recommended
RC00000671,Write risk note,Persist cluster_RING_151 as an elevated-risk signal.,recommended
RC00000672,Hold transaction,Keep USD 6296.00 held pending fraud-ops review.,recommended
RC00000672,Open dispute case,Start customer-confirmation and dispute workflow.,recommended
RC00000672,Write pattern memory,Persist cluster_RING_152 as a future recall signal.,recommended
RC00000673,Hold transaction,Keep USD 4752.00 held pending fraud-ops review.,recommended
RC00000673,Open dispute case,Start customer-confirmation and dispute workflow.,recommended
RC00000673,Write pattern memory,Persist cluster_RING_153 as a future recall signal.,recommended
RC00000674,Manual review,Review USD 4565.00 transaction before release.,recommended
RC00000674,Write risk note,Persist cluster_RING_154 as an elevated-risk signal.,recommended
RC00000675,Manual review,Review USD 4158.00 transaction before release.,recommended
RC00000675,Write risk note,Persist cluster_RING_155 as an elevated-risk signal.,recommended
RC00000676,Manual review,Review USD 3874.30 transaction before release.,recommended
RC00000676,Write risk note,Persist cluster_RING_156 as an elevated-risk signal.,recommended
RC00000677,Manual review,Review USD 3636.00 transaction before release.,recommended
RC00000677,Write risk note,Persist cluster_RING_157 as an elevated-risk signal.,recommended
RC00000678,Manual review,Review USD 3074.40 transaction before release.,recommended
RC00000678,Write risk note,Persist cluster_RING_158 as an elevated-risk signal.,recommended
RC00000679,Manual review,Review USD 3004.80 transaction before release.,recommended
RC00000679,Write risk note,Persist cluster_RING_159 as an elevated-risk signal.,recommended
RC00000680,Hold transaction,Keep USD 6856.00 held pending fraud-ops review.,recommended
RC00000680,Open dispute case,Start customer-confirmation and dispute workflow.,recommended
RC00000680,Write pattern memory,Persist cluster_RING_160 as a future recall signal.,recommended
RC00000681,Hold transaction,Keep USD 5382.00 held pending fraud-ops review.,recommended
RC00000681,Open dispute case,Start customer-confirmation and dispute workflow.,recommended
RC00000681,Write pattern memory,Persist cluster_RING_161 as a future recall signal.,recommended
RC00000682,Hold transaction,Keep USD 11520.00 held pending fraud-ops review.,recommended
RC00000682,Open dispute case,Start customer-confirmation and dispute workflow.,recommended
RC00000682,Write pattern memory,Persist cluster_RING_162 as a future recall signal.,recommended
RC00000683,Manual review,Review USD 4915.00 transaction before release.,recommended
RC00000683,Write risk note,Persist cluster_RING_163 as an elevated-risk signal.,recommended
RC00000684,Manual review,Review USD 672.00 transaction before release.,recommended
RC00000684,Write risk note,Persist cluster_RING_164 as an elevated-risk signal.,recommended
RC00000685,Manual review,Review USD 4245.30 transaction before release.,recommended
RC00000685,Write risk note,Persist cluster_RING_165 as an elevated-risk signal.,recommended
RC00000686,Manual review,Review USD 3951.00 transaction before release.,recommended
RC00000686,Write risk note,Persist cluster_RING_166 as an elevated-risk signal.,recommended
RC00000687,Manual review,Review USD 3340.80 transaction before release.,recommended
RC00000687,Write risk note,Persist cluster_RING_167 as an elevated-risk signal.,recommended
RC00000688,Hold transaction,Keep USD 1816.00 held pending fraud-ops review.,recommended
RC00000688,Open dispute case,Start customer-confirmation and dispute workflow.,recommended
RC00000688,Write pattern memory,Persist cluster_RING_168 as a future recall signal.,recommended
RC00000689,Manual review,Review USD 2519.00 transaction before release.,recommended
RC00000689,Write risk note,Persist cluster_RING_169 as an elevated-risk signal.,recommended
RC00000690,Hold transaction,Keep USD 18200.00 held pending fraud-ops review.,recommended
RC00000690,Open dispute case,Start customer-confirmation and dispute workflow.,recommended
RC00000690,Write pattern memory,Persist cluster_RING_170 as a future recall signal.,recommended
RC00000691,Manual review,Review USD 1765.00 transaction before release.,recommended
RC00000691,Write risk note,Persist cluster_RING_171 as an elevated-risk signal.,recommended
RC00000692,Manual review,Review USD 1806.00 transaction before release.,recommended
RC00000692,Write risk note,Persist cluster_RING_172 as an elevated-risk signal.,recommended
RC00000693,Manual review,Review USD 906.30 transaction before release.,recommended
RC00000693,Write risk note,Persist cluster_RING_173 as an elevated-risk signal.,recommended
RC00000694,Manual review,Review USD 1116.00 transaction before release.,recommended
RC00000694,Write risk note,Persist cluster_RING_174 as an elevated-risk signal.,recommended
RC00000695,Manual review,Review USD 3892.00 transaction before release.,recommended
RC00000695,Write risk note,Persist cluster_RING_175 as an elevated-risk signal.,recommended
RC00000696,Manual review,Review USD 4636.80 transaction before release.,recommended
RC00000696,Write risk note,Persist cluster_RING_176 as an elevated-risk signal.,recommended
RC00000697,Hold transaction,Keep USD 2376.00 held pending fraud-ops review.,recommended
RC00000697,Open dispute case,Start customer-confirmation and dispute workflow.,recommended
RC00000697,Write pattern memory,Persist cluster_RING_177 as a future recall signal.,recommended
RC00000698,Manual review,Review USD 2904.00 transaction before release.,recommended
RC00000698,Write risk note,Persist cluster_RING_178 as an elevated-risk signal.,recommended
RC00000699,Manual review,Review USD 2843.50 transaction before release.,recommended
RC00000699,Write risk note,Persist cluster_RING_179 as an elevated-risk signal.,recommended
RC00000700,Manual review,Review USD 2115.00 transaction before release.,recommended
RC00000700,Write risk note,Persist cluster_RING_180 as an elevated-risk signal.,recommended
RC00000701,Manual review,Review USD 2100.00 transaction before release.,recommended
RC00000701,Write risk note,Persist cluster_RING_181 as an elevated-risk signal.,recommended
RC00000702,Manual review,Review USD 1277.30 transaction before release.,recommended
RC00000702,Write risk note,Persist cluster_RING_182 as an elevated-risk signal.,recommended
RC00000703,Manual review,Review USD 1431.00 transaction before release.,recommended
RC00000703,Write risk note,Persist cluster_RING_183 as an elevated-risk signal.,recommended
RC00000704,Manual review,Review USD 4382.00 transaction before release.,recommended
RC00000704,Write risk note,Persist cluster_RING_184 as an elevated-risk signal.,recommended
RC00000705,Hold transaction,Keep USD 4536.00 held pending fraud-ops review.,recommended
RC00000705,Open dispute case,Start customer-confirmation and dispute workflow.,recommended
RC00000705,Write pattern memory,Persist cluster_RING_185 as a future recall signal.,recommended
RC00000706,Manual review,Review USD 4389.00 transaction before release.,recommended
RC00000706,Write risk note,Persist cluster_RING_186 as an elevated-risk signal.,recommended
RC00000707,Manual review,Review USD 4112.50 transaction before release.,recommended
RC00000707,Write risk note,Persist cluster_RING_187 as an elevated-risk signal.,recommended
RC00000708,Manual review,Review USD 3465.00 transaction before release.,recommended
RC00000708,Write risk note,Persist cluster_RING_188 as an elevated-risk signal.,recommended
RC00000709,Manual review,Review USD 3234.00 transaction before release.,recommended
RC00000709,Write risk note,Persist cluster_RING_189 as an elevated-risk signal.,recommended
RC00000710,Manual review,Review USD 2708.30 transaction before release.,recommended
RC00000710,Write risk note,Persist cluster_RING_190 as an elevated-risk signal.,recommended
RC00000711,Manual review,Review USD 2646.00 transaction before release.,recommended
RC00000711,Write risk note,Persist cluster_RING_191 as an elevated-risk signal.,recommended
RC00000712,Manual review,Review USD 6272.00 transaction before release.,recommended
RC00000712,Write risk note,Persist cluster_RING_192 as an elevated-risk signal.,recommended
RC00000713,Hold transaction,Keep USD 5096.00 held pending fraud-ops review.,recommended
RC00000713,Open dispute case,Start customer-confirmation and dispute workflow.,recommended
RC00000713,Write pattern memory,Persist cluster_RING_193 as a future recall signal.,recommended
RC00000714,Manual review,Review USD 7744.00 transaction before release.,recommended
RC00000714,Write risk note,Persist cluster_RING_194 as an elevated-risk signal.,recommended
RC00000715,Manual review,Review USD 4774.00 transaction before release.,recommended
RC00000715,Write risk note,Persist cluster_RING_195 as an elevated-risk signal.,recommended
RC00000716,Manual review,Review USD 4441.50 transaction before release.,recommended
RC00000716,Write risk note,Persist cluster_RING_196 as an elevated-risk signal.,recommended
RC00000717,Manual review,Review USD 3815.00 transaction before release.,recommended
RC00000717,Write risk note,Persist cluster_RING_197 as an elevated-risk signal.,recommended
RC00000718,Manual review,Review USD 3528.00 transaction before release.,recommended
RC00000718,Write risk note,Persist cluster_RING_198 as an elevated-risk signal.,recommended
RC00000719,Manual review,Review USD 3079.30 transaction before release.,recommended
RC00000719,Write risk note,Persist cluster_RING_199 as an elevated-risk signal.,recommended
RC00000720,Manual review,Review USD 2961.00 transaction before release.,recommended
RC00000720,Write risk note,Persist cluster_RING_140 as an elevated-risk signal.,recommended
RC00000721,Manual review,Review USD 6762.00 transaction before release.,recommended
RC00000721,Write risk note,Persist cluster_RING_141 as an elevated-risk signal.,recommended
RC00000722,Hold transaction,Keep USD 7256.00 held pending fraud-ops review.,recommended
RC00000722,Open dispute case,Start customer-confirmation and dispute workflow.,recommended
RC00000722,Write pattern memory,Persist cluster_RING_142 as a future recall signal.,recommended
RC00000723,Hold transaction,Keep USD 14928.00 held pending fraud-ops review.,recommended
RC00000723,Open dispute case,Start customer-confirmation and dispute workflow.,recommended
RC00000723,Write pattern memory,Persist cluster_RING_143 as a future recall signal.,recommended
RC00000724,Manual review,Review USD 1309.00 transaction before release.,recommended
RC00000724,Write risk note,Persist cluster_RING_144 as an elevated-risk signal.,recommended
RC00000725,Manual review,Review USD 1480.50 transaction before release.,recommended
RC00000725,Write risk note,Persist cluster_RING_145 as an elevated-risk signal.,recommended
RC00000726,Manual review,Review USD 665.00 transaction before release.,recommended
RC00000726,Write risk note,Persist cluster_RING_146 as an elevated-risk signal.,recommended
RC00000727,Manual review,Review USD 882.00 transaction before release.,recommended
RC00000727,Write risk note,Persist cluster_RING_147 as an elevated-risk signal.,recommended
RC00000728,Manual review,Review USD 4176.00 transaction before release.,recommended
RC00000728,Write risk note,Persist cluster_RING_148 as an elevated-risk signal.,recommended
RC00000729,Manual review,Review USD 2352.00 transaction before release.,recommended
RC00000729,Write risk note,Persist cluster_RING_149 as an elevated-risk signal.,recommended
RC00000730,Manual review,Review USD 2548.00 transaction before release.,recommended
RC00000730,Write risk note,Persist cluster_RING_150 as an elevated-risk signal.,recommended
RC00000731,Hold transaction,Keep USD 7816.00 held pending fraud-ops review.,recommended
RC00000731,Open dispute case,Start customer-confirmation and dispute workflow.,recommended
RC00000731,Write pattern memory,Persist cluster_RING_151 as a future recall signal.,recommended
RC00000732,Manual review,Review USD 1694.00 transaction before release.,recommended
RC00000732,Write risk note,Persist cluster_RING_152 as an elevated-risk signal.,recommended
RC00000733,Manual review,Review USD 1809.50 transaction before release.,recommended
RC00000733,Write risk note,Persist cluster_RING_153 as an elevated-risk signal.,recommended
RC00000734,Manual review,Review USD 1015.00 transaction before release.,recommended
RC00000734,Write risk note,Persist cluster_RING_154 as an elevated-risk signal.,recommended
RC00000735,Manual review,Review USD 1176.00 transaction before release.,recommended
RC00000735,Write risk note,Persist cluster_RING_155 as an elevated-risk signal.,recommended
RC00000736,Manual review,Review USD 4491.00 transaction before release.,recommended
RC00000736,Write risk note,Persist cluster_RING_156 as an elevated-risk signal.,recommended
RC00000737,Manual review,Review USD 2842.00 transaction before release.,recommended
RC00000737,Write risk note,Persist cluster_RING_157 as an elevated-risk signal.,recommended
RC00000738,Manual review,Review USD 2912.00 transaction before release.,recommended
RC00000738,Write risk note,Persist cluster_RING_158 as an elevated-risk signal.,recommended
RC00000739,Hold transaction,Keep USD 2776.00 held pending fraud-ops review.,recommended
RC00000739,Open dispute case,Start customer-confirmation and dispute workflow.,recommended
RC00000739,Write pattern memory,Persist cluster_RING_159 as a future recall signal.,recommended
RC00000740,Manual review,Review USD 3179.00 transaction before release.,recommended
RC00000740,Write risk note,Persist cluster_RING_160 as an elevated-risk signal.,recommended
RC00000741,Manual review,Review USD 3078.50 transaction before release.,recommended
RC00000741,Write risk note,Persist cluster_RING_161 as an elevated-risk signal.,recommended
RC00000742,Manual review,Review USD 2365.00 transaction before release.,recommended
RC00000742,Write risk note,Persist cluster_RING_162 as an elevated-risk signal.,recommended
RC00000743,Manual review,Review USD 2310.00 transaction before release.,recommended
RC00000743,Write risk note,Persist cluster_RING_163 as an elevated-risk signal.,recommended
RC00000744,Hold transaction,Keep USD 25064.00 held pending fraud-ops review.,recommended
RC00000744,Open dispute case,Start customer-confirmation and dispute workflow.,recommended
RC00000744,Write pattern memory,Persist cluster_RING_164 as a future recall signal.,recommended
RC00000745,Manual review,Review USD 4732.00 transaction before release.,recommended
RC00000745,Write risk note,Persist cluster_RING_165 as an elevated-risk signal.,recommended
RC00000746,Manual review,Review USD 4316.00 transaction before release.,recommended
RC00000746,Write risk note,Persist cluster_RING_166 as an elevated-risk signal.,recommended
RC00000747,Manual review,Review USD 3990.80 transaction before release.,recommended
RC00000747,Write risk note,Persist cluster_RING_167 as an elevated-risk signal.,recommended
RC00000748,Manual review,Review USD 3564.00 transaction before release.,recommended
RC00000748,Write risk note,Persist cluster_RING_168 as an elevated-risk signal.,recommended
RC00000749,Manual review,Review USD 3407.50 transaction before release.,recommended
RC00000749,Write risk note,Persist cluster_RING_169 as an elevated-risk signal.,recommended
RC00000750,Manual review,Review USD 2715.00 transaction before release.,recommended
RC00000750,Write risk note,Persist cluster_RING_170 as an elevated-risk signal.,recommended
RC00000751,Manual review,Review USD 2604.00 transaction before release.,recommended
RC00000751,Write risk note,Persist cluster_RING_171 as an elevated-risk signal.,recommended
RC00000752,Manual review,Review USD 630.00 transaction before release.,recommended
RC00000752,Write risk note,Persist cluster_RING_172 as an elevated-risk signal.,recommended
RC00000753,Manual review,Review USD 5222.00 transaction before release.,recommended
RC00000753,Write risk note,Persist cluster_RING_173 as an elevated-risk signal.,recommended
RC00000754,Manual review,Review USD 4680.00 transaction before release.,recommended
RC00000754,Write risk note,Persist cluster_RING_174 as an elevated-risk signal.,recommended
RC00000755,Manual review,Review USD 1218.80 transaction before release.,recommended
RC00000755,Write risk note,Persist cluster_RING_175 as an elevated-risk signal.,recommended
RC00000756,Manual review,Review USD 5049.00 transaction before release.,recommended
RC00000756,Write risk note,Persist cluster_RING_176 as an elevated-risk signal.,recommended
RC00000757,Manual review,Review USD 4676.50 transaction before release.,recommended
RC00000757,Write risk note,Persist cluster_RING_177 as an elevated-risk signal.,recommended
RC00000758,Manual review,Review USD 4065.00 transaction before release.,recommended
RC00000758,Write risk note,Persist cluster_RING_178 as an elevated-risk signal.,recommended
RC00000759,Manual review,Review USD 3738.00 transaction before release.,recommended
RC00000759,Write risk note,Persist cluster_RING_179 as an elevated-risk signal.,recommended
RC00000760,Manual review,Review USD 2250.00 transaction before release.,recommended
RC00000760,Write risk note,Persist cluster_RING_180 as an elevated-risk signal.,recommended
RC00000761,Manual review,Review USD 812.00 transaction before release.,recommended
RC00000761,Write risk note,Persist cluster_RING_181 as an elevated-risk signal.,recommended
RC00000762,Manual review,Review USD 1404.00 transaction before release.,recommended
RC00000762,Write risk note,Persist cluster_RING_182 as an elevated-risk signal.,recommended
RC00000763,Manual review,Review USD 1526.80 transaction before release.,recommended
RC00000763,Write risk note,Persist cluster_RING_183 as an elevated-risk signal.,recommended
RC00000764,Manual review,Review USD 5434.00 transaction before release.,recommended
RC00000764,Write risk note,Persist cluster_RING_184 as an elevated-risk signal.,recommended
RC00000765,Manual review,Review USD 775.50 transaction before release.,recommended
RC00000765,Write risk note,Persist cluster_RING_185 as an elevated-risk signal.,recommended
RC00000766,Manual review,Review USD 4415.00 transaction before release.,recommended
RC00000766,Write risk note,Persist cluster_RING_186 as an elevated-risk signal.,recommended
RC00000767,Manual review,Review USD 4032.00 transaction before release.,recommended
RC00000767,Write risk note,Persist cluster_RING_187 as an elevated-risk signal.,recommended
RC00000768,Manual review,Review USD 2670.00 transaction before release.,recommended
RC00000768,Write risk note,Persist cluster_RING_188 as an elevated-risk signal.,recommended
RC00000769,Manual review,Review USD 2557.80 transaction before release.,recommended
RC00000769,Write risk note,Persist cluster_RING_189 as an elevated-risk signal.,recommended
RC00000770,Manual review,Review USD 1302.00 transaction before release.,recommended
RC00000770,Write risk note,Persist cluster_RING_190 as an elevated-risk signal.,recommended
RC00000771,Manual review,Review USD 1768.00 transaction before release.,recommended
RC00000771,Write risk note,Persist cluster_RING_191 as an elevated-risk signal.,recommended
RC00000772,Manual review,Review USD 2714.80 transaction before release.,recommended
RC00000772,Write risk note,Persist cluster_RING_192 as an elevated-risk signal.,recommended
RC00000773,Manual review,Review USD 1969.00 transaction before release.,recommended
RC00000773,Write risk note,Persist cluster_RING_193 as an elevated-risk signal.,recommended
RC00000774,Manual review,Review USD 2044.50 transaction before release.,recommended
RC00000774,Write risk note,Persist cluster_RING_194 as an elevated-risk signal.,recommended
RC00000775,Manual review,Review USD 1386.00 transaction before release.,recommended
RC00000775,Write risk note,Persist cluster_RING_195 as an elevated-risk signal.,recommended
RC00000776,Manual review,Review USD 4290.00 transaction before release.,recommended
RC00000776,Write risk note,Persist cluster_RING_196 as an elevated-risk signal.,recommended
RC00000777,Manual review,Review USD 3880.80 transaction before release.,recommended
RC00000777,Write risk note,Persist cluster_RING_197 as an elevated-risk signal.,recommended
RC00000778,Manual review,Review USD 3192.00 transaction before release.,recommended
RC00000778,Write risk note,Persist cluster_RING_198 as an elevated-risk signal.,recommended
RC00000779,Manual review,Review USD 3172.00 transaction before release.,recommended
RC00000779,Write risk note,Persist cluster_RING_199 as an elevated-risk signal.,recommended
RC00000780,Manual review,Review USD 3022.80 transaction before release.,recommended
RC00000780,Write risk note,Persist cluster_RING_140 as an elevated-risk signal.,recommended
RC00000781,Manual review,Review USD 2354.00 transaction before release.,recommended
RC00000781,Write risk note,Persist cluster_RING_141 as an elevated-risk signal.,recommended
RC00000782,Manual review,Review USD 2373.50 transaction before release.,recommended
RC00000782,Write risk note,Persist cluster_RING_142 as an elevated-risk signal.,recommended
RC00000783,Manual review,Review USD 1680.00 transaction before release.,recommended
RC00000783,Write risk note,Persist cluster_RING_143 as an elevated-risk signal.,recommended
RC00000784,Manual review,Review USD 4710.00 transaction before release.,recommended
RC00000784,Write risk note,Persist cluster_RING_144 as an elevated-risk signal.,recommended
RC00000785,Manual review,Review USD 4223.80 transaction before release.,recommended
RC00000785,Write risk note,Persist cluster_RING_145 as an elevated-risk signal.,recommended
RC00000786,Manual review,Review USD 3849.90 transaction before release.,recommended
RC00000786,Write risk note,Persist cluster_RING_146 as an elevated-risk signal.,recommended
RC00000787,Manual review,Review USD 3682.00 transaction before release.,recommended
RC00000787,Write risk note,Persist cluster_RING_147 as an elevated-risk signal.,recommended
RC00000788,Manual review,Review USD 3536.00 transaction before release.,recommended
RC00000788,Write risk note,Persist cluster_RING_148 as an elevated-risk signal.,recommended
RC00000789,Manual review,Review USD 4210.80 transaction before release.,recommended
RC00000789,Write risk note,Persist cluster_RING_149 as an elevated-risk signal.,recommended
RC00000790,Manual review,Review USD 3839.00 transaction before release.,recommended
RC00000790,Write risk note,Persist cluster_RING_150 as an elevated-risk signal.,recommended
RC00000791,Manual review,Review USD 3642.50 transaction before release.,recommended
RC00000791,Write risk note,Persist cluster_RING_151 as an elevated-risk signal.,recommended
RC00000792,Manual review,Review USD 930.00 transaction before release.,recommended
RC00000792,Write risk note,Persist cluster_RING_152 as an elevated-risk signal.,recommended
RC00000793,Manual review,Review USD 1136.80 transaction before release.,recommended
RC00000793,Write risk note,Persist cluster_RING_153 as an elevated-risk signal.,recommended
RC00000794,Manual review,Review USD 1266.90 transaction before release.,recommended
RC00000794,Write risk note,Persist cluster_RING_154 as an elevated-risk signal.,recommended
RC00000795,Manual review,Review USD 5572.00 transaction before release.,recommended
RC00000795,Write risk note,Persist cluster_RING_155 as an elevated-risk signal.,recommended
RC00000796,Manual review,Review USD 4940.00 transaction before release.,recommended
RC00000796,Write risk note,Persist cluster_RING_156 as an elevated-risk signal.,recommended
RC00000797,Manual review,Review USD 558.80 transaction before release.,recommended
RC00000797,Write risk note,Persist cluster_RING_157 as an elevated-risk signal.,recommended
RC00000798,Manual review,Review USD 3971.50 transaction before release.,recommended
RC00000798,Write risk note,Persist cluster_RING_158 as an elevated-risk signal.,recommended
RC00000799,Manual review,Review USD 2197.80 transaction before release.,recommended
RC00000799,Write risk note,Persist cluster_RING_159 as an elevated-risk signal.,recommended
RC00000800,Manual review,Review USD 1350.00 transaction before release.,recommended
RC00000800,Write risk note,Persist cluster_RING_160 as an elevated-risk signal.,recommended
RC00000801,Manual review,Review USD 1479.80 transaction before release.,recommended
RC00000801,Write risk note,Persist cluster_RING_161 as an elevated-risk signal.,recommended
RC00000802,Manual review,Review USD 1553.90 transaction before release.,recommended
RC00000802,Write risk note,Persist cluster_RING_162 as an elevated-risk signal.,recommended
RC00000803,Manual review,Review USD 6062.00 transaction before release.,recommended
RC00000803,Write risk note,Persist cluster_RING_163 as an elevated-risk signal.,recommended
RC00000804,Manual review,Review USD 624.00 transaction before release.,recommended
RC00000804,Write risk note,Persist cluster_RING_164 as an elevated-risk signal.,recommended
RC00000805,Manual review,Review USD 1746.80 transaction before release.,recommended
RC00000805,Write risk note,Persist cluster_RING_165 as an elevated-risk signal.,recommended
RC00000806,Manual review,Review USD 1010.50 transaction before release.,recommended
RC00000806,Write risk note,Persist cluster_RING_166 as an elevated-risk signal.,recommended
RC00000807,Manual review,Review USD 3655.80 transaction before release.,recommended
RC00000807,Write risk note,Persist cluster_RING_167 as an elevated-risk signal.,recommended
RC00000808,Manual review,Review USD 2970.00 transaction before release.,recommended
RC00000808,Write risk note,Persist cluster_RING_168 as an elevated-risk signal.,recommended
RC00000809,Manual review,Review USD 2802.80 transaction before release.,recommended
RC00000809,Write risk note,Persist cluster_RING_169 as an elevated-risk signal.,recommended
RC00000810,Manual review,Review USD 2660.90 transaction before release.,recommended
RC00000810,Write risk note,Persist cluster_RING_170 as an elevated-risk signal.,recommended
RC00000811,Manual review,Review USD 2028.00 transaction before release.,recommended
RC00000811,Write risk note,Persist cluster_RING_171 as an elevated-risk signal.,recommended
RC00000812,Manual review,Review USD 2054.80 transaction before release.,recommended
RC00000812,Write risk note,Persist cluster_RING_172 as an elevated-risk signal.,recommended
RC00000813,Hold transaction,Keep USD 24472.00 held pending fraud-ops review.,recommended
RC00000813,Open dispute case,Start customer-confirmation and dispute workflow.,recommended
RC00000813,Write pattern memory,Persist cluster_RING_173 as a future recall signal.,recommended
RC00000814,Manual review,Review USD 4033.80 transaction before release.,recommended
RC00000814,Write risk note,Persist cluster_RING_174 as an elevated-risk signal.,recommended
RC00000815,Hold transaction,Keep USD 8240.00 held pending fraud-ops review.,recommended
RC00000815,Open dispute case,Start customer-confirmation and dispute workflow.,recommended
RC00000815,Write pattern memory,Persist cluster_RING_175 as a future recall signal.,recommended
RC00000816,Manual review,Review USD 3390.00 transaction before release.,recommended
RC00000816,Write risk note,Persist cluster_RING_176 as an elevated-risk signal.,recommended
RC00000817,Manual review,Review USD 3145.80 transaction before release.,recommended
RC00000817,Write risk note,Persist cluster_RING_177 as an elevated-risk signal.,recommended
RC00000818,Manual review,Review USD 2947.90 transaction before release.,recommended
RC00000818,Write risk note,Persist cluster_RING_178 as an elevated-risk signal.,recommended
RC00000819,Manual review,Review USD 2392.00 transaction before release.,recommended
RC00000819,Write risk note,Persist cluster_RING_179 as an elevated-risk signal.,recommended
RC00000820,Manual review,Review USD 3242.80 transaction before release.,recommended
RC00000820,Write risk note,Persist cluster_RING_180 as an elevated-risk signal.,recommended
RC00000821,Manual review,Review USD 631.80 transaction before release.,recommended
RC00000821,Write risk note,Persist cluster_RING_181 as an elevated-risk signal.,recommended
RC00000822,Hold transaction,Keep USD 1940.00 held pending fraud-ops review.,recommended
RC00000822,Open dispute case,Start customer-confirmation and dispute workflow.,recommended
RC00000822,Write pattern memory,Persist cluster_RING_182 as a future recall signal.,recommended
RC00000823,Manual review,Review USD 5010.00 transaction before release.,recommended
RC00000823,Write risk note,Persist cluster_RING_183 as an elevated-risk signal.,recommended
RC00000824,Manual review,Review USD 4468.80 transaction before release.,recommended
RC00000824,Write risk note,Persist cluster_RING_184 as an elevated-risk signal.,recommended
RC00000825,Manual review,Review USD 4054.90 transaction before release.,recommended
RC00000825,Write risk note,Persist cluster_RING_185 as an elevated-risk signal.,recommended
RC00000826,Manual review,Review USD 3796.00 transaction before release.,recommended
RC00000826,Write risk note,Persist cluster_RING_186 as an elevated-risk signal.,recommended
RC00000827,Manual review,Review USD 3550.80 transaction before release.,recommended
RC00000827,Write risk note,Persist cluster_RING_187 as an elevated-risk signal.,recommended
RC00000828,Manual review,Review USD 1009.80 transaction before release.,recommended
RC00000828,Write risk note,Persist cluster_RING_188 as an elevated-risk signal.,recommended
RC00000829,Hold transaction,Keep USD 2640.00 held pending fraud-ops review.,recommended
RC00000829,Open dispute case,Start customer-confirmation and dispute workflow.,recommended
RC00000829,Write pattern memory,Persist cluster_RING_189 as a future recall signal.,recommended
RC00000830,Manual review,Review USD 5430.00 transaction before release.,recommended
RC00000830,Write risk note,Persist cluster_RING_190 as an elevated-risk signal.,recommended
RC00000831,Manual review,Review USD 4811.80 transaction before release.,recommended
RC00000831,Write risk note,Persist cluster_RING_191 as an elevated-risk signal.,recommended
RC00000832,Manual review,Review USD 651.90 transaction before release.,recommended
RC00000832,Write risk note,Persist cluster_RING_192 as an elevated-risk signal.,recommended
RC00000833,Manual review,Review USD 5688.00 transaction before release.,recommended
RC00000833,Write risk note,Persist cluster_RING_193 as an elevated-risk signal.,recommended
RC00000834,Manual review,Review USD 520.00 transaction before release.,recommended
RC00000834,Write risk note,Persist cluster_RING_194 as an elevated-risk signal.,recommended
RC00000835,Manual review,Review USD 778.80 transaction before release.,recommended
RC00000835,Write risk note,Persist cluster_RING_195 as an elevated-risk signal.,recommended
RC00000836,Manual review,Review USD 3258.90 transaction before release.,recommended
RC00000836,Write risk note,Persist cluster_RING_196 as an elevated-risk signal.,recommended
RC00000837,Manual review,Review USD 2467.80 transaction before release.,recommended
RC00000837,Write risk note,Persist cluster_RING_197 as an elevated-risk signal.,recommended
RC00000838,Hold transaction,Keep USD 5340.00 held pending fraud-ops review.,recommended
RC00000838,Open dispute case,Start customer-confirmation and dispute workflow.,recommended
RC00000838,Write pattern memory,Persist cluster_RING_198 as a future recall signal.,recommended
RC00000839,Manual review,Review USD 1650.00 transaction before release.,recommended
RC00000839,Write risk note,Persist cluster_RING_199 as an elevated-risk signal.,recommended
RC00000840,Manual review,Review USD 1724.80 transaction before release.,recommended
RC00000840,Write risk note,Persist cluster_RING_140 as an elevated-risk signal.,recommended
RC00000841,Manual review,Review USD 1758.90 transaction before release.,recommended
RC00000841,Write risk note,Persist cluster_RING_141 as an elevated-risk signal.,recommended
RC00000842,Hold transaction,Keep USD 11720.00 held pending fraud-ops review.,recommended
RC00000842,Open dispute case,Start customer-confirmation and dispute workflow.,recommended
RC00000842,Write pattern memory,Persist cluster_RING_142 as a future recall signal.,recommended
RC00000843,Manual review,Review USD 1086.80 transaction before release.,recommended
RC00000843,Write risk note,Persist cluster_RING_143 as an elevated-risk signal.,recommended
RC00000844,Manual review,Review USD 3615.90 transaction before release.,recommended
RC00000844,Write risk note,Persist cluster_RING_144 as an elevated-risk signal.,recommended
RC00000845,Manual review,Review USD 2845.80 transaction before release.,recommended
RC00000845,Write risk note,Persist cluster_RING_145 as an elevated-risk signal.,recommended
RC00000846,Hold transaction,Keep USD 6040.00 held pending fraud-ops review.,recommended
RC00000846,Open dispute case,Start customer-confirmation and dispute workflow.,recommended
RC00000846,Write pattern memory,Persist cluster_RING_146 as a future recall signal.,recommended
RC00000847,Manual review,Review USD 2070.00 transaction before release.,recommended
RC00000847,Write risk note,Persist cluster_RING_147 as an elevated-risk signal.,recommended
RC00000848,Manual review,Review USD 2067.80 transaction before release.,recommended
RC00000848,Write risk note,Persist cluster_RING_148 as an elevated-risk signal.,recommended
RC00000849,Manual review,Review USD 2045.90 transaction before release.,recommended
RC00000849,Write risk note,Persist cluster_RING_149 as an elevated-risk signal.,recommended
RC00000850,Manual review,Review USD 4992.90 transaction before release.,recommended
RC00000850,Write risk note,Persist cluster_RING_150 as an elevated-risk signal.,recommended
RC00000851,Manual review,Review USD 670.80 transaction before release.,recommended
RC00000851,Write risk note,Persist cluster_RING_151 as an elevated-risk signal.,recommended
RC00000852,Manual review,Review USD 4303.80 transaction before release.,recommended
RC00000852,Write risk note,Persist cluster_RING_152 as an elevated-risk signal.,recommended
RC00000853,Hold transaction,Keep USD 8740.00 held pending fraud-ops review.,recommended
RC00000853,Open dispute case,Start customer-confirmation and dispute workflow.,recommended
RC00000853,Write pattern memory,Persist cluster_RING_153 as a future recall signal.,recommended
RC00000854,Manual review,Review USD 3690.00 transaction before release.,recommended
RC00000854,Write risk note,Persist cluster_RING_154 as an elevated-risk signal.,recommended
RC00000855,Manual review,Review USD 3390.80 transaction before release.,recommended
RC00000855,Write risk note,Persist cluster_RING_155 as an elevated-risk signal.,recommended
RC00000856,Manual review,Review USD 3152.90 transaction before release.,recommended
RC00000856,Write risk note,Persist cluster_RING_156 as an elevated-risk signal.,recommended
RC00000857,Manual review,Review USD 759.90 transaction before release.,recommended
RC00000857,Write risk note,Persist cluster_RING_157 as an elevated-risk signal.,recommended
RC00000858,Manual review,Review USD 971.80 transaction before release.,recommended
RC00000858,Write risk note,Persist cluster_RING_158 as an elevated-risk signal.,recommended
RC00000859,Manual review,Review USD 4681.80 transaction before release.,recommended
RC00000859,Write risk note,Persist cluster_RING_159 as an elevated-risk signal.,recommended
RC00000860,Hold transaction,Keep USD 9440.00 held pending fraud-ops review.,recommended
RC00000860,Open dispute case,Start customer-confirmation and dispute workflow.,recommended
RC00000860,Write pattern memory,Persist cluster_RING_160 as a future recall signal.,recommended
RC00000861,Hold transaction,Keep USD 20416.00 held pending fraud-ops review.,recommended
RC00000861,Open dispute case,Start customer-confirmation and dispute workflow.,recommended
RC00000861,Write pattern memory,Persist cluster_RING_161 as a future recall signal.,recommended
RC00000862,Manual review,Review USD 3733.80 transaction before release.,recommended
RC00000862,Write risk note,Persist cluster_RING_162 as an elevated-risk signal.,recommended
RC00000863,Manual review,Review USD 3439.90 transaction before release.,recommended
RC00000863,Write risk note,Persist cluster_RING_163 as an elevated-risk signal.,recommended
RC00000864,Manual review,Review USD 2934.40 transaction before release.,recommended
RC00000864,Write risk note,Persist cluster_RING_164 as an elevated-risk signal.,recommended
RC00000865,Manual review,Review USD 2136.90 transaction before release.,recommended
RC00000865,Write risk note,Persist cluster_RING_165 as an elevated-risk signal.,recommended
RC00000866,Manual review,Review USD 2132.80 transaction before release.,recommended
RC00000866,Write risk note,Persist cluster_RING_166 as an elevated-risk signal.,recommended
RC00000867,Hold transaction,Keep USD 5157.00 held pending fraud-ops review.,recommended
RC00000867,Open dispute case,Start customer-confirmation and dispute workflow.,recommended
RC00000867,Write pattern memory,Persist cluster_RING_167 as a future recall signal.,recommended
RC00000868,Manual review,Review USD 1279.80 transaction before release.,recommended
RC00000868,Write risk note,Persist cluster_RING_168 as an elevated-risk signal.,recommended
RC00000869,Hold transaction,Keep USD 3140.00 held pending fraud-ops review.,recommended
RC00000869,Open dispute case,Start customer-confirmation and dispute workflow.,recommended
RC00000869,Write pattern memory,Persist cluster_RING_169 as a future recall signal.,recommended
RC00000870,Hold transaction,Keep USD 7152.00 held pending fraud-ops review.,recommended
RC00000870,Open dispute case,Start customer-confirmation and dispute workflow.,recommended
RC00000870,Write pattern memory,Persist cluster_RING_170 as a future recall signal.,recommended
RC00000871,Manual review,Review USD 646.80 transaction before release.,recommended
RC00000871,Write risk note,Persist cluster_RING_171 as an elevated-risk signal.,recommended
RC00000872,Manual review,Review USD 856.90 transaction before release.,recommended
RC00000872,Write risk note,Persist cluster_RING_172 as an elevated-risk signal.,recommended
RC00000873,Manual review,Review USD 3326.40 transaction before release.,recommended
RC00000873,Write risk note,Persist cluster_RING_173 as an elevated-risk signal.,recommended
RC00000874,Manual review,Review USD 2493.90 transaction before release.,recommended
RC00000874,Write risk note,Persist cluster_RING_174 as an elevated-risk signal.,recommended
RC00000875,Manual review,Review USD 2433.80 transaction before release.,recommended
RC00000875,Write risk note,Persist cluster_RING_175 as an elevated-risk signal.,recommended
RC00000876,Hold transaction,Keep USD 5787.00 held pending fraud-ops review.,recommended
RC00000876,Open dispute case,Start customer-confirmation and dispute workflow.,recommended
RC00000876,Write pattern memory,Persist cluster_RING_176 as a future recall signal.,recommended
RC00000877,Manual review,Review USD 1657.80 transaction before release.,recommended
RC00000877,Write risk note,Persist cluster_RING_177 as an elevated-risk signal.,recommended
RC00000878,Hold transaction,Keep USD 3840.00 held pending fraud-ops review.,recommended
RC00000878,Open dispute case,Start customer-confirmation and dispute workflow.,recommended
RC00000878,Write pattern memory,Persist cluster_RING_178 as a future recall signal.,recommended
RC00000879,Manual review,Review USD 1143.90 transaction before release.,recommended
RC00000879,Write risk note,Persist cluster_RING_179 as an elevated-risk signal.,recommended
RC00000880,Manual review,Review USD 4838.40 transaction before release.,recommended
RC00000880,Write risk note,Persist cluster_RING_180 as an elevated-risk signal.,recommended
RC00000881,Manual review,Review USD 4516.80 transaction before release.,recommended
RC00000881,Write risk note,Persist cluster_RING_181 as an elevated-risk signal.,recommended
RC00000882,Manual review,Review USD 3870.90 transaction before release.,recommended
RC00000882,Write risk note,Persist cluster_RING_182 as an elevated-risk signal.,recommended
RC00000883,Manual review,Review USD 3594.80 transaction before release.,recommended
RC00000883,Write risk note,Persist cluster_RING_183 as an elevated-risk signal.,recommended
RC00000884,Hold transaction,Keep USD 8217.00 held pending fraud-ops review.,recommended
RC00000884,Open dispute case,Start customer-confirmation and dispute workflow.,recommended
RC00000884,Write pattern memory,Persist cluster_RING_184 as a future recall signal.,recommended
RC00000885,Manual review,Review USD 3115.80 transaction before release.,recommended
RC00000885,Write risk note,Persist cluster_RING_185 as an elevated-risk signal.,recommended
RC00000886,Hold transaction,Keep USD 6540.00 held pending fraud-ops review.,recommended
RC00000886,Open dispute case,Start customer-confirmation and dispute workflow.,recommended
RC00000886,Write pattern memory,Persist cluster_RING_186 as a future recall signal.,recommended
RC00000887,Manual review,Review USD 2250.90 transaction before release.,recommended
RC00000887,Write risk note,Persist cluster_RING_187 as an elevated-risk signal.,recommended
RC00000888,Manual review,Review USD 5230.40 transaction before release.,recommended
RC00000888,Write risk note,Persist cluster_RING_188 as an elevated-risk signal.,recommended
RC00000889,Manual review,Review USD 532.80 transaction before release.,recommended
RC00000889,Write risk note,Persist cluster_RING_189 as an elevated-risk signal.,recommended
RC00000890,Hold transaction,Keep USD 16640.00 held pending fraud-ops review.,recommended
RC00000890,Open dispute case,Start customer-confirmation and dispute workflow.,recommended
RC00000890,Write pattern memory,Persist cluster_RING_190 as a future recall signal.,recommended
RC00000891,Manual review,Review USD 4227.90 transaction before release.,recommended
RC00000891,Write risk note,Persist cluster_RING_191 as an elevated-risk signal.,recommended
RC00000892,Manual review,Review USD 3895.80 transaction before release.,recommended
RC00000892,Write risk note,Persist cluster_RING_192 as an elevated-risk signal.,recommended
RC00000893,Hold transaction,Keep USD 8847.00 held pending fraud-ops review.,recommended
RC00000893,Open dispute case,Start customer-confirmation and dispute workflow.,recommended
RC00000893,Write pattern memory,Persist cluster_RING_193 as a future recall signal.,recommended
RC00000894,Manual review,Review USD 3493.80 transaction before release.,recommended
RC00000894,Write risk note,Persist cluster_RING_194 as an elevated-risk signal.,recommended
RC00000895,Hold transaction,Keep USD 7240.00 held pending fraud-ops review.,recommended
RC00000895,Open dispute case,Start customer-confirmation and dispute workflow.,recommended
RC00000895,Write pattern memory,Persist cluster_RING_195 as a future recall signal.,recommended
RC00000896,Manual review,Review USD 1702.40 transaction before release.,recommended
RC00000896,Write risk note,Persist cluster_RING_196 as an elevated-risk signal.,recommended
RC00000897,Manual review,Review USD 1828.80 transaction before release.,recommended
RC00000897,Write risk note,Persist cluster_RING_197 as an elevated-risk signal.,recommended
RC00000898,Hold transaction,Keep USD 25480.00 held pending fraud-ops review.,recommended
RC00000898,Open dispute case,Start customer-confirmation and dispute workflow.,recommended
RC00000898,Write pattern memory,Persist cluster_RING_198 as a future recall signal.,recommended
RC00000899,Manual review,Review USD 1014.90 transaction before release.,recommended
RC00000899,Write risk note,Persist cluster_RING_199 as an elevated-risk signal.,recommended
RC00000900,Manual review,Review USD 1186.80 transaction before release.,recommended
RC00000900,Write risk note,Persist cluster_RING_140 as an elevated-risk signal.,recommended
RC00000901,Hold transaction,Keep USD 3177.00 held pending fraud-ops review.,recommended
RC00000901,Open dispute case,Start customer-confirmation and dispute workflow.,recommended
RC00000901,Write pattern memory,Persist cluster_RING_141 as a future recall signal.,recommended
RC00000902,Hold transaction,Keep USD 9940.00 held pending fraud-ops review.,recommended
RC00000902,Open dispute case,Start customer-confirmation and dispute workflow.,recommended
RC00000902,Write pattern memory,Persist cluster_RING_142 as a future recall signal.,recommended
RC00000903,Manual review,Review USD 2946.80 transaction before release.,recommended
RC00000903,Write risk note,Persist cluster_RING_143 as an elevated-risk signal.,recommended
RC00000904,Manual review,Review USD 2094.40 transaction before release.,recommended
RC00000904,Write risk note,Persist cluster_RING_144 as an elevated-risk signal.,recommended
RC00000905,Manual review,Review USD 2164.80 transaction before release.,recommended
RC00000905,Write risk note,Persist cluster_RING_145 as an elevated-risk signal.,recommended
RC00000906,Manual review,Review USD 1371.90 transaction before release.,recommended
RC00000906,Write risk note,Persist cluster_RING_146 as an elevated-risk signal.,recommended
RC00000907,Manual review,Review USD 1487.80 transaction before release.,recommended
RC00000907,Write risk note,Persist cluster_RING_147 as an elevated-risk signal.,recommended
RC00000908,Hold transaction,Keep USD 3807.00 held pending fraud-ops review.,recommended
RC00000908,Open dispute case,Start customer-confirmation and dispute workflow.,recommended
RC00000908,Write pattern memory,Persist cluster_RING_148 as a future recall signal.,recommended
RC00000909,Hold transaction,Keep USD 1640.00 held pending fraud-ops review.,recommended
RC00000909,Open dispute case,Start customer-confirmation and dispute workflow.,recommended
RC00000909,Write pattern memory,Persist cluster_RING_149 as a future recall signal.,recommended
RC00000910,Manual review,Review USD 3317.80 transaction before release.,recommended
RC00000910,Write risk note,Persist cluster_RING_150 as an elevated-risk signal.,recommended
RC00000911,Manual review,Review USD 3606.40 transaction before release.,recommended
RC00000911,Write risk note,Persist cluster_RING_151 as an elevated-risk signal.,recommended
RC00000912,Manual review,Review USD 3460.80 transaction before release.,recommended
RC00000912,Write risk note,Persist cluster_RING_152 as an elevated-risk signal.,recommended
RC00000913,Manual review,Review USD 2748.90 transaction before release.,recommended
RC00000913,Write risk note,Persist cluster_RING_153 as an elevated-risk signal.,recommended
RC00000914,Manual review,Review USD 2648.80 transaction before release.,recommended
RC00000914,Write risk note,Persist cluster_RING_154 as an elevated-risk signal.,recommended
RC00000915,Hold transaction,Keep USD 6237.00 held pending fraud-ops review.,recommended
RC00000915,Open dispute case,Start customer-confirmation and dispute workflow.,recommended
RC00000915,Write pattern memory,Persist cluster_RING_155 as a future recall signal.,recommended
RC00000916,Manual review,Review USD 4748.80 transaction before release.,recommended
RC00000916,Write risk note,Persist cluster_RING_156 as an elevated-risk signal.,recommended
RC00000917,Manual review,Review USD 4378.50 transaction before release.,recommended
RC00000917,Write risk note,Persist cluster_RING_157 as an elevated-risk signal.,recommended
RC00000918,Manual review,Review USD 6336.00 transaction before release.,recommended
RC00000918,Write risk note,Persist cluster_RING_158 as an elevated-risk signal.,recommended
RC00000919,Manual review,Review USD 3998.40 transaction before release.,recommended
RC00000919,Write risk note,Persist cluster_RING_159 as an elevated-risk signal.,recommended
RC00000920,Manual review,Review USD 3796.80 transaction before release.,recommended
RC00000920,Write risk note,Persist cluster_RING_160 as an elevated-risk signal.,recommended
RC00000921,Hold transaction,Keep USD 976.00 held pending fraud-ops review.,recommended
RC00000921,Open dispute case,Start customer-confirmation and dispute workflow.,recommended
RC00000921,Write pattern memory,Persist cluster_RING_161 as a future recall signal.,recommended
RC00000922,Manual review,Review USD 3105.90 transaction before release.,recommended
RC00000922,Write risk note,Persist cluster_RING_162 as an elevated-risk signal.,recommended
RC00000923,Manual review,Review USD 2949.80 transaction before release.,recommended
RC00000923,Write risk note,Persist cluster_RING_163 as an elevated-risk signal.,recommended
RC00000924,Hold transaction,Keep USD 6867.00 held pending fraud-ops review.,recommended
RC00000924,Open dispute case,Start customer-confirmation and dispute workflow.,recommended
RC00000924,Write pattern memory,Persist cluster_RING_164 as a future recall signal.,recommended
RC00000925,Manual review,Review USD 5119.80 transaction before release.,recommended
RC00000925,Write risk note,Persist cluster_RING_165 as an elevated-risk signal.,recommended
RC00000926,Manual review,Review USD 643.50 transaction before release.,recommended
RC00000926,Write risk note,Persist cluster_RING_166 as an elevated-risk signal.,recommended
RC00000927,Hold transaction,Keep USD 12440.00 held pending fraud-ops review.,recommended
RC00000927,Open dispute case,Start customer-confirmation and dispute workflow.,recommended
RC00000927,Write pattern memory,Persist cluster_RING_167 as a future recall signal.,recommended
RC00000928,Manual review,Review USD 5510.40 transaction before release.,recommended
RC00000928,Write risk note,Persist cluster_RING_168 as an elevated-risk signal.,recommended
RC00000929,Manual review,Review USD 772.80 transaction before release.,recommended
RC00000929,Write risk note,Persist cluster_RING_169 as an elevated-risk signal.,recommended
RC00000930,Hold transaction,Keep USD 3136.00 held pending fraud-ops review.,recommended
RC00000930,Open dispute case,Start customer-confirmation and dispute workflow.,recommended
RC00000930,Write pattern memory,Persist cluster_RING_170 as a future recall signal.,recommended
RC00000931,Manual review,Review USD 4482.90 transaction before release.,recommended
RC00000931,Write risk note,Persist cluster_RING_171 as an elevated-risk signal.,recommended
RC00000932,Manual review,Review USD 4110.80 transaction before release.,recommended
RC00000932,Write risk note,Persist cluster_RING_172 as an elevated-risk signal.,recommended
RC00000933,Hold transaction,Keep USD 1197.00 held pending fraud-ops review.,recommended
RC00000933,Open dispute case,Start customer-confirmation and dispute workflow.,recommended
RC00000933,Write pattern memory,Persist cluster_RING_173 as a future recall signal.,recommended
RC00000934,Manual review,Review USD 1780.80 transaction before release.,recommended
RC00000934,Write risk note,Persist cluster_RING_174 as an elevated-risk signal.,recommended
RC00000935,Manual review,Review USD 1858.50 transaction before release.,recommended
RC00000935,Write risk note,Persist cluster_RING_175 as an elevated-risk signal.,recommended
RC00000936,Manual review,Review USD 862.40 transaction before release.,recommended
RC00000936,Write risk note,Persist cluster_RING_176 as an elevated-risk signal.,recommended
RC00000937,Manual review,Review USD 1108.80 transaction before release.,recommended
RC00000937,Write risk note,Persist cluster_RING_177 as an elevated-risk signal.,recommended
RC00000938,Hold transaction,Keep USD 3696.00 held pending fraud-ops review.,recommended
RC00000938,Open dispute case,Start customer-confirmation and dispute workflow.,recommended
RC00000938,Write pattern memory,Persist cluster_RING_178 as a future recall signal.,recommended
RC00000939,Manual review,Review USD 4839.90 transaction before release.,recommended
RC00000939,Write risk note,Persist cluster_RING_179 as an elevated-risk signal.,recommended
RC00000940,Manual review,Review USD 541.80 transaction before release.,recommended
RC00000940,Write risk note,Persist cluster_RING_180 as an elevated-risk signal.,recommended
RC00000941,Hold transaction,Keep USD 1827.00 held pending fraud-ops review.,recommended
RC00000941,Open dispute case,Start customer-confirmation and dispute workflow.,recommended
RC00000941,Write pattern memory,Persist cluster_RING_181 as a future recall signal.,recommended
RC00000942,Manual review,Review USD 2151.80 transaction before release.,recommended
RC00000942,Write risk note,Persist cluster_RING_182 as an elevated-risk signal.,recommended
RC00000943,Manual review,Review USD 2173.50 transaction before release.,recommended
RC00000943,Write risk note,Persist cluster_RING_183 as an elevated-risk signal.,recommended
RC00000944,Manual review,Review USD 2374.40 transaction before release.,recommended
RC00000944,Write risk note,Persist cluster_RING_184 as an elevated-risk signal.,recommended
RC00000945,Manual review,Review USD 2404.80 transaction before release.,recommended
RC00000945,Write risk note,Persist cluster_RING_185 as an elevated-risk signal.,recommended
RC00000946,Hold transaction,Keep USD 5856.00 held pending fraud-ops review.,recommended
RC00000946,Open dispute case,Start customer-confirmation and dispute workflow.,recommended
RC00000946,Write pattern memory,Persist cluster_RING_186 as a future recall signal.,recommended
RC00000947,Manual review,Review USD 1702.80 transaction before release.,recommended
RC00000947,Write risk note,Persist cluster_RING_187 as an elevated-risk signal.,recommended
RC00000948,Hold transaction,Keep USD 4257.00 held pending fraud-ops review.,recommended
RC00000948,Open dispute case,Start customer-confirmation and dispute workflow.,recommended
RC00000948,Write pattern memory,Persist cluster_RING_188 as a future recall signal.,recommended
RC00000949,Manual review,Review USD 4290.00 transaction before release.,recommended
RC00000949,Write risk note,Persist cluster_RING_189 as an elevated-risk signal.,recommended
RC00000950,Hold transaction,Keep USD 21208.00 held pending fraud-ops review.,recommended
RC00000950,Open dispute case,Start customer-confirmation and dispute workflow.,recommended
RC00000950,Write pattern memory,Persist cluster_RING_190 as a future recall signal.,recommended
RC00000951,Manual review,Review USD 3582.80 transaction before release.,recommended
RC00000951,Write risk note,Persist cluster_RING_191 as an elevated-risk signal.,recommended
RC00000952,Manual review,Review USD 3388.50 transaction before release.,recommended
RC00000952,Write risk note,Persist cluster_RING_192 as an elevated-risk signal.,recommended
RC00000953,Manual review,Review USD 2766.40 transaction before release.,recommended
RC00000953,Write risk note,Persist cluster_RING_193 as an elevated-risk signal.,recommended
RC00000954,Manual review,Review USD 2740.80 transaction before release.,recommended
RC00000954,Write risk note,Persist cluster_RING_194 as an elevated-risk signal.,recommended
RC00000955,Hold transaction,Keep USD 6416.00 held pending fraud-ops review.,recommended
RC00000955,Open dispute case,Start customer-confirmation and dispute workflow.,recommended
RC00000955,Write pattern memory,Persist cluster_RING_195 as a future recall signal.,recommended
RC00000956,Manual review,Review USD 2003.80 transaction before release.,recommended
RC00000956,Write risk note,Persist cluster_RING_196 as an elevated-risk signal.,recommended
RC00000957,Hold transaction,Keep USD 4887.00 held pending fraud-ops review.,recommended
RC00000957,Open dispute case,Start customer-confirmation and dispute workflow.,recommended
RC00000957,Write pattern memory,Persist cluster_RING_197 as a future recall signal.,recommended
RC00000958,Manual review,Review USD 4640.00 transaction before release.,recommended
RC00000958,Write risk note,Persist cluster_RING_198 as an elevated-risk signal.,recommended
RC00000959,Manual review,Review USD 441.00 transaction before release.,recommended
RC00000959,Write risk note,Persist cluster_RING_199 as an elevated-risk signal.,recommended
RC00000960,Manual review,Review USD 3953.80 transaction before release.,recommended
RC00000960,Write risk note,Persist cluster_RING_140 as an elevated-risk signal.,recommended
RC00000961,Manual review,Review USD 3703.50 transaction before release.,recommended
RC00000961,Write risk note,Persist cluster_RING_141 as an elevated-risk signal.,recommended
RC00000962,Manual review,Review USD 4278.40 transaction before release.,recommended
RC00000962,Write risk note,Persist cluster_RING_142 as an elevated-risk signal.,recommended
RC00000963,Manual review,Review USD 4036.80 transaction before release.,recommended
RC00000963,Write risk note,Persist cluster_RING_143 as an elevated-risk signal.,recommended
RC00000964,Hold transaction,Keep USD 1376.00 held pending fraud-ops review.,recommended
RC00000964,Open dispute case,Start customer-confirmation and dispute workflow.,recommended
RC00000964,Write pattern memory,Persist cluster_RING_144 as a future recall signal.,recommended
RC00000965,Hold transaction,Keep USD 7317.00 held pending fraud-ops review.,recommended
RC00000965,Open dispute case,Start customer-confirmation and dispute workflow.,recommended
RC00000965,Write pattern memory,Persist cluster_RING_145 as a future recall signal.,recommended
RC00000966,Manual review,Review USD 1490.00 transaction before release.,recommended
RC00000966,Write risk note,Persist cluster_RING_146 as an elevated-risk signal.,recommended
RC00000967,Manual review,Review USD 1575.00 transaction before release.,recommended
RC00000967,Write risk note,Persist cluster_RING_147 as an elevated-risk signal.,recommended
RC00000968,Manual review,Review USD 614.80 transaction before release.,recommended
RC00000968,Write risk note,Persist cluster_RING_148 as an elevated-risk signal.,recommended
RC00000969,Manual review,Review USD 868.50 transaction before release.,recommended
RC00000969,Write risk note,Persist cluster_RING_149 as an elevated-risk signal.,recommended
RC00000970,Manual review,Review USD 4372.80 transaction before release.,recommended
RC00000970,Write risk note,Persist cluster_RING_150 as an elevated-risk signal.,recommended
RC00000971,Hold transaction,Keep USD 1936.00 held pending fraud-ops review.,recommended
RC00000971,Open dispute case,Start customer-confirmation and dispute workflow.,recommended
RC00000971,Write pattern memory,Persist cluster_RING_151 as a future recall signal.,recommended
RC00000972,Manual review,Review USD 2601.50 transaction before release.,recommended
RC00000972,Write risk note,Persist cluster_RING_152 as an elevated-risk signal.,recommended
RC00000973,Hold transaction,Keep USD 7947.00 held pending fraud-ops review.,recommended
RC00000973,Open dispute case,Start customer-confirmation and dispute workflow.,recommended
RC00000973,Write pattern memory,Persist cluster_RING_153 as a future recall signal.,recommended
RC00000974,Manual review,Review USD 1840.00 transaction before release.,recommended
RC00000974,Write risk note,Persist cluster_RING_154 as an elevated-risk signal.,recommended
RC00000975,Manual review,Review USD 1869.00 transaction before release.,recommended
RC00000975,Write risk note,Persist cluster_RING_155 as an elevated-risk signal.,recommended
RC00000976,Manual review,Review USD 985.80 transaction before release.,recommended
RC00000976,Write risk note,Persist cluster_RING_156 as an elevated-risk signal.,recommended
RC00000977,Manual review,Review USD 1183.50 transaction before release.,recommended
RC00000977,Write risk note,Persist cluster_RING_157 as an elevated-risk signal.,recommended
RC00000978,Manual review,Review USD 1348.80 transaction before release.,recommended
RC00000978,Write risk note,Persist cluster_RING_158 as an elevated-risk signal.,recommended
RC00000979,Hold transaction,Keep USD 4096.00 held pending fraud-ops review.,recommended
RC00000979,Open dispute case,Start customer-confirmation and dispute workflow.,recommended
RC00000979,Write pattern memory,Persist cluster_RING_159 as a future recall signal.,recommended
RC00000980,Manual review,Review USD 4086.50 transaction before release.,recommended
RC00000980,Write risk note,Persist cluster_RING_160 as an elevated-risk signal.,recommended
RC00000981,Manual review,Review USD 3190.00 transaction before release.,recommended
RC00000981,Write risk note,Persist cluster_RING_161 as an elevated-risk signal.,recommended
RC00000982,Manual review,Review USD 3003.00 transaction before release.,recommended
RC00000982,Write risk note,Persist cluster_RING_162 as an elevated-risk signal.,recommended
RC00000983,Manual review,Review USD 2416.80 transaction before release.,recommended
RC00000983,Write risk note,Persist cluster_RING_163 as an elevated-risk signal.,recommended
RC00000984,Manual review,Review USD 2398.50 transaction before release.,recommended
RC00000984,Write risk note,Persist cluster_RING_164 as an elevated-risk signal.,recommended
RC00000985,Manual review,Review USD 5887.00 transaction before release.,recommended
RC00000985,Write risk note,Persist cluster_RING_165 as an elevated-risk signal.,recommended
RC00000986,Hold transaction,Keep USD 4656.00 held pending fraud-ops review.,recommended
RC00000986,Open dispute case,Start customer-confirmation and dispute workflow.,recommended
RC00000986,Write pattern memory,Persist cluster_RING_166 as a future recall signal.,recommended
RC00000987,Manual review,Review USD 4471.50 transaction before release.,recommended
RC00000987,Write risk note,Persist cluster_RING_167 as an elevated-risk signal.,recommended
RC00000988,Manual review,Review USD 4183.00 transaction before release.,recommended
RC00000988,Write risk note,Persist cluster_RING_168 as an elevated-risk signal.,recommended
RC00000989,Manual review,Review USD 3540.00 transaction before release.,recommended
RC00000989,Write risk note,Persist cluster_RING_169 as an elevated-risk signal.,recommended
RC00000990,Manual review,Review USD 3297.00 transaction before release.,recommended
RC00000990,Write risk note,Persist cluster_RING_170 as an elevated-risk signal.,recommended
RC00000991,Manual review,Review USD 2787.80 transaction before release.,recommended
RC00000991,Write risk note,Persist cluster_RING_171 as an elevated-risk signal.,recommended
RC00000992,Manual review,Review USD 2713.50 transaction before release.,recommended
RC00000992,Write risk note,Persist cluster_RING_172 as an elevated-risk signal.,recommended
RC00000993,Manual review,Review USD 1477.00 transaction before release.,recommended
RC00000993,Write risk note,Persist cluster_RING_173 as an elevated-risk signal.,recommended
RC00000994,Hold transaction,Keep USD 6816.00 held pending fraud-ops review.,recommended
RC00000994,Open dispute case,Start customer-confirmation and dispute workflow.,recommended
RC00000994,Write pattern memory,Persist cluster_RING_174 as a future recall signal.,recommended
RC00000995,Manual review,Review USD 1006.50 transaction before release.,recommended
RC00000995,Write risk note,Persist cluster_RING_175 as an elevated-risk signal.,recommended
RC00000996,Manual review,Review USD 1222.00 transaction before release.,recommended
RC00000996,Write risk note,Persist cluster_RING_176 as an elevated-risk signal.,recommended
RC00000997,Manual review,Review USD 4890.00 transaction before release.,recommended
RC00000997,Write risk note,Persist cluster_RING_177 as an elevated-risk signal.,recommended
RC00000998,Manual review,Review USD 651.00 transaction before release.,recommended
RC00000998,Write risk note,Persist cluster_RING_178 as an elevated-risk signal.,recommended
RC00000999,Manual review,Review USD 4218.80 transaction before release.,recommended
RC00000999,Write risk note,Persist cluster_RING_179 as an elevated-risk signal.,recommended
RC00001000,Manual review,Review USD 3928.50 transaction before release.,recommended
RC00001000,Write risk note,Persist cluster_RING_180 as an elevated-risk signal.,recommended
RC00001001,Manual review,Review USD 1967.00 transaction before release.,recommended
RC00001001,Write risk note,Persist cluster_RING_181 as an elevated-risk signal.,recommended
RC00001002,Hold transaction,Keep USD 7376.00 held pending fraud-ops review.,recommended
RC00001002,Open dispute case,Start customer-confirmation and dispute workflow.,recommended
RC00001002,Write pattern memory,Persist cluster_RING_182 as a future recall signal.,recommended
RC00001003,Manual review,Review USD 1391.50 transaction before release.,recommended
RC00001003,Write risk note,Persist cluster_RING_183 as an elevated-risk signal.,recommended
RC00001004,Manual review,Review USD 1551.00 transaction before release.,recommended
RC00001004,Write risk note,Persist cluster_RING_184 as an elevated-risk signal.,recommended
RC00001005,Manual review,Review USD 740.00 transaction before release.,recommended
RC00001005,Write risk note,Persist cluster_RING_185 as an elevated-risk signal.,recommended
RC00001006,Manual review,Review USD 945.00 transaction before release.,recommended
RC00001006,Write risk note,Persist cluster_RING_186 as an elevated-risk signal.,recommended
RC00001007,Manual review,Review USD 4589.80 transaction before release.,recommended
RC00001007,Write risk note,Persist cluster_RING_187 as an elevated-risk signal.,recommended
RC00001008,Manual review,Review USD 4243.50 transaction before release.,recommended
RC00001008,Write risk note,Persist cluster_RING_188 as an elevated-risk signal.,recommended
RC00001009,Manual review,Review USD 3857.00 transaction before release.,recommended
RC00001009,Write risk note,Persist cluster_RING_189 as an elevated-risk signal.,recommended
RC00001010,Manual review,Review USD 3666.00 transaction before release.,recommended
RC00001010,Write risk note,Persist cluster_RING_190 as an elevated-risk signal.,recommended
RC00001011,Hold transaction,Keep USD 2336.00 held pending fraud-ops review.,recommended
RC00001011,Open dispute case,Start customer-confirmation and dispute workflow.,recommended
RC00001011,Write pattern memory,Persist cluster_RING_191 as a future recall signal.,recommended
RC00001012,Manual review,Review USD 2876.50 transaction before release.,recommended
RC00001012,Write risk note,Persist cluster_RING_192 as an elevated-risk signal.,recommended
RC00001013,Manual review,Review USD 2820.00 transaction before release.,recommended
RC00001013,Write risk note,Persist cluster_RING_193 as an elevated-risk signal.,recommended
RC00001014,Manual review,Review USD 2090.00 transaction before release.,recommended
RC00001014,Write risk note,Persist cluster_RING_194 as an elevated-risk signal.,recommended
RC00001015,Manual review,Review USD 2079.00 transaction before release.,recommended
RC00001015,Write risk note,Persist cluster_RING_195 as an elevated-risk signal.,recommended
RC00001016,Manual review,Review USD 1408.50 transaction before release.,recommended
RC00001016,Write risk note,Persist cluster_RING_196 as an elevated-risk signal.,recommended
RC00001017,Hold transaction,Keep USD 20976.00 held pending fraud-ops review.,recommended
RC00001017,Open dispute case,Start customer-confirmation and dispute workflow.,recommended
RC00001017,Write pattern memory,Persist cluster_RING_197 as a future recall signal.,recommended
RC00001018,Manual review,Review USD 4347.00 transaction before release.,recommended
RC00001018,Write risk note,Persist cluster_RING_198 as an elevated-risk signal.,recommended
RC00001019,Manual review,Review USD 4030.00 transaction before release.,recommended
RC00001019,Write risk note,Persist cluster_RING_199 as an elevated-risk signal.,recommended
RC00001020,Hold transaction,Keep USD 2896.00 held pending fraud-ops review.,recommended
RC00001020,Open dispute case,Start customer-confirmation and dispute workflow.,recommended
RC00001020,Write pattern memory,Persist cluster_RING_140 as a future recall signal.,recommended
RC00001021,Manual review,Review USD 3261.50 transaction before release.,recommended
RC00001021,Write risk note,Persist cluster_RING_141 as an elevated-risk signal.,recommended
RC00001022,Manual review,Review USD 3149.00 transaction before release.,recommended
RC00001022,Write risk note,Persist cluster_RING_142 as an elevated-risk signal.,recommended
RC00001023,Manual review,Review USD 2440.00 transaction before release.,recommended
RC00001023,Write risk note,Persist cluster_RING_143 as an elevated-risk signal.,recommended
RC00001024,Manual review,Review USD 2373.00 transaction before release.,recommended
RC00001024,Write risk note,Persist cluster_RING_144 as an elevated-risk signal.,recommended
RC00001025,Manual review,Review USD 1723.50 transaction before release.,recommended
RC00001025,Write risk note,Persist cluster_RING_145 as an elevated-risk signal.,recommended
RC00001026,Manual review,Review USD 6237.00 transaction before release.,recommended
RC00001026,Write risk note,Persist cluster_RING_146 as an elevated-risk signal.,recommended
RC00001027,Manual review,Review USD 754.00 transaction before release.,recommended
RC00001027,Write risk note,Persist cluster_RING_147 as an elevated-risk signal.,recommended
RC00001028,Manual review,Review USD 976.80 transaction before release.,recommended
RC00001028,Write risk note,Persist cluster_RING_148 as an elevated-risk signal.,recommended
RC00001029,Hold transaction,Keep USD 5056.00 held pending fraud-ops review.,recommended
RC00001029,Open dispute case,Start customer-confirmation and dispute workflow.,recommended
RC00001029,Write pattern memory,Persist cluster_RING_149 as a future recall signal.,recommended
RC00001030,Manual review,Review USD 4746.50 transaction before release.,recommended
RC00001030,Write risk note,Persist cluster_RING_150 as an elevated-risk signal.,recommended
RC00001031,Manual review,Review USD 4418.00 transaction before release.,recommended
RC00001031,Write risk note,Persist cluster_RING_151 as an elevated-risk signal.,recommended
RC00001032,Manual review,Review USD 3790.00 transaction before release.,recommended
RC00001032,Write risk note,Persist cluster_RING_152 as an elevated-risk signal.,recommended
RC00001033,Manual review,Review USD 3507.00 transaction before release.,recommended
RC00001033,Write risk note,Persist cluster_RING_153 as an elevated-risk signal.,recommended
RC00001034,Manual review,Review USD 6727.00 transaction before release.,recommended
RC00001034,Write risk note,Persist cluster_RING_154 as an elevated-risk signal.,recommended
RC00001035,Manual review,Review USD 1118.00 transaction before release.,recommended
RC00001035,Write risk note,Persist cluster_RING_155 as an elevated-risk signal.,recommended
RC00001036,Manual review,Review USD 1284.80 transaction before release.,recommended
RC00001036,Write risk note,Persist cluster_RING_156 as an elevated-risk signal.,recommended
RC00001037,Manual review,Review USD 5131.50 transaction before release.,recommended
RC00001037,Write risk note,Persist cluster_RING_157 as an elevated-risk signal.,recommended
RC00001038,Manual review,Review USD 517.00 transaction before release.,recommended
RC00001038,Write risk note,Persist cluster_RING_158 as an elevated-risk signal.,recommended
RC00001039,Manual review,Review USD 4140.00 transaction before release.,recommended
RC00001039,Write risk note,Persist cluster_RING_159 as an elevated-risk signal.,recommended
RC00001040,Manual review,Review USD 3801.00 transaction before release.,recommended
RC00001040,Write risk note,Persist cluster_RING_160 as an elevated-risk signal.,recommended
RC00001041,Hold transaction,Keep USD 8216.00 held pending fraud-ops review.,recommended
RC00001041,Open dispute case,Start customer-confirmation and dispute workflow.,recommended
RC00001041,Write pattern memory,Persist cluster_RING_161 as a future recall signal.,recommended
RC00001042,Manual review,Review USD 2340.00 transaction before release.,recommended
RC00001042,Write risk note,Persist cluster_RING_162 as an elevated-risk signal.,recommended
