id,subject_type,subject_id,event_type,content,confidence,created_step
ME00000001,merchant,M00000001,risk_signal,Entity is connected to an elevated-risk payment flow.,0.7300,1
ME00000002,customer,C000001091,risk_signal,Entity is connected to an elevated-risk payment flow.,0.7300,38
ME00000003,merchant,M00001407,risk_signal,Entity is connected to an elevated-risk payment flow.,0.7300,75
ME00000004,merchant,M00004922,risk_signal,Entity is connected to an elevated-risk payment flow.,0.7300,260
ME00000005,customer,C000013184,risk_signal,Entity is connected to an elevated-risk payment flow.,0.7300,455
ME00000006,merchant,M00004330,risk_signal,Entity is connected to an elevated-risk payment flow.,0.7300,492
ME00000007,customer,C000017766,risk_signal,Entity is connected to an elevated-risk payment flow.,0.7300,613
ME00000008,merchant,M00002332,prior_fraud_pattern,Entity appears in a PaySim-style fraudulent transfer/cash-out chain.,0.9100,650
ME00000009,customer,C000019332,prior_fraud_pattern,Entity appears in a PaySim-style fraudulent transfer/cash-out chain.,0.9100,667
ME00000010,merchant,M00000334,risk_signal,Entity is connected to an elevated-risk payment flow.,0.7300,64
ME00000011,merchant,M00001037,risk_signal,Entity is connected to an elevated-risk payment flow.,0.7300,101
ME00000012,merchant,M00004552,risk_signal,Entity is connected to an elevated-risk payment flow.,0.7300,286
ME00000013,customer,C000015514,risk_signal,Entity is connected to an elevated-risk payment flow.,0.7300,481
ME00000014,merchant,M00003960,risk_signal,Entity is connected to an elevated-risk payment flow.,0.7300,518
ME00000015,customer,C000017660,prior_fraud_pattern,Entity appears in a PaySim-style fraudulent transfer/cash-out chain.,0.9100,555
ME00000016,customer,C000000096,risk_signal,Entity is connected to an elevated-risk payment flow.,0.7300,639
ME00000017,merchant,M00001962,prior_fraud_pattern,Entity appears in a PaySim-style fraudulent transfer/cash-out chain.,0.9100,676
ME00000018,merchant,M00000667,risk_signal,Entity is connected to an elevated-risk payment flow.,0.7300,127
ME00000019,customer,C000012189,risk_signal,Entity is connected to an elevated-risk payment flow.,0.7300,312
ME00000020,merchant,M00004885,risk_signal,Entity is connected to an elevated-risk payment flow.,0.7300,349
ME00000021,customer,C000017844,risk_signal,Entity is connected to an elevated-risk payment flow.,0.7300,507
ME00000022,merchant,M00003590,risk_signal,Entity is connected to an elevated-risk payment flow.,0.7300,544
ME00000023,customer,C000019990,prior_fraud_pattern,Entity appears in a PaySim-style fraudulent transfer/cash-out chain.,0.9100,581
ME00000024,customer,C000002426,risk_signal,Entity is connected to an elevated-risk payment flow.,0.7300,665
ME00000025,merchant,M00001592,prior_fraud_pattern,Entity appears in a PaySim-style fraudulent transfer/cash-out chain.,0.9100,702
ME00000026,customer,C000009154,risk_signal,Entity is connected to an elevated-risk payment flow.,0.7300,153
ME00000027,customer,C000014519,risk_signal,Entity is connected to an elevated-risk payment flow.,0.7300,338
ME00000028,merchant,M00004515,risk_signal,Entity is connected to an elevated-risk payment flow.,0.7300,375
ME00000029,merchant,M00002517,risk_signal,Entity is connected to an elevated-risk payment flow.,0.7300,533
ME00000030,customer,C000000290,prior_fraud_pattern,Entity appears in a PaySim-style fraudulent transfer/cash-out chain.,0.9100,537
ME00000031,merchant,M00003220,risk_signal,Entity is connected to an elevated-risk payment flow.,0.7300,570
ME00000032,customer,C000002320,prior_fraud_pattern,Entity appears in a PaySim-style fraudulent transfer/cash-out chain.,0.9100,607
ME00000033,merchant,M00000519,risk_signal,Entity is connected to an elevated-risk payment flow.,0.7300,691
ME00000034,merchant,M00001222,prior_fraud_pattern,Entity appears in a PaySim-style fraudulent transfer/cash-out chain.,0.9100,728
ME00000035,customer,C000016849,risk_signal,Entity is connected to an elevated-risk payment flow.,0.7300,364
ME00000036,merchant,M00004145,risk_signal,Entity is connected to an elevated-risk payment flow.,0.7300,401
ME00000037,merchant,M00002147,risk_signal,Entity is connected to an elevated-risk payment flow.,0.7300,559
ME00000038,customer,C000002620,prior_fraud_pattern,Entity appears in a PaySim-style fraudulent transfer/cash-out chain.,0.9100,563
ME00000039,merchant,M00002850,risk_signal,Entity is connected to an elevated-risk payment flow.,0.7300,596
ME00000040,customer,C000004650,prior_fraud_pattern,Entity appears in a PaySim-style fraudulent transfer/cash-out chain.,0.9100,633
ME00000041,merchant,M00000149,risk_signal,Entity is connected to an elevated-risk payment flow.,0.7300,717
ME00000042,merchant,M00000852,prior_fraud_pattern,Entity appears in a PaySim-style fraudulent transfer/cash-out chain.,0.9100,10
ME00000043,customer,C000019179,risk_signal,Entity is connected to an elevated-risk payment flow.,0.7300,390
ME00000044,merchant,M00003775,risk_signal,Entity is connected to an elevated-risk payment flow.,0.7300,427
ME00000045,merchant,M00001777,risk_signal,Entity is connected to an elevated-risk payment flow.,0.7300,585
ME00000046,customer,C000005907,risk_signal,Entity is connected to an elevated-risk payment flow.,0.7300,622
ME00000047,merchant,M00003183,prior_fraud_pattern,Entity appears in a PaySim-style fraudulent transfer/cash-out chain.,0.9100,659
ME00000048,customer,C000010489,prior_fraud_pattern,Entity appears in a PaySim-style fraudulent transfer/cash-out chain.,0.9100,36
ME00000049,merchant,M00004700,risk_signal,Entity is connected to an elevated-risk payment flow.,0.7300,258
ME00000050,merchant,M00002702,risk_signal,Entity is connected to an elevated-risk payment flow.,0.7300,416
ME00000051,merchant,M00003405,risk_signal,Entity is connected to an elevated-risk payment flow.,0.7300,453
ME00000052,merchant,M00001407,risk_signal,Entity is connected to an elevated-risk payment flow.,0.7300,611
ME00000053,customer,C000008237,risk_signal,Entity is connected to an elevated-risk payment flow.,0.7300,648
ME00000054,merchant,M00002813,prior_fraud_pattern,Entity appears in a PaySim-style fraudulent transfer/cash-out chain.,0.9100,685
ME00000055,customer,C000012819,prior_fraud_pattern,Entity appears in a PaySim-style fraudulent transfer/cash-out chain.,0.9100,62
ME00000056,merchant,M00004330,risk_signal,Entity is connected to an elevated-risk payment flow.,0.7300,284
ME00000057,customer,C000003578,prior_fraud_pattern,Entity appears in a PaySim-style fraudulent transfer/cash-out chain.,0.9100,433
ME00000058,merchant,M00002332,risk_signal,Entity is connected to an elevated-risk payment flow.,0.7300,442
ME00000059,merchant,M00003035,risk_signal,Entity is connected to an elevated-risk payment flow.,0.7300,479
ME00000060,merchant,M00001037,risk_signal,Entity is connected to an elevated-risk payment flow.,0.7300,637
ME00000061,customer,C000010567,risk_signal,Entity is connected to an elevated-risk payment flow.,0.7300,674
ME00000062,merchant,M00002443,prior_fraud_pattern,Entity appears in a PaySim-style fraudulent transfer/cash-out chain.,0.9100,711
ME00000063,merchant,M00003960,risk_signal,Entity is connected to an elevated-risk payment flow.,0.7300,310
ME00000064,customer,C000002660,risk_signal,Entity is connected to an elevated-risk payment flow.,0.7300,347
ME00000065,customer,C000005908,prior_fraud_pattern,Entity appears in a PaySim-style fraudulent transfer/cash-out chain.,0.9100,459
ME00000066,merchant,M00001962,risk_signal,Entity is connected to an elevated-risk payment flow.,0.7300,468
ME00000067,customer,C000007242,risk_signal,Entity is connected to an elevated-risk payment flow.,0.7300,505
ME00000068,customer,C000010461,prior_fraud_pattern,Entity appears in a PaySim-style fraudulent transfer/cash-out chain.,0.9100,616
ME00000069,merchant,M00000667,risk_signal,Entity is connected to an elevated-risk payment flow.,0.7300,663
ME00000070,customer,C000012897,risk_signal,Entity is connected to an elevated-risk payment flow.,0.7300,700
ME00000071,merchant,M00002073,prior_fraud_pattern,Entity appears in a PaySim-style fraudulent transfer/cash-out chain.,0.9100,737
ME00000072,merchant,M00003590,risk_signal,Entity is connected to an elevated-risk payment flow.,0.7300,336
ME00000073,customer,C000004990,risk_signal,Entity is connected to an elevated-risk payment flow.,0.7300,373
ME00000074,merchant,M00001592,risk_signal,Entity is connected to an elevated-risk payment flow.,0.7300,494
ME00000075,customer,C000009572,risk_signal,Entity is connected to an elevated-risk payment flow.,0.7300,531
ME00000076,customer,C000012791,prior_fraud_pattern,Entity appears in a PaySim-style fraudulent transfer/cash-out chain.,0.9100,642
ME00000077,customer,C000014154,risk_signal,Entity is connected to an elevated-risk payment flow.,0.7300,689
ME00000078,merchant,M00001000,risk_signal,Entity is connected to an elevated-risk payment flow.,0.7300,726
ME00000079,merchant,M00001703,prior_fraud_pattern,Entity appears in a PaySim-style fraudulent transfer/cash-out chain.,0.9100,19
ME00000080,merchant,M00003220,risk_signal,Entity is connected to an elevated-risk payment flow.,0.7300,362
ME00000081,customer,C000007320,risk_signal,Entity is connected to an elevated-risk payment flow.,0.7300,399
ME00000082,merchant,M00001222,risk_signal,Entity is connected to an elevated-risk payment flow.,0.7300,520
ME00000083,customer,C000011902,risk_signal,Entity is connected to an elevated-risk payment flow.,0.7300,557
ME00000084,merchant,M00004034,prior_fraud_pattern,Entity appears in a PaySim-style fraudulent transfer/cash-out chain.,0.9100,668
ME00000085,merchant,M00000630,risk_signal,Entity is connected to an elevated-risk payment flow.,0.7300,8
ME00000086,customer,C000018630,prior_fraud_pattern,Entity appears in a PaySim-style fraudulent transfer/cash-out chain.,0.9100,45
ME00000087,customer,C000003995,risk_signal,Entity is connected to an elevated-risk payment flow.,0.7300,230
ME00000088,customer,C000006866,prior_fraud_pattern,Entity appears in a PaySim-style fraudulent transfer/cash-out chain.,0.9100,329
ME00000089,merchant,M00002850,risk_signal,Entity is connected to an elevated-risk payment flow.,0.7300,388
ME00000090,customer,C000009650,risk_signal,Entity is connected to an elevated-risk payment flow.,0.7300,425
ME00000091,merchant,M00000852,risk_signal,Entity is connected to an elevated-risk payment flow.,0.7300,546
ME00000092,customer,C000014232,risk_signal,Entity is connected to an elevated-risk payment flow.,0.7300,583
ME00000093,merchant,M00003664,prior_fraud_pattern,Entity appears in a PaySim-style fraudulent transfer/cash-out chain.,0.9100,694
ME00000094,merchant,M00000260,risk_signal,Entity is connected to an elevated-risk payment flow.,0.7300,34
ME00000095,customer,C000000960,prior_fraud_pattern,Entity appears in a PaySim-style fraudulent transfer/cash-out chain.,0.9100,71
ME00000096,customer,C000006325,risk_signal,Entity is connected to an elevated-risk payment flow.,0.7300,256
ME00000097,customer,C000009196,prior_fraud_pattern,Entity appears in a PaySim-style fraudulent transfer/cash-out chain.,0.9100,355
ME00000098,customer,C000010907,risk_signal,Entity is connected to an elevated-risk payment flow.,0.7300,414
ME00000099,merchant,M00003183,risk_signal,Entity is connected to an elevated-risk payment flow.,0.7300,451
ME00000100,customer,C000015489,risk_signal,Entity is connected to an elevated-risk payment flow.,0.7300,572
ME00000101,merchant,M00001185,risk_signal,Entity is connected to an elevated-risk payment flow.,0.7300,609
ME00000102,merchant,M00003294,prior_fraud_pattern,Entity appears in a PaySim-style fraudulent transfer/cash-out chain.,0.9100,720
ME00000103,customer,C000003290,prior_fraud_pattern,Entity appears in a PaySim-style fraudulent transfer/cash-out chain.,0.9100,97
ME00000104,customer,C000008655,risk_signal,Entity is connected to an elevated-risk payment flow.,0.7300,282
ME00000105,merchant,M00004811,risk_signal,Entity is connected to an elevated-risk payment flow.,0.7300,319
ME00000106,customer,C000013237,risk_signal,Entity is connected to an elevated-risk payment flow.,0.7300,440
ME00000107,merchant,M00002813,risk_signal,Entity is connected to an elevated-risk payment flow.,0.7300,477
ME00000108,customer,C000017819,risk_signal,Entity is connected to an elevated-risk payment flow.,0.7300,598
ME00000109,merchant,M00000815,risk_signal,Entity is connected to an elevated-risk payment flow.,0.7300,635
ME00000110,merchant,M00002924,prior_fraud_pattern,Entity appears in a PaySim-style fraudulent transfer/cash-out chain.,0.9100,2
ME00000111,customer,C000005620,prior_fraud_pattern,Entity appears in a PaySim-style fraudulent transfer/cash-out chain.,0.9100,123
ME00000112,customer,C000010985,risk_signal,Entity is connected to an elevated-risk payment flow.,0.7300,308
ME00000113,merchant,M00004441,risk_signal,Entity is connected to an elevated-risk payment flow.,0.7300,345
ME00000114,customer,C000015567,risk_signal,Entity is connected to an elevated-risk payment flow.,0.7300,466
ME00000115,merchant,M00002443,risk_signal,Entity is connected to an elevated-risk payment flow.,0.7300,503
ME00000116,merchant,M00000445,risk_signal,Entity is connected to an elevated-risk payment flow.,0.7300,661
ME00000117,merchant,M00002554,prior_fraud_pattern,Entity appears in a PaySim-style fraudulent transfer/cash-out chain.,0.9100,28
ME00000118,customer,C000007660,risk_signal,Entity is connected to an elevated-risk payment flow.,0.7300,139
ME00000119,customer,C000010154,prior_fraud_pattern,Entity appears in a PaySim-style fraudulent transfer/cash-out chain.,0.9100,225
ME00000120,merchant,M00003368,risk_signal,Entity is connected to an elevated-risk payment flow.,0.7300,334
ME00000121,merchant,M00004071,risk_signal,Entity is connected to an elevated-risk payment flow.,0.7300,371
ME00000122,customer,C000017897,risk_signal,Entity is connected to an elevated-risk payment flow.,0.7300,492
ME00000123,merchant,M00002073,risk_signal,Entity is connected to an elevated-risk payment flow.,0.7300,529
ME00000124,merchant,M00004885,risk_signal,Entity is connected to an elevated-risk payment flow.,0.7300,677
ME00000125,merchant,M00000075,risk_signal,Entity is connected to an elevated-risk payment flow.,0.7300,687
ME00000126,merchant,M00002184,prior_fraud_pattern,Entity appears in a PaySim-style fraudulent transfer/cash-out chain.,0.9100,54
ME00000127,customer,C000009990,risk_signal,Entity is connected to an elevated-risk payment flow.,0.7300,165
ME00000128,merchant,M00004996,risk_signal,Entity is connected to an elevated-risk payment flow.,0.7300,202
ME00000129,merchant,M00002998,risk_signal,Entity is connected to an elevated-risk payment flow.,0.7300,360
ME00000130,merchant,M00003701,risk_signal,Entity is connected to an elevated-risk payment flow.,0.7300,397
ME00000131,merchant,M00001000,risk_signal,Entity is connected to an elevated-risk payment flow.,0.7300,518
ME00000132,merchant,M00001703,risk_signal,Entity is connected to an elevated-risk payment flow.,0.7300,555
ME00000133,merchant,M00004515,risk_signal,Entity is connected to an elevated-risk payment flow.,0.7300,703
ME00000134,customer,C000009101,prior_fraud_pattern,Entity appears in a PaySim-style fraudulent transfer/cash-out chain.,0.9100,80
ME00000135,customer,C000012320,risk_signal,Entity is connected to an elevated-risk payment flow.,0.7300,191
ME00000136,merchant,M00004626,risk_signal,Entity is connected to an elevated-risk payment flow.,0.7300,228
ME00000137,merchant,M00002628,risk_signal,Entity is connected to an elevated-risk payment flow.,0.7300,386
ME00000138,customer,C000019048,risk_signal,Entity is connected to an elevated-risk payment flow.,0.7300,423
ME00000139,merchant,M00000630,risk_signal,Entity is connected to an elevated-risk payment flow.,0.7300,544
ME00000140,customer,C000003630,risk_signal,Entity is connected to an elevated-risk payment flow.,0.7300,581
ME00000141,merchant,M00004145,risk_signal,Entity is connected to an elevated-risk payment flow.,0.7300,729
ME00000142,customer,C000011431,prior_fraud_pattern,Entity appears in a PaySim-style fraudulent transfer/cash-out chain.,0.9100,106
ME00000143,customer,C000014650,risk_signal,Entity is connected to an elevated-risk payment flow.,0.7300,217
ME00000144,merchant,M00004256,risk_signal,Entity is connected to an elevated-risk payment flow.,0.7300,254
ME00000145,merchant,M00002258,risk_signal,Entity is connected to an elevated-risk payment flow.,0.7300,412
ME00000146,customer,C000001378,risk_signal,Entity is connected to an elevated-risk payment flow.,0.7300,449
ME00000147,merchant,M00000260,risk_signal,Entity is connected to an elevated-risk payment flow.,0.7300,570
ME00000148,customer,C000005960,risk_signal,Entity is connected to an elevated-risk payment flow.,0.7300,607
ME00000149,merchant,M00003775,risk_signal,Entity is connected to an elevated-risk payment flow.,0.7300,11
ME00000150,customer,C000013761,prior_fraud_pattern,Entity appears in a PaySim-style fraudulent transfer/cash-out chain.,0.9100,132
ME00000151,merchant,M00003183,risk_signal,Entity is connected to an elevated-risk payment flow.,0.7300,243
ME00000152,merchant,M00003886,risk_signal,Entity is connected to an elevated-risk payment flow.,0.7300,280
ME00000153,merchant,M00001888,risk_signal,Entity is connected to an elevated-risk payment flow.,0.7300,438
ME00000154,customer,C000003708,risk_signal,Entity is connected to an elevated-risk payment flow.,0.7300,475
ME00000155,customer,C000008290,risk_signal,Entity is connected to an elevated-risk payment flow.,0.7300,633
ME00000156,merchant,M00003405,risk_signal,Entity is connected to an elevated-risk payment flow.,0.7300,37
ME00000157,merchant,M00004811,risk_signal,Entity is connected to an elevated-risk payment flow.,0.7300,111
ME00000158,customer,C000016091,prior_fraud_pattern,Entity appears in a PaySim-style fraudulent transfer/cash-out chain.,0.9100,158
ME00000159,merchant,M00002813,risk_signal,Entity is connected to an elevated-risk payment flow.,0.7300,269
ME00000160,customer,C000000383,risk_signal,Entity is connected to an elevated-risk payment flow.,0.7300,306
ME00000161,merchant,M00001518,risk_signal,Entity is connected to an elevated-risk payment flow.,0.7300,464
ME00000162,customer,C000006038,risk_signal,Entity is connected to an elevated-risk payment flow.,0.7300,501
ME00000163,customer,C000010620,risk_signal,Entity is connected to an elevated-risk payment flow.,0.7300,659
ME00000164,merchant,M00003035,risk_signal,Entity is connected to an elevated-risk payment flow.,0.7300,63
ME00000165,merchant,M00004441,risk_signal,Entity is connected to an elevated-risk payment flow.,0.7300,137
ME00000166,merchant,M00000334,prior_fraud_pattern,Entity appears in a PaySim-style fraudulent transfer/cash-out chain.,0.9100,184
ME00000167,merchant,M00002443,risk_signal,Entity is connected to an elevated-risk payment flow.,0.7300,295
ME00000168,customer,C000002713,risk_signal,Entity is connected to an elevated-risk payment flow.,0.7300,332
ME00000169,customer,C000007295,risk_signal,Entity is connected to an elevated-risk payment flow.,0.7300,490
ME00000170,merchant,M00001851,risk_signal,Entity is connected to an elevated-risk payment flow.,0.7300,527
ME00000171,customer,C000017242,risk_signal,Entity is connected to an elevated-risk payment flow.,0.7300,89
ME00000172,merchant,M00004071,risk_signal,Entity is connected to an elevated-risk payment flow.,0.7300,163
ME00000173,customer,C000000461,risk_signal,Entity is connected to an elevated-risk payment flow.,0.7300,200
ME00000174,merchant,M00002073,risk_signal,Entity is connected to an elevated-risk payment flow.,0.7300,321
ME00000175,customer,C000005043,risk_signal,Entity is connected to an elevated-risk payment flow.,0.7300,358
ME00000176,customer,C000009625,risk_signal,Entity is connected to an elevated-risk payment flow.,0.7300,516
ME00000177,merchant,M00001481,risk_signal,Entity is connected to an elevated-risk payment flow.,0.7300,553
ME00000178,merchant,M00004996,risk_signal,Entity is connected to an elevated-risk payment flow.,0.7300,738
ME00000179,customer,C000019572,risk_signal,Entity is connected to an elevated-risk payment flow.,0.7300,115
ME00000180,merchant,M00003701,risk_signal,Entity is connected to an elevated-risk payment flow.,0.7300,189
ME00000181,customer,C000002791,risk_signal,Entity is connected to an elevated-risk payment flow.,0.7300,226
ME00000182,merchant,M00001703,risk_signal,Entity is connected to an elevated-risk payment flow.,0.7300,347
ME00000183,customer,C000007373,risk_signal,Entity is connected to an elevated-risk payment flow.,0.7300,384
ME00000184,customer,C000011955,risk_signal,Entity is connected to an elevated-risk payment flow.,0.7300,542
ME00000185,merchant,M00001111,risk_signal,Entity is connected to an elevated-risk payment flow.,0.7300,579
ME00000186,customer,C000016044,prior_fraud_pattern,Entity appears in a PaySim-style fraudulent transfer/cash-out chain.,0.9100,683
ME00000187,merchant,M00004626,risk_signal,Entity is connected to an elevated-risk payment flow.,0.7300,20
ME00000188,customer,C000001902,risk_signal,Entity is connected to an elevated-risk payment flow.,0.7300,141
ME00000189,customer,C000004048,risk_signal,Entity is connected to an elevated-risk payment flow.,0.7300,215
ME00000190,merchant,M00004034,risk_signal,Entity is connected to an elevated-risk payment flow.,0.7300,252
ME00000191,customer,C000008630,risk_signal,Entity is connected to an elevated-risk payment flow.,0.7300,373
ME00000192,merchant,M00002036,risk_signal,Entity is connected to an elevated-risk payment flow.,0.7300,410
ME00000193,customer,C000014285,risk_signal,Entity is connected to an elevated-risk payment flow.,0.7300,568
ME00000194,merchant,M00000741,risk_signal,Entity is connected to an elevated-risk payment flow.,0.7300,605
ME00000195,merchant,M00004256,risk_signal,Entity is connected to an elevated-risk payment flow.,0.7300,46
ME00000196,customer,C000001796,risk_signal,Entity is connected to an elevated-risk payment flow.,0.7300,83
ME00000197,customer,C000004232,risk_signal,Entity is connected to an elevated-risk payment flow.,0.7300,167
ME00000198,customer,C000006378,risk_signal,Entity is connected to an elevated-risk payment flow.,0.7300,241
ME00000199,merchant,M00003664,risk_signal,Entity is connected to an elevated-risk payment flow.,0.7300,278
ME00000200,customer,C000010960,risk_signal,Entity is connected to an elevated-risk payment flow.,0.7300,399
ME00000201,merchant,M00001666,risk_signal,Entity is connected to an elevated-risk payment flow.,0.7300,436
ME00000202,merchant,M00000371,risk_signal,Entity is connected to an elevated-risk payment flow.,0.7300,631
ME00000203,merchant,M00003886,risk_signal,Entity is connected to an elevated-risk payment flow.,0.7300,72
ME00000204,customer,C000004126,risk_signal,Entity is connected to an elevated-risk payment flow.,0.7300,109
ME00000205,merchant,M00001185,risk_signal,Entity is connected to an elevated-risk payment flow.,0.7300,193
ME00000206,customer,C000008708,risk_signal,Entity is connected to an elevated-risk payment flow.,0.7300,267
ME00000207,merchant,M00003294,risk_signal,Entity is connected to an elevated-risk payment flow.,0.7300,304
ME00000208,customer,C000013290,risk_signal,Entity is connected to an elevated-risk payment flow.,0.7300,425
ME00000209,merchant,M00001296,risk_signal,Entity is connected to an elevated-risk payment flow.,0.7300,462
ME00000210,customer,C000017002,prior_fraud_pattern,Entity appears in a PaySim-style fraudulent transfer/cash-out chain.,0.9100,553
ME00000211,merchant,M00000001,risk_signal,Entity is connected to an elevated-risk payment flow.,0.7300,657
ME00000212,customer,C000005383,risk_signal,Entity is connected to an elevated-risk payment flow.,0.7300,98
ME00000213,merchant,M00004219,risk_signal,Entity is connected to an elevated-risk payment flow.,0.7300,135
ME00000214,merchant,M00004922,risk_signal,Entity is connected to an elevated-risk payment flow.,0.7300,172
ME00000215,merchant,M00000815,risk_signal,Entity is connected to an elevated-risk payment flow.,0.7300,219
ME00000216,customer,C000011038,risk_signal,Entity is connected to an elevated-risk payment flow.,0.7300,293
ME00000217,merchant,M00002924,risk_signal,Entity is connected to an elevated-risk payment flow.,0.7300,330
ME00000218,customer,C000015620,risk_signal,Entity is connected to an elevated-risk payment flow.,0.7300,451
ME00000219,merchant,M00000926,risk_signal,Entity is connected to an elevated-risk payment flow.,0.7300,488
ME00000220,customer,C000019332,prior_fraud_pattern,Entity appears in a PaySim-style fraudulent transfer/cash-out chain.,0.9100,579
ME00000221,customer,C000007713,risk_signal,Entity is connected to an elevated-risk payment flow.,0.7300,124
ME00000222,merchant,M00003849,risk_signal,Entity is connected to an elevated-risk payment flow.,0.7300,161
ME00000223,merchant,M00004552,risk_signal,Entity is connected to an elevated-risk payment flow.,0.7300,198
ME00000224,merchant,M00000445,risk_signal,Entity is connected to an elevated-risk payment flow.,0.7300,245
ME00000225,merchant,M00001851,risk_signal,Entity is connected to an elevated-risk payment flow.,0.7300,319
ME00000226,merchant,M00002554,risk_signal,Entity is connected to an elevated-risk payment flow.,0.7300,356
ME00000227,merchant,M00000556,risk_signal,Entity is connected to an elevated-risk payment flow.,0.7300,514
ME00000228,customer,C000005461,risk_signal,Entity is connected to an elevated-risk payment flow.,0.7300,736
ME00000229,customer,C000010043,risk_signal,Entity is connected to an elevated-risk payment flow.,0.7300,150
ME00000230,merchant,M00003479,risk_signal,Entity is connected to an elevated-risk payment flow.,0.7300,187
ME00000231,customer,C000012189,risk_signal,Entity is connected to an elevated-risk payment flow.,0.7300,224
ME00000232,merchant,M00000075,risk_signal,Entity is connected to an elevated-risk payment flow.,0.7300,271
ME00000233,merchant,M00001481,risk_signal,Entity is connected to an elevated-risk payment flow.,0.7300,345
ME00000234,merchant,M00002184,risk_signal,Entity is connected to an elevated-risk payment flow.,0.7300,382
ME00000235,merchant,M00000186,risk_signal,Entity is connected to an elevated-risk payment flow.,0.7300,540
ME00000236,customer,C000007791,risk_signal,Entity is connected to an elevated-risk payment flow.,0.7300,18
ME00000237,customer,C000012373,risk_signal,Entity is connected to an elevated-risk payment flow.,0.7300,176
ME00000238,merchant,M00003109,risk_signal,Entity is connected to an elevated-risk payment flow.,0.7300,213
ME00000239,customer,C000014519,risk_signal,Entity is connected to an elevated-risk payment flow.,0.7300,250
ME00000240,merchant,M00001111,risk_signal,Entity is connected to an elevated-risk payment flow.,0.7300,371
ME00000241,customer,C000019101,risk_signal,Entity is connected to an elevated-risk payment flow.,0.7300,408
ME00000242,customer,C000000290,prior_fraud_pattern,Entity appears in a PaySim-style fraudulent transfer/cash-out chain.,0.9100,449
ME00000243,merchant,M00004034,risk_signal,Entity is connected to an elevated-risk payment flow.,0.7300,44
ME00000244,merchant,M00004737,prior_fraud_pattern,Entity appears in a PaySim-style fraudulent transfer/cash-out chain.,0.9100,81
ME00000245,merchant,M00002036,risk_signal,Entity is connected to an elevated-risk payment flow.,0.7300,202
ME00000246,merchant,M00002739,risk_signal,Entity is connected to an elevated-risk payment flow.,0.7300,239
ME00000247,customer,C000016849,risk_signal,Entity is connected to an elevated-risk payment flow.,0.7300,276
ME00000248,merchant,M00000741,risk_signal,Entity is connected to an elevated-risk payment flow.,0.7300,397
ME00000249,customer,C000001431,risk_signal,Entity is connected to an elevated-risk payment flow.,0.7300,434
ME00000250,customer,C000002620,prior_fraud_pattern,Entity appears in a PaySim-style fraudulent transfer/cash-out chain.,0.9100,475
ME00000251,merchant,M00003664,risk_signal,Entity is connected to an elevated-risk payment flow.,0.7300,70
ME00000252,merchant,M00004367,prior_fraud_pattern,Entity appears in a PaySim-style fraudulent transfer/cash-out chain.,0.9100,107
ME00000253,merchant,M00001666,risk_signal,Entity is connected to an elevated-risk payment flow.,0.7300,228
ME00000254,merchant,M00002369,risk_signal,Entity is connected to an elevated-risk payment flow.,0.7300,265
ME00000255,customer,C000019179,risk_signal,Entity is connected to an elevated-risk payment flow.,0.7300,302
ME00000256,merchant,M00000371,risk_signal,Entity is connected to an elevated-risk payment flow.,0.7300,423
ME00000257,customer,C000003761,risk_signal,Entity is connected to an elevated-risk payment flow.,0.7300,460
ME00000258,merchant,M00003294,risk_signal,Entity is connected to an elevated-risk payment flow.,0.7300,96
ME00000259,customer,C000015854,prior_fraud_pattern,Entity appears in a PaySim-style fraudulent transfer/cash-out chain.,0.9100,133
ME00000260,merchant,M00001296,risk_signal,Entity is connected to an elevated-risk payment flow.,0.7300,254
ME00000261,customer,C000000436,risk_signal,Entity is connected to an elevated-risk payment flow.,0.7300,291
ME00000262,merchant,M00002702,risk_signal,Entity is connected to an elevated-risk payment flow.,0.7300,328
ME00000263,merchant,M00000001,risk_signal,Entity is connected to an elevated-risk payment flow.,0.7300,449
ME00000264,customer,C000006091,risk_signal,Entity is connected to an elevated-risk payment flow.,0.7300,486
ME00000265,merchant,M00004922,risk_signal,Entity is connected to an elevated-risk payment flow.,0.7300,708
ME00000266,merchant,M00002924,risk_signal,Entity is connected to an elevated-risk payment flow.,0.7300,122
ME00000267,customer,C000018184,prior_fraud_pattern,Entity appears in a PaySim-style fraudulent transfer/cash-out chain.,0.9100,159
ME00000268,merchant,M00000926,risk_signal,Entity is connected to an elevated-risk payment flow.,0.7300,280
ME00000269,customer,C000002766,risk_signal,Entity is connected to an elevated-risk payment flow.,0.7300,317
ME00000270,customer,C000003578,prior_fraud_pattern,Entity appears in a PaySim-style fraudulent transfer/cash-out chain.,0.9100,345
ME00000271,merchant,M00002332,risk_signal,Entity is connected to an elevated-risk payment flow.,0.7300,354
ME00000272,merchant,M00000334,risk_signal,Entity is connected to an elevated-risk payment flow.,0.7300,512
ME00000273,merchant,M00004552,risk_signal,Entity is connected to an elevated-risk payment flow.,0.7300,734
ME00000274,merchant,M00002554,risk_signal,Entity is connected to an elevated-risk payment flow.,0.7300,148
ME00000275,customer,C000000514,prior_fraud_pattern,Entity appears in a PaySim-style fraudulent transfer/cash-out chain.,0.9100,185
ME00000276,merchant,M00000556,risk_signal,Entity is connected to an elevated-risk payment flow.,0.7300,306
ME00000277,customer,C000005096,risk_signal,Entity is connected to an elevated-risk payment flow.,0.7300,343
ME00000278,customer,C000005908,prior_fraud_pattern,Entity appears in a PaySim-style fraudulent transfer/cash-out chain.,0.9100,371
ME00000279,merchant,M00001962,risk_signal,Entity is connected to an elevated-risk payment flow.,0.7300,380
ME00000280,customer,C000017189,risk_signal,Entity is connected to an elevated-risk payment flow.,0.7300,16
ME00000281,merchant,M00004885,risk_signal,Entity is connected to an elevated-risk payment flow.,0.7300,53
ME00000282,merchant,M00002184,risk_signal,Entity is connected to an elevated-risk payment flow.,0.7300,174
ME00000283,customer,C000002844,prior_fraud_pattern,Entity appears in a PaySim-style fraudulent transfer/cash-out chain.,0.9100,211
ME00000284,merchant,M00000186,risk_signal,Entity is connected to an elevated-risk payment flow.,0.7300,332
ME00000285,customer,C000007426,risk_signal,Entity is connected to an elevated-risk payment flow.,0.7300,369
ME00000286,merchant,M00001592,risk_signal,Entity is connected to an elevated-risk payment flow.,0.7300,406
ME00000287,customer,C000019519,risk_signal,Entity is connected to an elevated-risk payment flow.,0.7300,42
ME00000288,merchant,M00004515,risk_signal,Entity is connected to an elevated-risk payment flow.,0.7300,79
ME00000289,customer,C000004101,risk_signal,Entity is connected to an elevated-risk payment flow.,0.7300,200
ME00000290,merchant,M00002517,prior_fraud_pattern,Entity appears in a PaySim-style fraudulent transfer/cash-out chain.,0.9100,237
ME00000291,merchant,M00000519,risk_signal,Entity is connected to an elevated-risk payment flow.,0.7300,395
ME00000292,merchant,M00001222,risk_signal,Entity is connected to an elevated-risk payment flow.,0.7300,432
ME00000293,merchant,M00004737,risk_signal,Entity is connected to an elevated-risk payment flow.,0.7300,617
ME00000294,customer,C000001849,risk_signal,Entity is connected to an elevated-risk payment flow.,0.7300,68
ME00000295,merchant,M00004145,risk_signal,Entity is connected to an elevated-risk payment flow.,0.7300,105
ME00000296,customer,C000003995,prior_fraud_pattern,Entity appears in a PaySim-style fraudulent transfer/cash-out chain.,0.9100,142
ME00000297,customer,C000006431,risk_signal,Entity is connected to an elevated-risk payment flow.,0.7300,226
ME00000298,customer,C000006866,prior_fraud_pattern,Entity appears in a PaySim-style fraudulent transfer/cash-out chain.,0.9100,241
ME00000299,merchant,M00002147,prior_fraud_pattern,Entity appears in a PaySim-style fraudulent transfer/cash-out chain.,0.9100,263
ME00000300,merchant,M00000149,risk_signal,Entity is connected to an elevated-risk payment flow.,0.7300,421
ME00000301,merchant,M00000852,risk_signal,Entity is connected to an elevated-risk payment flow.,0.7300,458
ME00000302,merchant,M00004367,risk_signal,Entity is connected to an elevated-risk payment flow.,0.7300,643
ME00000303,customer,C000004179,risk_signal,Entity is connected to an elevated-risk payment flow.,0.7300,94
ME00000304,merchant,M00003775,risk_signal,Entity is connected to an elevated-risk payment flow.,0.7300,131
ME00000305,customer,C000006325,prior_fraud_pattern,Entity appears in a PaySim-style fraudulent transfer/cash-out chain.,0.9100,168
ME00000306,customer,C000008761,risk_signal,Entity is connected to an elevated-risk payment flow.,0.7300,252
ME00000307,customer,C000009196,prior_fraud_pattern,Entity appears in a PaySim-style fraudulent transfer/cash-out chain.,0.9100,267
ME00000308,merchant,M00001777,prior_fraud_pattern,Entity appears in a PaySim-style fraudulent transfer/cash-out chain.,0.9100,289
ME00000309,customer,C000015489,risk_signal,Entity is connected to an elevated-risk payment flow.,0.7300,484
ME00000310,customer,C000000854,risk_signal,Entity is connected to an elevated-risk payment flow.,0.7300,669
ME00000311,merchant,M00004700,risk_signal,Entity is connected to an elevated-risk payment flow.,0.7300,706
ME00000312,merchant,M00002702,risk_signal,Entity is connected to an elevated-risk payment flow.,0.7300,120
ME00000313,merchant,M00003405,risk_signal,Entity is connected to an elevated-risk payment flow.,0.7300,157
ME00000314,customer,C000008655,prior_fraud_pattern,Entity appears in a PaySim-style fraudulent transfer/cash-out chain.,0.9100,194
ME00000315,customer,C000011091,risk_signal,Entity is connected to an elevated-risk payment flow.,0.7300,278
ME00000316,merchant,M00001407,prior_fraud_pattern,Entity appears in a PaySim-style fraudulent transfer/cash-out chain.,0.9100,315
ME00000317,customer,C000017819,risk_signal,Entity is connected to an elevated-risk payment flow.,0.7300,510
ME00000318,customer,C000003184,risk_signal,Entity is connected to an elevated-risk payment flow.,0.7300,695
ME00000319,merchant,M00004330,risk_signal,Entity is connected to an elevated-risk payment flow.,0.7300,732
ME00000320,merchant,M00002332,risk_signal,Entity is connected to an elevated-risk payment flow.,0.7300,146
ME00000321,merchant,M00003035,risk_signal,Entity is connected to an elevated-risk payment flow.,0.7300,183
ME00000322,customer,C000010985,prior_fraud_pattern,Entity appears in a PaySim-style fraudulent transfer/cash-out chain.,0.9100,220
ME00000323,merchant,M00000334,risk_signal,Entity is connected to an elevated-risk payment flow.,0.7300,304
ME00000324,merchant,M00001037,prior_fraud_pattern,Entity appears in a PaySim-style fraudulent transfer/cash-out chain.,0.9100,341
ME00000325,customer,C000005514,risk_signal,Entity is connected to an elevated-risk payment flow.,0.7300,721
ME00000326,merchant,M00003960,risk_signal,Entity is connected to an elevated-risk payment flow.,0.7300,14
ME00000327,customer,C000010154,prior_fraud_pattern,Entity appears in a PaySim-style fraudulent transfer/cash-out chain.,0.9100,137
ME00000328,merchant,M00001962,risk_signal,Entity is connected to an elevated-risk payment flow.,0.7300,172
ME00000329,customer,C000012242,risk_signal,Entity is connected to an elevated-risk payment flow.,0.7300,209
ME00000330,merchant,M00003368,prior_fraud_pattern,Entity appears in a PaySim-style fraudulent transfer/cash-out chain.,0.9100,246
ME00000331,merchant,M00000667,prior_fraud_pattern,Entity appears in a PaySim-style fraudulent transfer/cash-out chain.,0.9100,367
ME00000332,merchant,M00004885,risk_signal,Entity is connected to an elevated-risk payment flow.,0.7300,589
ME00000333,customer,C000007844,risk_signal,Entity is connected to an elevated-risk payment flow.,0.7300,3
ME00000334,merchant,M00003590,risk_signal,Entity is connected to an elevated-risk payment flow.,0.7300,40
ME00000335,merchant,M00001592,risk_signal,Entity is connected to an elevated-risk payment flow.,0.7300,198
ME00000336,customer,C000014572,risk_signal,Entity is connected to an elevated-risk payment flow.,0.7300,235
ME00000337,merchant,M00002998,prior_fraud_pattern,Entity appears in a PaySim-style fraudulent transfer/cash-out chain.,0.9100,272
ME00000338,customer,C000019154,prior_fraud_pattern,Entity appears in a PaySim-style fraudulent transfer/cash-out chain.,0.9100,393
ME00000339,merchant,M00004515,risk_signal,Entity is connected to an elevated-risk payment flow.,0.7300,615
ME00000340,merchant,M00002517,risk_signal,Entity is connected to an elevated-risk payment flow.,0.7300,29
ME00000341,merchant,M00003220,risk_signal,Entity is connected to an elevated-risk payment flow.,0.7300,66
ME00000342,merchant,M00001222,risk_signal,Entity is connected to an elevated-risk payment flow.,0.7300,224
ME00000343,customer,C000016902,risk_signal,Entity is connected to an elevated-risk payment flow.,0.7300,261
ME00000344,merchant,M00002628,prior_fraud_pattern,Entity appears in a PaySim-style fraudulent transfer/cash-out chain.,0.9100,298
ME00000345,merchant,M00004145,risk_signal,Entity is connected to an elevated-risk payment flow.,0.7300,641
ME00000346,customer,C000008995,risk_signal,Entity is connected to an elevated-risk payment flow.,0.7300,678
ME00000347,merchant,M00002147,risk_signal,Entity is connected to an elevated-risk payment flow.,0.7300,55
ME00000348,merchant,M00002850,risk_signal,Entity is connected to an elevated-risk payment flow.,0.7300,92
ME00000349,customer,C000016796,prior_fraud_pattern,Entity appears in a PaySim-style fraudulent transfer/cash-out chain.,0.9100,203
ME00000350,merchant,M00000852,risk_signal,Entity is connected to an elevated-risk payment flow.,0.7300,250
ME00000351,customer,C000019232,risk_signal,Entity is connected to an elevated-risk payment flow.,0.7300,287
ME00000352,merchant,M00002258,prior_fraud_pattern,Entity appears in a PaySim-style fraudulent transfer/cash-out chain.,0.9100,324
ME00000353,merchant,M00003775,risk_signal,Entity is connected to an elevated-risk payment flow.,0.7300,667
ME00000354,customer,C000011325,risk_signal,Entity is connected to an elevated-risk payment flow.,0.7300,704
ME00000355,merchant,M00001777,risk_signal,Entity is connected to an elevated-risk payment flow.,0.7300,81
ME00000356,customer,C000015907,risk_signal,Entity is connected to an elevated-risk payment flow.,0.7300,118
ME00000357,customer,C000019126,prior_fraud_pattern,Entity appears in a PaySim-style fraudulent transfer/cash-out chain.,0.9100,229
ME00000358,customer,C000000489,risk_signal,Entity is connected to an elevated-risk payment flow.,0.7300,276
ME00000359,merchant,M00001185,risk_signal,Entity is connected to an elevated-risk payment flow.,0.7300,313
ME00000360,merchant,M00001888,prior_fraud_pattern,Entity appears in a PaySim-style fraudulent transfer/cash-out chain.,0.9100,350
ME00000361,merchant,M00003405,risk_signal,Entity is connected to an elevated-risk payment flow.,0.7300,693
ME00000362,customer,C000013655,risk_signal,Entity is connected to an elevated-risk payment flow.,0.7300,730
ME00000363,merchant,M00001407,risk_signal,Entity is connected to an elevated-risk payment flow.,0.7300,107
ME00000364,customer,C000018237,risk_signal,Entity is connected to an elevated-risk payment flow.,0.7300,144
ME00000365,merchant,M00004219,prior_fraud_pattern,Entity appears in a PaySim-style fraudulent transfer/cash-out chain.,0.9100,255
ME00000366,customer,C000002819,risk_signal,Entity is connected to an elevated-risk payment flow.,0.7300,302
ME00000367,merchant,M00000815,risk_signal,Entity is connected to an elevated-risk payment flow.,0.7300,339
ME00000368,merchant,M00001518,prior_fraud_pattern,Entity appears in a PaySim-style fraudulent transfer/cash-out chain.,0.9100,376
ME00000369,merchant,M00003035,risk_signal,Entity is connected to an elevated-risk payment flow.,0.7300,719
ME00000370,customer,C000015985,risk_signal,Entity is connected to an elevated-risk payment flow.,0.7300,12
ME00000371,merchant,M00001037,risk_signal,Entity is connected to an elevated-risk payment flow.,0.7300,133
ME00000372,customer,C000000567,risk_signal,Entity is connected to an elevated-risk payment flow.,0.7300,170
ME00000373,merchant,M00003849,prior_fraud_pattern,Entity appears in a PaySim-style fraudulent transfer/cash-out chain.,0.9100,281
ME00000374,merchant,M00000445,risk_signal,Entity is connected to an elevated-risk payment flow.,0.7300,365
ME00000375,customer,C000007295,prior_fraud_pattern,Entity appears in a PaySim-style fraudulent transfer/cash-out chain.,0.9100,402
ME00000376,customer,C000012660,risk_signal,Entity is connected to an elevated-risk payment flow.,0.7300,587
ME00000377,customer,C000017242,risk_signal,Entity is connected to an elevated-risk payment flow.,0.7300,1
ME00000378,merchant,M00003368,risk_signal,Entity is connected to an elevated-risk payment flow.,0.7300,38
ME00000379,merchant,M00000667,risk_signal,Entity is connected to an elevated-risk payment flow.,0.7300,159
ME00000380,customer,C000002897,risk_signal,Entity is connected to an elevated-risk payment flow.,0.7300,196
ME00000381,merchant,M00003479,prior_fraud_pattern,Entity appears in a PaySim-style fraudulent transfer/cash-out chain.,0.9100,307
ME00000382,merchant,M00000075,risk_signal,Entity is connected to an elevated-risk payment flow.,0.7300,391
ME00000383,customer,C000009625,prior_fraud_pattern,Entity appears in a PaySim-style fraudulent transfer/cash-out chain.,0.9100,428
ME00000384,customer,C000014990,risk_signal,Entity is connected to an elevated-risk payment flow.,0.7300,613
ME00000385,merchant,M00004996,risk_signal,Entity is connected to an elevated-risk payment flow.,0.7300,650
ME00000386,customer,C000019572,risk_signal,Entity is connected to an elevated-risk payment flow.,0.7300,27
ME00000387,merchant,M00002998,risk_signal,Entity is connected to an elevated-risk payment flow.,0.7300,64
ME00000388,customer,C000004154,risk_signal,Entity is connected to an elevated-risk payment flow.,0.7300,185
ME00000389,merchant,M00001000,risk_signal,Entity is connected to an elevated-risk payment flow.,0.7300,222
ME00000390,merchant,M00003109,prior_fraud_pattern,Entity appears in a PaySim-style fraudulent transfer/cash-out chain.,0.9100,333
ME00000391,customer,C000011955,prior_fraud_pattern,Entity appears in a PaySim-style fraudulent transfer/cash-out chain.,0.9100,454
ME00000392,customer,C000016044,prior_fraud_pattern,Entity appears in a PaySim-style fraudulent transfer/cash-out chain.,0.9100,595
ME00000393,customer,C000017320,risk_signal,Entity is connected to an elevated-risk payment flow.,0.7300,639
ME00000394,merchant,M00004626,risk_signal,Entity is connected to an elevated-risk payment flow.,0.7300,676
ME00000395,customer,C000001902,risk_signal,Entity is connected to an elevated-risk payment flow.,0.7300,53
ME00000396,merchant,M00002628,risk_signal,Entity is connected to an elevated-risk payment flow.,0.7300,90
ME00000397,merchant,M00000630,risk_signal,Entity is connected to an elevated-risk payment flow.,0.7300,248
ME00000398,merchant,M00002739,prior_fraud_pattern,Entity appears in a PaySim-style fraudulent transfer/cash-out chain.,0.9100,359
ME00000399,customer,C000013995,risk_signal,Entity is connected to an elevated-risk payment flow.,0.7300,470
ME00000400,customer,C000014285,prior_fraud_pattern,Entity appears in a PaySim-style fraudulent transfer/cash-out chain.,0.9100,480
ME00000401,customer,C000019650,risk_signal,Entity is connected to an elevated-risk payment flow.,0.7300,665
ME00000402,merchant,M00004256,risk_signal,Entity is connected to an elevated-risk payment flow.,0.7300,702
ME00000403,customer,C000004232,risk_signal,Entity is connected to an elevated-risk payment flow.,0.7300,79
ME00000404,merchant,M00002258,risk_signal,Entity is connected to an elevated-risk payment flow.,0.7300,116
ME00000405,merchant,M00000260,risk_signal,Entity is connected to an elevated-risk payment flow.,0.7300,274
ME00000406,merchant,M00002369,prior_fraud_pattern,Entity appears in a PaySim-style fraudulent transfer/cash-out chain.,0.9100,385
ME00000407,customer,C000016325,risk_signal,Entity is connected to an elevated-risk payment flow.,0.7300,496
ME00000408,merchant,M00003183,risk_signal,Entity is connected to an elevated-risk payment flow.,0.7300,691
ME00000409,merchant,M00003886,risk_signal,Entity is connected to an elevated-risk payment flow.,0.7300,728
ME00000410,merchant,M00001185,risk_signal,Entity is connected to an elevated-risk payment flow.,0.7300,105
ME00000411,merchant,M00001888,risk_signal,Entity is connected to an elevated-risk payment flow.,0.7300,142
ME00000412,merchant,M00004700,risk_signal,Entity is connected to an elevated-risk payment flow.,0.7300,290
ME00000413,customer,C000015436,prior_fraud_pattern,Entity appears in a PaySim-style fraudulent transfer/cash-out chain.,0.9100,411
ME00000414,customer,C000017002,prior_fraud_pattern,Entity appears in a PaySim-style fraudulent transfer/cash-out chain.,0.9100,465
ME00000415,customer,C000018655,risk_signal,Entity is connected to an elevated-risk payment flow.,0.7300,522
ME00000416,merchant,M00004811,risk_signal,Entity is connected to an elevated-risk payment flow.,0.7300,559
ME00000417,merchant,M00002813,risk_signal,Entity is connected to an elevated-risk payment flow.,0.7300,717
ME00000418,customer,C000005383,risk_signal,Entity is connected to an elevated-risk payment flow.,0.7300,10
ME00000419,merchant,M00000815,risk_signal,Entity is connected to an elevated-risk payment flow.,0.7300,131
ME00000420,merchant,M00001518,risk_signal,Entity is connected to an elevated-risk payment flow.,0.7300,168
ME00000421,merchant,M00004330,risk_signal,Entity is connected to an elevated-risk payment flow.,0.7300,316
ME00000422,customer,C000017766,prior_fraud_pattern,Entity appears in a PaySim-style fraudulent transfer/cash-out chain.,0.9100,437
ME00000423,customer,C000019332,prior_fraud_pattern,Entity appears in a PaySim-style fraudulent transfer/cash-out chain.,0.9100,491
ME00000424,customer,C000000985,risk_signal,Entity is connected to an elevated-risk payment flow.,0.7300,548
ME00000425,merchant,M00004441,risk_signal,Entity is connected to an elevated-risk payment flow.,0.7300,585
ME00000426,merchant,M00002443,risk_signal,Entity is connected to an elevated-risk payment flow.,0.7300,743
ME00000427,customer,C000007713,risk_signal,Entity is connected to an elevated-risk payment flow.,0.7300,36
ME00000428,merchant,M00000445,risk_signal,Entity is connected to an elevated-risk payment flow.,0.7300,157
ME00000429,customer,C000012295,risk_signal,Entity is connected to an elevated-risk payment flow.,0.7300,194
ME00000430,merchant,M00003960,risk_signal,Entity is connected to an elevated-risk payment flow.,0.7300,342
ME00000431,customer,C000000096,prior_fraud_pattern,Entity appears in a PaySim-style fraudulent transfer/cash-out chain.,0.9100,463
ME00000432,merchant,M00003368,risk_signal,Entity is connected to an elevated-risk payment flow.,0.7300,574
ME00000433,merchant,M00004071,risk_signal,Entity is connected to an elevated-risk payment flow.,0.7300,611
ME00000434,merchant,M00002073,risk_signal,Entity is connected to an elevated-risk payment flow.,0.7300,25
ME00000435,customer,C000010043,risk_signal,Entity is connected to an elevated-risk payment flow.,0.7300,62
ME00000436,merchant,M00000075,risk_signal,Entity is connected to an elevated-risk payment flow.,0.7300,183
ME00000437,customer,C000014625,risk_signal,Entity is connected to an elevated-risk payment flow.,0.7300,220
ME00000438,merchant,M00003590,risk_signal,Entity is connected to an elevated-risk payment flow.,0.7300,368
ME00000439,merchant,M00004996,risk_signal,Entity is connected to an elevated-risk payment flow.,0.7300,442
ME00000440,customer,C000002426,prior_fraud_pattern,Entity appears in a PaySim-style fraudulent transfer/cash-out chain.,0.9100,489
ME00000441,merchant,M00002998,risk_signal,Entity is connected to an elevated-risk payment flow.,0.7300,600
ME00000442,merchant,M00003701,risk_signal,Entity is connected to an elevated-risk payment flow.,0.7300,637
ME00000443,merchant,M00001703,risk_signal,Entity is connected to an elevated-risk payment flow.,0.7300,51
ME00000444,customer,C000012373,risk_signal,Entity is connected to an elevated-risk payment flow.,0.7300,88
ME00000445,customer,C000016955,risk_signal,Entity is connected to an elevated-risk payment flow.,0.7300,246
ME00000446,customer,C000000290,prior_fraud_pattern,Entity appears in a PaySim-style fraudulent transfer/cash-out chain.,0.9100,361
ME00000447,merchant,M00003220,risk_signal,Entity is connected to an elevated-risk payment flow.,0.7300,394
ME00000448,merchant,M00004626,risk_signal,Entity is connected to an elevated-risk payment flow.,0.7300,468
ME00000449,merchant,M00000519,prior_fraud_pattern,Entity appears in a PaySim-style fraudulent transfer/cash-out chain.,0.9100,515
ME00000450,merchant,M00002628,risk_signal,Entity is connected to an elevated-risk payment flow.,0.7300,626
ME00000451,customer,C000009048,risk_signal,Entity is connected to an elevated-risk payment flow.,0.7300,663
ME00000452,customer,C000013630,risk_signal,Entity is connected to an elevated-risk payment flow.,0.7300,77
ME00000453,merchant,M00002036,risk_signal,Entity is connected to an elevated-risk payment flow.,0.7300,114
ME00000454,customer,C000019285,risk_signal,Entity is connected to an elevated-risk payment flow.,0.7300,272
ME00000455,customer,C000002620,prior_fraud_pattern,Entity appears in a PaySim-style fraudulent transfer/cash-out chain.,0.9100,387
ME00000456,merchant,M00002850,risk_signal,Entity is connected to an elevated-risk payment flow.,0.7300,420
ME00000457,merchant,M00004256,risk_signal,Entity is connected to an elevated-risk payment flow.,0.7300,494
ME00000458,customer,C000006796,risk_signal,Entity is connected to an elevated-risk payment flow.,0.7300,531
ME00000459,merchant,M00000149,prior_fraud_pattern,Entity appears in a PaySim-style fraudulent transfer/cash-out chain.,0.9100,541
ME00000460,merchant,M00002258,risk_signal,Entity is connected to an elevated-risk payment flow.,0.7300,652
ME00000461,customer,C000011378,risk_signal,Entity is connected to an elevated-risk payment flow.,0.7300,689
ME00000462,customer,C000015960,risk_signal,Entity is connected to an elevated-risk payment flow.,0.7300,103
ME00000463,merchant,M00001666,risk_signal,Entity is connected to an elevated-risk payment flow.,0.7300,140
ME00000464,customer,C000005907,risk_signal,Entity is connected to an elevated-risk payment flow.,0.7300,446
ME00000465,merchant,M00003886,risk_signal,Entity is connected to an elevated-risk payment flow.,0.7300,520
ME00000466,customer,C000009126,risk_signal,Entity is connected to an elevated-risk payment flow.,0.7300,557
ME00000467,merchant,M00001888,risk_signal,Entity is connected to an elevated-risk payment flow.,0.7300,678
ME00000468,customer,C000013708,risk_signal,Entity is connected to an elevated-risk payment flow.,0.7300,715
ME00000469,customer,C000018290,risk_signal,Entity is connected to an elevated-risk payment flow.,0.7300,129
ME00000470,merchant,M00001296,risk_signal,Entity is connected to an elevated-risk payment flow.,0.7300,166
ME00000471,merchant,M00004811,risk_signal,Entity is connected to an elevated-risk payment flow.,0.7300,351
ME00000472,customer,C000008237,risk_signal,Entity is connected to an elevated-risk payment flow.,0.7300,472
ME00000473,customer,C000010383,risk_signal,Entity is connected to an elevated-risk payment flow.,0.7300,546
ME00000474,merchant,M00004219,risk_signal,Entity is connected to an elevated-risk payment flow.,0.7300,583
ME00000475,merchant,M00001518,risk_signal,Entity is connected to an elevated-risk payment flow.,0.7300,704
ME00000476,customer,C000016038,risk_signal,Entity is connected to an elevated-risk payment flow.,0.7300,741
ME00000477,customer,C000000620,risk_signal,Entity is connected to an elevated-risk payment flow.,0.7300,155
ME00000478,merchant,M00000926,risk_signal,Entity is connected to an elevated-risk payment flow.,0.7300,192
ME00000479,customer,C000003578,prior_fraud_pattern,Entity appears in a PaySim-style fraudulent transfer/cash-out chain.,0.9100,257
ME00000480,merchant,M00004441,risk_signal,Entity is connected to an elevated-risk payment flow.,0.7300,377
ME00000481,customer,C000010567,risk_signal,Entity is connected to an elevated-risk payment flow.,0.7300,498
ME00000482,customer,C000012713,risk_signal,Entity is connected to an elevated-risk payment flow.,0.7300,572
ME00000483,merchant,M00003849,risk_signal,Entity is connected to an elevated-risk payment flow.,0.7300,609
ME00000484,customer,C000017295,risk_signal,Entity is connected to an elevated-risk payment flow.,0.7300,730
ME00000485,merchant,M00001851,risk_signal,Entity is connected to an elevated-risk payment flow.,0.7300,23
ME00000486,merchant,M00000556,risk_signal,Entity is connected to an elevated-risk payment flow.,0.7300,218
ME00000487,customer,C000005908,prior_fraud_pattern,Entity appears in a PaySim-style fraudulent transfer/cash-out chain.,0.9100,283
ME00000488,merchant,M00004071,risk_signal,Entity is connected to an elevated-risk payment flow.,0.7300,403
ME00000489,customer,C000010461,risk_signal,Entity is connected to an elevated-risk payment flow.,0.7300,440
ME00000490,customer,C000012897,risk_signal,Entity is connected to an elevated-risk payment flow.,0.7300,524
ME00000491,customer,C000015043,risk_signal,Entity is connected to an elevated-risk payment flow.,0.7300,598
ME00000492,merchant,M00003479,risk_signal,Entity is connected to an elevated-risk payment flow.,0.7300,635
ME00000493,customer,C000019625,risk_signal,Entity is connected to an elevated-risk payment flow.,0.7300,12
ME00000494,merchant,M00001481,risk_signal,Entity is connected to an elevated-risk payment flow.,0.7300,49
ME00000495,merchant,M00000186,risk_signal,Entity is connected to an elevated-risk payment flow.,0.7300,244
ME00000496,merchant,M00003701,risk_signal,Entity is connected to an elevated-risk payment flow.,0.7300,429
ME00000497,customer,C000012791,risk_signal,Entity is connected to an elevated-risk payment flow.,0.7300,466
ME00000498,merchant,M00001000,risk_signal,Entity is connected to an elevated-risk payment flow.,0.7300,550
ME00000499,customer,C000017373,risk_signal,Entity is connected to an elevated-risk payment flow.,0.7300,624
ME00000500,merchant,M00003109,risk_signal,Entity is connected to an elevated-risk payment flow.,0.7300,661
ME00000501,customer,C000001955,risk_signal,Entity is connected to an elevated-risk payment flow.,0.7300,38
ME00000502,merchant,M00001111,risk_signal,Entity is connected to an elevated-risk payment flow.,0.7300,75
ME00000503,customer,C000014048,risk_signal,Entity is connected to an elevated-risk payment flow.,0.7300,455
ME00000504,merchant,M00004034,risk_signal,Entity is connected to an elevated-risk payment flow.,0.7300,492
ME00000505,merchant,M00004737,risk_signal,Entity is connected to an elevated-risk payment flow.,0.7300,529
ME00000506,merchant,M00000630,risk_signal,Entity is connected to an elevated-risk payment flow.,0.7300,576
ME00000507,merchant,M00002036,risk_signal,Entity is connected to an elevated-risk payment flow.,0.7300,650
ME00000508,merchant,M00002739,risk_signal,Entity is connected to an elevated-risk payment flow.,0.7300,687
ME00000509,customer,C000004285,risk_signal,Entity is connected to an elevated-risk payment flow.,0.7300,64
ME00000510,merchant,M00000741,risk_signal,Entity is connected to an elevated-risk payment flow.,0.7300,101
ME00000511,customer,C000006866,prior_fraud_pattern,Entity appears in a PaySim-style fraudulent transfer/cash-out chain.,0.9100,153
ME00000512,customer,C000011796,risk_signal,Entity is connected to an elevated-risk payment flow.,0.7300,323
ME00000513,customer,C000016378,risk_signal,Entity is connected to an elevated-risk payment flow.,0.7300,481
ME00000514,merchant,M00003664,risk_signal,Entity is connected to an elevated-risk payment flow.,0.7300,518
ME00000515,merchant,M00004367,risk_signal,Entity is connected to an elevated-risk payment flow.,0.7300,555
ME00000516,merchant,M00000260,risk_signal,Entity is connected to an elevated-risk payment flow.,0.7300,602
ME00000517,merchant,M00001666,risk_signal,Entity is connected to an elevated-risk payment flow.,0.7300,676
ME00000518,merchant,M00002369,risk_signal,Entity is connected to an elevated-risk payment flow.,0.7300,713
ME00000519,merchant,M00000371,risk_signal,Entity is connected to an elevated-risk payment flow.,0.7300,127
ME00000520,customer,C000009196,prior_fraud_pattern,Entity appears in a PaySim-style fraudulent transfer/cash-out chain.,0.9100,179
ME00000521,customer,C000014126,risk_signal,Entity is connected to an elevated-risk payment flow.,0.7300,349
ME00000522,customer,C000018708,risk_signal,Entity is connected to an elevated-risk payment flow.,0.7300,507
ME00000523,merchant,M00003294,risk_signal,Entity is connected to an elevated-risk payment flow.,0.7300,544
ME00000524,customer,C000000854,risk_signal,Entity is connected to an elevated-risk payment flow.,0.7300,581
ME00000525,merchant,M00001296,risk_signal,Entity is connected to an elevated-risk payment flow.,0.7300,702
ME00000526,customer,C000005436,risk_signal,Entity is connected to an elevated-risk payment flow.,0.7300,739
ME00000527,merchant,M00000001,risk_signal,Entity is connected to an elevated-risk payment flow.,0.7300,153
ME00000528,merchant,M00004219,risk_signal,Entity is connected to an elevated-risk payment flow.,0.7300,375
ME00000529,merchant,M00004922,prior_fraud_pattern,Entity appears in a PaySim-style fraudulent transfer/cash-out chain.,0.9100,412
ME00000530,customer,C000001038,risk_signal,Entity is connected to an elevated-risk payment flow.,0.7300,533
ME00000531,merchant,M00002924,risk_signal,Entity is connected to an elevated-risk payment flow.,0.7300,570
ME00000532,customer,C000003184,risk_signal,Entity is connected to an elevated-risk payment flow.,0.7300,607
ME00000533,merchant,M00000926,risk_signal,Entity is connected to an elevated-risk payment flow.,0.7300,728
ME00000534,customer,C000007766,risk_signal,Entity is connected to an elevated-risk payment flow.,0.7300,21
ME00000535,merchant,M00003849,risk_signal,Entity is connected to an elevated-risk payment flow.,0.7300,401
ME00000536,merchant,M00004552,prior_fraud_pattern,Entity appears in a PaySim-style fraudulent transfer/cash-out chain.,0.9100,438
ME00000537,merchant,M00001851,risk_signal,Entity is connected to an elevated-risk payment flow.,0.7300,559
ME00000538,merchant,M00002554,risk_signal,Entity is connected to an elevated-risk payment flow.,0.7300,596
ME00000539,customer,C000005514,risk_signal,Entity is connected to an elevated-risk payment flow.,0.7300,633
ME00000540,merchant,M00000556,risk_signal,Entity is connected to an elevated-risk payment flow.,0.7300,10
ME00000541,customer,C000010096,risk_signal,Entity is connected to an elevated-risk payment flow.,0.7300,47
ME00000542,customer,C000010154,prior_fraud_pattern,Entity appears in a PaySim-style fraudulent transfer/cash-out chain.,0.9100,49
ME00000543,merchant,M00003479,risk_signal,Entity is connected to an elevated-risk payment flow.,0.7300,427
ME00000544,customer,C000002189,prior_fraud_pattern,Entity appears in a PaySim-style fraudulent transfer/cash-out chain.,0.9100,464
ME00000545,merchant,M00001481,risk_signal,Entity is connected to an elevated-risk payment flow.,0.7300,585
ME00000546,merchant,M00002184,risk_signal,Entity is connected to an elevated-risk payment flow.,0.7300,622
ME00000547,customer,C000007844,risk_signal,Entity is connected to an elevated-risk payment flow.,0.7300,659
ME00000548,merchant,M00000186,risk_signal,Entity is connected to an elevated-risk payment flow.,0.7300,36
ME00000549,customer,C000012426,risk_signal,Entity is connected to an elevated-risk payment flow.,0.7300,73
ME00000550,merchant,M00003109,risk_signal,Entity is connected to an elevated-risk payment flow.,0.7300,453
ME00000551,customer,C000004519,prior_fraud_pattern,Entity appears in a PaySim-style fraudulent transfer/cash-out chain.,0.9100,490
ME00000552,merchant,M00001111,risk_signal,Entity is connected to an elevated-risk payment flow.,0.7300,611
ME00000553,customer,C000009101,risk_signal,Entity is connected to an elevated-risk payment flow.,0.7300,648
ME00000554,merchant,M00002517,risk_signal,Entity is connected to an elevated-risk payment flow.,0.7300,685
ME00000555,merchant,M00000519,risk_signal,Entity is connected to an elevated-risk payment flow.,0.7300,99
ME00000556,merchant,M00004737,risk_signal,Entity is connected to an elevated-risk payment flow.,0.7300,321
ME00000557,merchant,M00002739,risk_signal,Entity is connected to an elevated-risk payment flow.,0.7300,479
ME00000558,customer,C000006849,prior_fraud_pattern,Entity appears in a PaySim-style fraudulent transfer/cash-out chain.,0.9100,516
ME00000559,merchant,M00000741,risk_signal,Entity is connected to an elevated-risk payment flow.,0.7300,637
ME00000560,customer,C000011431,risk_signal,Entity is connected to an elevated-risk payment flow.,0.7300,674
ME00000561,merchant,M00002147,risk_signal,Entity is connected to an elevated-risk payment flow.,0.7300,711
ME00000562,merchant,M00000149,risk_signal,Entity is connected to an elevated-risk payment flow.,0.7300,125
ME00000563,merchant,M00004367,risk_signal,Entity is connected to an elevated-risk payment flow.,0.7300,347
ME00000564,merchant,M00002369,risk_signal,Entity is connected to an elevated-risk payment flow.,0.7300,505
ME00000565,customer,C000009179,prior_fraud_pattern,Entity appears in a PaySim-style fraudulent transfer/cash-out chain.,0.9100,542
ME00000566,merchant,M00000371,risk_signal,Entity is connected to an elevated-risk payment flow.,0.7300,663
ME00000567,customer,C000013761,risk_signal,Entity is connected to an elevated-risk payment flow.,0.7300,700
ME00000568,merchant,M00001777,risk_signal,Entity is connected to an elevated-risk payment flow.,0.7300,737
ME00000569,customer,C000005854,risk_signal,Entity is connected to an elevated-risk payment flow.,0.7300,373
ME00000570,merchant,M00004700,risk_signal,Entity is connected to an elevated-risk payment flow.,0.7300,410
ME00000571,customer,C000010436,risk_signal,Entity is connected to an elevated-risk payment flow.,0.7300,531
ME00000572,merchant,M00002702,prior_fraud_pattern,Entity appears in a PaySim-style fraudulent transfer/cash-out chain.,0.9100,568
ME00000573,merchant,M00000001,risk_signal,Entity is connected to an elevated-risk payment flow.,0.7300,689
ME00000574,customer,C000016091,risk_signal,Entity is connected to an elevated-risk payment flow.,0.7300,726
ME00000575,merchant,M00001407,risk_signal,Entity is connected to an elevated-risk payment flow.,0.7300,19
ME00000576,merchant,M00004922,risk_signal,Entity is connected to an elevated-risk payment flow.,0.7300,204
ME00000577,customer,C000008184,risk_signal,Entity is connected to an elevated-risk payment flow.,0.7300,399
ME00000578,merchant,M00004330,risk_signal,Entity is connected to an elevated-risk payment flow.,0.7300,436
ME00000579,customer,C000012766,risk_signal,Entity is connected to an elevated-risk payment flow.,0.7300,557
ME00000580,merchant,M00002332,prior_fraud_pattern,Entity appears in a PaySim-style fraudulent transfer/cash-out chain.,0.9100,594
ME00000581,merchant,M00000334,risk_signal,Entity is connected to an elevated-risk payment flow.,0.7300,8
ME00000582,merchant,M00001037,risk_signal,Entity is connected to an elevated-risk payment flow.,0.7300,45
ME00000583,merchant,M00004552,risk_signal,Entity is connected to an elevated-risk payment flow.,0.7300,230
ME00000584,customer,C000010514,risk_signal,Entity is connected to an elevated-risk payment flow.,0.7300,425
ME00000585,merchant,M00003960,risk_signal,Entity is connected to an elevated-risk payment flow.,0.7300,462
ME00000586,customer,C000012660,prior_fraud_pattern,Entity appears in a PaySim-style fraudulent transfer/cash-out chain.,0.9100,499
ME00000587,customer,C000015096,risk_signal,Entity is connected to an elevated-risk payment flow.,0.7300,583
ME00000588,merchant,M00001962,prior_fraud_pattern,Entity appears in a PaySim-style fraudulent transfer/cash-out chain.,0.9100,620
ME00000589,merchant,M00000667,risk_signal,Entity is connected to an elevated-risk payment flow.,0.7300,71
ME00000590,customer,C000007189,risk_signal,Entity is connected to an elevated-risk payment flow.,0.7300,256
ME00000591,merchant,M00004885,risk_signal,Entity is connected to an elevated-risk payment flow.,0.7300,293
ME00000592,customer,C000012844,risk_signal,Entity is connected to an elevated-risk payment flow.,0.7300,451
ME00000593,merchant,M00003590,risk_signal,Entity is connected to an elevated-risk payment flow.,0.7300,488
ME00000594,customer,C000014990,prior_fraud_pattern,Entity appears in a PaySim-style fraudulent transfer/cash-out chain.,0.9100,525
ME00000595,customer,C000017426,risk_signal,Entity is connected to an elevated-risk payment flow.,0.7300,609
ME00000596,merchant,M00001592,prior_fraud_pattern,Entity appears in a PaySim-style fraudulent transfer/cash-out chain.,0.9100,646
ME00000597,customer,C000004154,risk_signal,Entity is connected to an elevated-risk payment flow.,0.7300,97
ME00000598,customer,C000009519,risk_signal,Entity is connected to an elevated-risk payment flow.,0.7300,282
ME00000599,merchant,M00004515,risk_signal,Entity is connected to an elevated-risk payment flow.,0.7300,319
ME00000600,merchant,M00002517,risk_signal,Entity is connected to an elevated-risk payment flow.,0.7300,477
ME00000601,customer,C000016044,prior_fraud_pattern,Entity appears in a PaySim-style fraudulent transfer/cash-out chain.,0.9100,507
ME00000602,merchant,M00003220,risk_signal,Entity is connected to an elevated-risk payment flow.,0.7300,514
ME00000603,customer,C000017320,prior_fraud_pattern,Entity appears in a PaySim-style fraudulent transfer/cash-out chain.,0.9100,551
ME00000604,merchant,M00000519,risk_signal,Entity is connected to an elevated-risk payment flow.,0.7300,635
ME00000605,merchant,M00001222,prior_fraud_pattern,Entity appears in a PaySim-style fraudulent transfer/cash-out chain.,0.9100,672
ME00000606,customer,C000011849,risk_signal,Entity is connected to an elevated-risk payment flow.,0.7300,308
ME00000607,merchant,M00004145,risk_signal,Entity is connected to an elevated-risk payment flow.,0.7300,345
ME00000608,merchant,M00002147,risk_signal,Entity is connected to an elevated-risk payment flow.,0.7300,503
ME00000609,merchant,M00002850,risk_signal,Entity is connected to an elevated-risk payment flow.,0.7300,540
ME00000610,customer,C000019650,prior_fraud_pattern,Entity appears in a PaySim-style fraudulent transfer/cash-out chain.,0.9100,577
ME00000611,merchant,M00000149,risk_signal,Entity is connected to an elevated-risk payment flow.,0.7300,661
ME00000612,merchant,M00000852,prior_fraud_pattern,Entity appears in a PaySim-style fraudulent transfer/cash-out chain.,0.9100,698
ME00000613,customer,C000014179,risk_signal,Entity is connected to an elevated-risk payment flow.,0.7300,334
ME00000614,merchant,M00003775,risk_signal,Entity is connected to an elevated-risk payment flow.,0.7300,371
ME00000615,merchant,M00001777,risk_signal,Entity is connected to an elevated-risk payment flow.,0.7300,529
ME00000616,customer,C000000907,risk_signal,Entity is connected to an elevated-risk payment flow.,0.7300,566
ME00000617,merchant,M00003183,prior_fraud_pattern,Entity appears in a PaySim-style fraudulent transfer/cash-out chain.,0.9100,603
ME00000618,customer,C000005489,prior_fraud_pattern,Entity appears in a PaySim-style fraudulent transfer/cash-out chain.,0.9100,724
ME00000619,merchant,M00004700,risk_signal,Entity is connected to an elevated-risk payment flow.,0.7300,202
ME00000620,merchant,M00002702,risk_signal,Entity is connected to an elevated-risk payment flow.,0.7300,360
ME00000621,customer,C000017002,prior_fraud_pattern,Entity appears in a PaySim-style fraudulent transfer/cash-out chain.,0.9100,377
ME00000622,merchant,M00003405,risk_signal,Entity is connected to an elevated-risk payment flow.,0.7300,397
ME00000623,merchant,M00001407,risk_signal,Entity is connected to an elevated-risk payment flow.,0.7300,555
ME00000624,customer,C000003237,risk_signal,Entity is connected to an elevated-risk payment flow.,0.7300,592
ME00000625,merchant,M00002813,prior_fraud_pattern,Entity appears in a PaySim-style fraudulent transfer/cash-out chain.,0.9100,629
ME00000626,customer,C000007819,prior_fraud_pattern,Entity appears in a PaySim-style fraudulent transfer/cash-out chain.,0.9100,6
ME00000627,merchant,M00004330,risk_signal,Entity is connected to an elevated-risk payment flow.,0.7300,228
ME00000628,merchant,M00002332,risk_signal,Entity is connected to an elevated-risk payment flow.,0.7300,386
ME00000629,customer,C000019332,prior_fraud_pattern,Entity appears in a PaySim-style fraudulent transfer/cash-out chain.,0.9100,403
ME00000630,merchant,M00003035,risk_signal,Entity is connected to an elevated-risk payment flow.,0.7300,423
ME00000631,merchant,M00001037,risk_signal,Entity is connected to an elevated-risk payment flow.,0.7300,581
ME00000632,customer,C000005567,risk_signal,Entity is connected to an elevated-risk payment flow.,0.7300,618
ME00000633,merchant,M00002443,prior_fraud_pattern,Entity appears in a PaySim-style fraudulent transfer/cash-out chain.,0.9100,655
ME00000634,merchant,M00003960,risk_signal,Entity is connected to an elevated-risk payment flow.,0.7300,254
ME00000635,customer,C000017660,risk_signal,Entity is connected to an elevated-risk payment flow.,0.7300,291
ME00000636,merchant,M00001962,risk_signal,Entity is connected to an elevated-risk payment flow.,0.7300,412
ME00000637,customer,C000002242,risk_signal,Entity is connected to an elevated-risk payment flow.,0.7300,449
ME00000638,customer,C000005461,prior_fraud_pattern,Entity appears in a PaySim-style fraudulent transfer/cash-out chain.,0.9100,560
ME00000639,merchant,M00000667,risk_signal,Entity is connected to an elevated-risk payment flow.,0.7300,607
ME00000640,customer,C000007897,risk_signal,Entity is connected to an elevated-risk payment flow.,0.7300,644
ME00000641,merchant,M00002073,prior_fraud_pattern,Entity appears in a PaySim-style fraudulent transfer/cash-out chain.,0.9100,681
ME00000642,merchant,M00003590,risk_signal,Entity is connected to an elevated-risk payment flow.,0.7300,280
ME00000643,customer,C000019990,risk_signal,Entity is connected to an elevated-risk payment flow.,0.7300,317
ME00000644,merchant,M00001592,risk_signal,Entity is connected to an elevated-risk payment flow.,0.7300,438
ME00000645,customer,C000004572,risk_signal,Entity is connected to an elevated-risk payment flow.,0.7300,475
ME00000646,customer,C000007791,prior_fraud_pattern,Entity appears in a PaySim-style fraudulent transfer/cash-out chain.,0.9100,586
ME00000647,customer,C000009154,risk_signal,Entity is connected to an elevated-risk payment flow.,0.7300,633
ME00000648,merchant,M00001000,risk_signal,Entity is connected to an elevated-risk payment flow.,0.7300,670
ME00000649,merchant,M00001703,prior_fraud_pattern,Entity appears in a PaySim-style fraudulent transfer/cash-out chain.,0.9100,707
ME00000650,customer,C000000290,prior_fraud_pattern,Entity appears in a PaySim-style fraudulent transfer/cash-out chain.,0.9100,273
ME00000651,merchant,M00003220,risk_signal,Entity is connected to an elevated-risk payment flow.,0.7300,306
ME00000652,customer,C000002320,risk_signal,Entity is connected to an elevated-risk payment flow.,0.7300,343
ME00000653,merchant,M00001222,risk_signal,Entity is connected to an elevated-risk payment flow.,0.7300,464
ME00000654,customer,C000006902,risk_signal,Entity is connected to an elevated-risk payment flow.,0.7300,501
ME00000655,merchant,M00004034,prior_fraud_pattern,Entity appears in a PaySim-style fraudulent transfer/cash-out chain.,0.9100,612
ME00000656,merchant,M00000630,risk_signal,Entity is connected to an elevated-risk payment flow.,0.7300,696
ME00000657,customer,C000013630,prior_fraud_pattern,Entity appears in a PaySim-style fraudulent transfer/cash-out chain.,0.9100,733
ME00000658,customer,C000018995,risk_signal,Entity is connected to an elevated-risk payment flow.,0.7300,174
ME00000659,customer,C000002620,prior_fraud_pattern,Entity appears in a PaySim-style fraudulent transfer/cash-out chain.,0.9100,299
ME00000660,merchant,M00002850,risk_signal,Entity is connected to an elevated-risk payment flow.,0.7300,332
ME00000661,customer,C000004650,risk_signal,Entity is connected to an elevated-risk payment flow.,0.7300,369
ME00000662,merchant,M00000852,risk_signal,Entity is connected to an elevated-risk payment flow.,0.7300,490
ME00000663,customer,C000009232,risk_signal,Entity is connected to an elevated-risk payment flow.,0.7300,527
ME00000664,merchant,M00003664,prior_fraud_pattern,Entity appears in a PaySim-style fraudulent transfer/cash-out chain.,0.9100,638
ME00000665,merchant,M00000260,risk_signal,Entity is connected to an elevated-risk payment flow.,0.7300,722
ME00000666,customer,C000015960,prior_fraud_pattern,Entity appears in a PaySim-style fraudulent transfer/cash-out chain.,0.9100,15
ME00000667,customer,C000001325,risk_signal,Entity is connected to an elevated-risk payment flow.,0.7300,200
ME00000668,customer,C000005907,risk_signal,Entity is connected to an elevated-risk payment flow.,0.7300,358
ME00000669,merchant,M00003183,risk_signal,Entity is connected to an elevated-risk payment flow.,0.7300,395
ME00000670,customer,C000010489,risk_signal,Entity is connected to an elevated-risk payment flow.,0.7300,516
ME00000671,merchant,M00001185,risk_signal,Entity is connected to an elevated-risk payment flow.,0.7300,553
ME00000672,merchant,M00003294,prior_fraud_pattern,Entity appears in a PaySim-style fraudulent transfer/cash-out chain.,0.9100,664
ME00000673,customer,C000018290,prior_fraud_pattern,Entity appears in a PaySim-style fraudulent transfer/cash-out chain.,0.9100,41
ME00000674,customer,C000003655,risk_signal,Entity is connected to an elevated-risk payment flow.,0.7300,226
ME00000675,merchant,M00004811,risk_signal,Entity is connected to an elevated-risk payment flow.,0.7300,263
ME00000676,customer,C000008237,risk_signal,Entity is connected to an elevated-risk payment flow.,0.7300,384
ME00000677,merchant,M00002813,risk_signal,Entity is connected to an elevated-risk payment flow.,0.7300,421
ME00000678,customer,C000012819,risk_signal,Entity is connected to an elevated-risk payment flow.,0.7300,542
ME00000679,merchant,M00000815,risk_signal,Entity is connected to an elevated-risk payment flow.,0.7300,579
ME00000680,merchant,M00002924,prior_fraud_pattern,Entity appears in a PaySim-style fraudulent transfer/cash-out chain.,0.9100,690
ME00000681,customer,C000000620,prior_fraud_pattern,Entity appears in a PaySim-style fraudulent transfer/cash-out chain.,0.9100,67
ME00000682,customer,C000003578,prior_fraud_pattern,Entity appears in a PaySim-style fraudulent transfer/cash-out chain.,0.9100,169
ME00000683,customer,C000005985,risk_signal,Entity is connected to an elevated-risk payment flow.,0.7300,252
ME00000684,merchant,M00004441,risk_signal,Entity is connected to an elevated-risk payment flow.,0.7300,289
ME00000685,customer,C000010567,risk_signal,Entity is connected to an elevated-risk payment flow.,0.7300,410
ME00000686,merchant,M00002443,risk_signal,Entity is connected to an elevated-risk payment flow.,0.7300,447
ME00000687,merchant,M00000445,risk_signal,Entity is connected to an elevated-risk payment flow.,0.7300,605
ME00000688,merchant,M00002554,prior_fraud_pattern,Entity appears in a PaySim-style fraudulent transfer/cash-out chain.,0.9100,716
ME00000689,customer,C000002660,risk_signal,Entity is connected to an elevated-risk payment flow.,0.7300,83
ME00000690,customer,C000005908,prior_fraud_pattern,Entity appears in a PaySim-style fraudulent transfer/cash-out chain.,0.9100,195
ME00000691,merchant,M00003368,risk_signal,Entity is connected to an elevated-risk payment flow.,0.7300,278
ME00000692,merchant,M00004071,risk_signal,Entity is connected to an elevated-risk payment flow.,0.7300,315
ME00000693,customer,C000012897,risk_signal,Entity is connected to an elevated-risk payment flow.,0.7300,436
ME00000694,merchant,M00002073,risk_signal,Entity is connected to an elevated-risk payment flow.,0.7300,473
ME00000695,merchant,M00004885,risk_signal,Entity is connected to an elevated-risk payment flow.,0.7300,621
ME00000696,merchant,M00000075,risk_signal,Entity is connected to an elevated-risk payment flow.,0.7300,631
ME00000697,merchant,M00002184,prior_fraud_pattern,Entity appears in a PaySim-style fraudulent transfer/cash-out chain.,0.9100,742
ME00000698,customer,C000004990,risk_signal,Entity is connected to an elevated-risk payment flow.,0.7300,109
ME00000699,merchant,M00004996,risk_signal,Entity is connected to an elevated-risk payment flow.,0.7300,146
ME00000700,merchant,M00002998,risk_signal,Entity is connected to an elevated-risk payment flow.,0.7300,304
ME00000701,merchant,M00003701,risk_signal,Entity is connected to an elevated-risk payment flow.,0.7300,341
ME00000702,merchant,M00001000,risk_signal,Entity is connected to an elevated-risk payment flow.,0.7300,462
ME00000703,merchant,M00001703,risk_signal,Entity is connected to an elevated-risk payment flow.,0.7300,499
ME00000704,merchant,M00004515,risk_signal,Entity is connected to an elevated-risk payment flow.,0.7300,647
ME00000705,customer,C000004101,prior_fraud_pattern,Entity appears in a PaySim-style fraudulent transfer/cash-out chain.,0.9100,24
ME00000706,customer,C000007320,risk_signal,Entity is connected to an elevated-risk payment flow.,0.7300,135
ME00000707,merchant,M00004626,risk_signal,Entity is connected to an elevated-risk payment flow.,0.7300,172
ME00000708,merchant,M00002628,risk_signal,Entity is connected to an elevated-risk payment flow.,0.7300,330
ME00000709,customer,C000014048,risk_signal,Entity is connected to an elevated-risk payment flow.,0.7300,367
ME00000710,merchant,M00000630,risk_signal,Entity is connected to an elevated-risk payment flow.,0.7300,488
ME00000711,customer,C000018630,risk_signal,Entity is connected to an elevated-risk payment flow.,0.7300,525
ME00000712,merchant,M00004145,risk_signal,Entity is connected to an elevated-risk payment flow.,0.7300,673
ME00000713,customer,C000006431,prior_fraud_pattern,Entity appears in a PaySim-style fraudulent transfer/cash-out chain.,0.9100,50
ME00000714,customer,C000006866,prior_fraud_pattern,Entity appears in a PaySim-style fraudulent transfer/cash-out chain.,0.9100,65
ME00000715,customer,C000009650,risk_signal,Entity is connected to an elevated-risk payment flow.,0.7300,161
ME00000716,merchant,M00004256,risk_signal,Entity is connected to an elevated-risk payment flow.,0.7300,198
ME00000717,merchant,M00002258,risk_signal,Entity is connected to an elevated-risk payment flow.,0.7300,356
ME00000718,customer,C000016378,risk_signal,Entity is connected to an elevated-risk payment flow.,0.7300,393
ME00000719,merchant,M00000260,risk_signal,Entity is connected to an elevated-risk payment flow.,0.7300,514
ME00000720,customer,C000000960,risk_signal,Entity is connected to an elevated-risk payment flow.,0.7300,551
ME00000721,merchant,M00003775,risk_signal,Entity is connected to an elevated-risk payment flow.,0.7300,699
ME00000722,customer,C000008761,prior_fraud_pattern,Entity appears in a PaySim-style fraudulent transfer/cash-out chain.,0.9100,76
ME00000723,customer,C000009196,prior_fraud_pattern,Entity appears in a PaySim-style fraudulent transfer/cash-out chain.,0.9100,91
ME00000724,merchant,M00003183,risk_signal,Entity is connected to an elevated-risk payment flow.,0.7300,187
ME00000725,merchant,M00003886,risk_signal,Entity is connected to an elevated-risk payment flow.,0.7300,224
ME00000726,merchant,M00001888,risk_signal,Entity is connected to an elevated-risk payment flow.,0.7300,382
ME00000727,customer,C000018708,risk_signal,Entity is connected to an elevated-risk payment flow.,0.7300,419
ME00000728,customer,C000003290,risk_signal,Entity is connected to an elevated-risk payment flow.,0.7300,577
ME00000729,merchant,M00003405,risk_signal,Entity is connected to an elevated-risk payment flow.,0.7300,725
ME00000730,merchant,M00004811,risk_signal,Entity is connected to an elevated-risk payment flow.,0.7300,55
ME00000731,customer,C000011091,prior_fraud_pattern,Entity appears in a PaySim-style fraudulent transfer/cash-out chain.,0.9100,102
ME00000732,merchant,M00002813,risk_signal,Entity is connected to an elevated-risk payment flow.,0.7300,213
ME00000733,customer,C000015383,risk_signal,Entity is connected to an elevated-risk payment flow.,0.7300,250
ME00000734,merchant,M00001518,risk_signal,Entity is connected to an elevated-risk payment flow.,0.7300,408
ME00000735,customer,C000001038,risk_signal,Entity is connected to an elevated-risk payment flow.,0.7300,445
ME00000736,customer,C000005620,risk_signal,Entity is connected to an elevated-risk payment flow.,0.7300,603
ME00000737,merchant,M00003035,risk_signal,Entity is connected to an elevated-risk payment flow.,0.7300,7
ME00000738,merchant,M00004441,risk_signal,Entity is connected to an elevated-risk payment flow.,0.7300,81
ME00000739,merchant,M00000334,prior_fraud_pattern,Entity appears in a PaySim-style fraudulent transfer/cash-out chain.,0.9100,128
ME00000740,merchant,M00002443,risk_signal,Entity is connected to an elevated-risk payment flow.,0.7300,239
ME00000741,customer,C000017713,risk_signal,Entity is connected to an elevated-risk payment flow.,0.7300,276
ME00000742,customer,C000002295,risk_signal,Entity is connected to an elevated-risk payment flow.,0.7300,434
ME00000743,merchant,M00001851,risk_signal,Entity is connected to an elevated-risk payment flow.,0.7300,471
ME00000744,customer,C000010154,prior_fraud_pattern,Entity appears in a PaySim-style fraudulent transfer/cash-out chain.,0.9100,705
ME00000745,customer,C000012242,risk_signal,Entity is connected to an elevated-risk payment flow.,0.7300,33
ME00000746,merchant,M00004071,risk_signal,Entity is connected to an elevated-risk payment flow.,0.7300,107
ME00000747,customer,C000015461,risk_signal,Entity is connected to an elevated-risk payment flow.,0.7300,144
ME00000748,merchant,M00002073,risk_signal,Entity is connected to an elevated-risk payment flow.,0.7300,265
ME00000749,customer,C000000043,risk_signal,Entity is connected to an elevated-risk payment flow.,0.7300,302
ME00000750,customer,C000004625,risk_signal,Entity is connected to an elevated-risk payment flow.,0.7300,460
ME00000751,merchant,M00001481,risk_signal,Entity is connected to an elevated-risk payment flow.,0.7300,497
ME00000752,merchant,M00004996,risk_signal,Entity is connected to an elevated-risk payment flow.,0.7300,682
ME00000753,customer,C000014572,risk_signal,Entity is connected to an elevated-risk payment flow.,0.7300,59
ME00000754,merchant,M00003701,risk_signal,Entity is connected to an elevated-risk payment flow.,0.7300,133
ME00000755,customer,C000017791,risk_signal,Entity is connected to an elevated-risk payment flow.,0.7300,170
ME00000756,merchant,M00001703,risk_signal,Entity is connected to an elevated-risk payment flow.,0.7300,291
ME00000757,customer,C000002373,risk_signal,Entity is connected to an elevated-risk payment flow.,0.7300,328
ME00000758,customer,C000006955,risk_signal,Entity is connected to an elevated-risk payment flow.,0.7300,486
ME00000759,merchant,M00001111,risk_signal,Entity is connected to an elevated-risk payment flow.,0.7300,523
ME00000760,merchant,M00004626,risk_signal,Entity is connected to an elevated-risk payment flow.,0.7300,708
ME00000761,customer,C000016902,risk_signal,Entity is connected to an elevated-risk payment flow.,0.7300,85
ME00000762,customer,C000019048,risk_signal,Entity is connected to an elevated-risk payment flow.,0.7300,159
ME00000763,merchant,M00004034,risk_signal,Entity is connected to an elevated-risk payment flow.,0.7300,196
ME00000764,customer,C000003630,risk_signal,Entity is connected to an elevated-risk payment flow.,0.7300,317
ME00000765,merchant,M00002036,risk_signal,Entity is connected to an elevated-risk payment flow.,0.7300,354
ME00000766,customer,C000009285,risk_signal,Entity is connected to an elevated-risk payment flow.,0.7300,512
ME00000767,merchant,M00000741,risk_signal,Entity is connected to an elevated-risk payment flow.,0.7300,549
ME00000768,merchant,M00004256,risk_signal,Entity is connected to an elevated-risk payment flow.,0.7300,734
ME00000769,customer,C000016796,risk_signal,Entity is connected to an elevated-risk payment flow.,0.7300,27
ME00000770,customer,C000019232,risk_signal,Entity is connected to an elevated-risk payment flow.,0.7300,111
ME00000771,customer,C000001378,risk_signal,Entity is connected to an elevated-risk payment flow.,0.7300,185
ME00000772,merchant,M00003664,risk_signal,Entity is connected to an elevated-risk payment flow.,0.7300,222
ME00000773,customer,C000005960,risk_signal,Entity is connected to an elevated-risk payment flow.,0.7300,343
ME00000774,merchant,M00001666,risk_signal,Entity is connected to an elevated-risk payment flow.,0.7300,380
ME00000775,merchant,M00000371,risk_signal,Entity is connected to an elevated-risk payment flow.,0.7300,575
ME00000776,merchant,M00003886,risk_signal,Entity is connected to an elevated-risk payment flow.,0.7300,16
ME00000777,customer,C000019126,risk_signal,Entity is connected to an elevated-risk payment flow.,0.7300,53
ME00000778,merchant,M00001185,risk_signal,Entity is connected to an elevated-risk payment flow.,0.7300,137
ME00000779,customer,C000003708,risk_signal,Entity is connected to an elevated-risk payment flow.,0.7300,211
ME00000780,merchant,M00003294,risk_signal,Entity is connected to an elevated-risk payment flow.,0.7300,248
ME00000781,customer,C000008290,risk_signal,Entity is connected to an elevated-risk payment flow.,0.7300,369
ME00000782,merchant,M00001296,risk_signal,Entity is connected to an elevated-risk payment flow.,0.7300,406
ME00000783,merchant,M00000001,risk_signal,Entity is connected to an elevated-risk payment flow.,0.7300,601
ME00000784,customer,C000000383,risk_signal,Entity is connected to an elevated-risk payment flow.,0.7300,42
ME00000785,merchant,M00004219,risk_signal,Entity is connected to an elevated-risk payment flow.,0.7300,79
ME00000786,merchant,M00004922,risk_signal,Entity is connected to an elevated-risk payment flow.,0.7300,116
ME00000787,merchant,M00000815,risk_signal,Entity is connected to an elevated-risk payment flow.,0.7300,163
ME00000788,customer,C000006038,risk_signal,Entity is connected to an elevated-risk payment flow.,0.7300,237
ME00000789,merchant,M00002924,risk_signal,Entity is connected to an elevated-risk payment flow.,0.7300,274
ME00000790,customer,C000010620,risk_signal,Entity is connected to an elevated-risk payment flow.,0.7300,395
ME00000791,merchant,M00000926,risk_signal,Entity is connected to an elevated-risk payment flow.,0.7300,432
ME00000792,customer,C000002713,risk_signal,Entity is connected to an elevated-risk payment flow.,0.7300,68
ME00000793,merchant,M00003849,risk_signal,Entity is connected to an elevated-risk payment flow.,0.7300,105
ME00000794,merchant,M00004552,risk_signal,Entity is connected to an elevated-risk payment flow.,0.7300,142
ME00000795,merchant,M00000445,risk_signal,Entity is connected to an elevated-risk payment flow.,0.7300,189
ME00000796,merchant,M00001851,risk_signal,Entity is connected to an elevated-risk payment flow.,0.7300,263
ME00000797,merchant,M00002554,risk_signal,Entity is connected to an elevated-risk payment flow.,0.7300,300
ME00000798,merchant,M00000556,risk_signal,Entity is connected to an elevated-risk payment flow.,0.7300,458
ME00000799,customer,C000000461,risk_signal,Entity is connected to an elevated-risk payment flow.,0.7300,680
ME00000800,customer,C000005043,risk_signal,Entity is connected to an elevated-risk payment flow.,0.7300,94
ME00000801,merchant,M00003479,risk_signal,Entity is connected to an elevated-risk payment flow.,0.7300,131
ME00000802,customer,C000007189,risk_signal,Entity is connected to an elevated-risk payment flow.,0.7300,168
ME00000803,merchant,M00000075,risk_signal,Entity is connected to an elevated-risk payment flow.,0.7300,215
ME00000804,merchant,M00001481,risk_signal,Entity is connected to an elevated-risk payment flow.,0.7300,289
ME00000805,merchant,M00002184,risk_signal,Entity is connected to an elevated-risk payment flow.,0.7300,326
ME00000806,merchant,M00000186,risk_signal,Entity is connected to an elevated-risk payment flow.,0.7300,484
ME00000807,customer,C000002791,risk_signal,Entity is connected to an elevated-risk payment flow.,0.7300,706
ME00000808,customer,C000007373,risk_signal,Entity is connected to an elevated-risk payment flow.,0.7300,120
ME00000809,merchant,M00003109,risk_signal,Entity is connected to an elevated-risk payment flow.,0.7300,157
ME00000810,customer,C000009519,risk_signal,Entity is connected to an elevated-risk payment flow.,0.7300,194
ME00000811,merchant,M00001111,risk_signal,Entity is connected to an elevated-risk payment flow.,0.7300,315
ME00000812,customer,C000014101,risk_signal,Entity is connected to an elevated-risk payment flow.,0.7300,352
ME00000813,customer,C000016044,prior_fraud_pattern,Entity appears in a PaySim-style fraudulent transfer/cash-out chain.,0.9100,419
ME00000814,merchant,M00004034,risk_signal,Entity is connected to an elevated-risk payment flow.,0.7300,732
ME00000815,merchant,M00004737,prior_fraud_pattern,Entity appears in a PaySim-style fraudulent transfer/cash-out chain.,0.9100,25
ME00000816,merchant,M00002036,risk_signal,Entity is connected to an elevated-risk payment flow.,0.7300,146
ME00000817,merchant,M00002739,risk_signal,Entity is connected to an elevated-risk payment flow.,0.7300,183
ME00000818,customer,C000011849,risk_signal,Entity is connected to an elevated-risk payment flow.,0.7300,220
ME00000819,merchant,M00000741,risk_signal,Entity is connected to an elevated-risk payment flow.,0.7300,341
ME00000820,customer,C000016431,risk_signal,Entity is connected to an elevated-risk payment flow.,0.7300,378
ME00000821,merchant,M00003664,risk_signal,Entity is connected to an elevated-risk payment flow.,0.7300,14
ME00000822,merchant,M00004367,prior_fraud_pattern,Entity appears in a PaySim-style fraudulent transfer/cash-out chain.,0.9100,51
ME00000823,merchant,M00001666,risk_signal,Entity is connected to an elevated-risk payment flow.,0.7300,172
ME00000824,merchant,M00002369,risk_signal,Entity is connected to an elevated-risk payment flow.,0.7300,209
ME00000825,customer,C000014179,risk_signal,Entity is connected to an elevated-risk payment flow.,0.7300,246
ME00000826,merchant,M00000371,risk_signal,Entity is connected to an elevated-risk payment flow.,0.7300,367
ME00000827,customer,C000018761,risk_signal,Entity is connected to an elevated-risk payment flow.,0.7300,404
ME00000828,merchant,M00003294,risk_signal,Entity is connected to an elevated-risk payment flow.,0.7300,40
ME00000829,customer,C000010854,prior_fraud_pattern,Entity appears in a PaySim-style fraudulent transfer/cash-out chain.,0.9100,77
ME00000830,merchant,M00001296,risk_signal,Entity is connected to an elevated-risk payment flow.,0.7300,198
ME00000831,customer,C000015436,risk_signal,Entity is connected to an elevated-risk payment flow.,0.7300,235
ME00000832,merchant,M00002702,risk_signal,Entity is connected to an elevated-risk payment flow.,0.7300,272
ME00000833,customer,C000017002,prior_fraud_pattern,Entity appears in a PaySim-style fraudulent transfer/cash-out chain.,0.9100,289
ME00000834,merchant,M00000001,risk_signal,Entity is connected to an elevated-risk payment flow.,0.7300,393
ME00000835,customer,C000001091,risk_signal,Entity is connected to an elevated-risk payment flow.,0.7300,430
ME00000836,merchant,M00004922,risk_signal,Entity is connected to an elevated-risk payment flow.,0.7300,652
ME00000837,merchant,M00002924,risk_signal,Entity is connected to an elevated-risk payment flow.,0.7300,66
ME00000838,customer,C000013184,prior_fraud_pattern,Entity appears in a PaySim-style fraudulent transfer/cash-out chain.,0.9100,103
ME00000839,merchant,M00000926,risk_signal,Entity is connected to an elevated-risk payment flow.,0.7300,224
ME00000840,customer,C000017766,risk_signal,Entity is connected to an elevated-risk payment flow.,0.7300,261
ME00000841,merchant,M00002332,risk_signal,Entity is connected to an elevated-risk payment flow.,0.7300,298
ME00000842,customer,C000019332,prior_fraud_pattern,Entity appears in a PaySim-style fraudulent transfer/cash-out chain.,0.9100,315
ME00000843,merchant,M00000334,risk_signal,Entity is connected to an elevated-risk payment flow.,0.7300,456
ME00000844,merchant,M00004552,risk_signal,Entity is connected to an elevated-risk payment flow.,0.7300,678
ME00000845,merchant,M00002554,risk_signal,Entity is connected to an elevated-risk payment flow.,0.7300,92
ME00000846,customer,C000015514,prior_fraud_pattern,Entity appears in a PaySim-style fraudulent transfer/cash-out chain.,0.9100,129
ME00000847,merchant,M00000556,risk_signal,Entity is connected to an elevated-risk payment flow.,0.7300,250
ME00000848,customer,C000000096,risk_signal,Entity is connected to an elevated-risk payment flow.,0.7300,287
ME00000849,merchant,M00001962,risk_signal,Entity is connected to an elevated-risk payment flow.,0.7300,324
ME00000850,customer,C000012189,risk_signal,Entity is connected to an elevated-risk payment flow.,0.7300,704
ME00000851,merchant,M00004885,risk_signal,Entity is connected to an elevated-risk payment flow.,0.7300,741
ME00000852,merchant,M00002184,risk_signal,Entity is connected to an elevated-risk payment flow.,0.7300,118
ME00000853,customer,C000017844,prior_fraud_pattern,Entity appears in a PaySim-style fraudulent transfer/cash-out chain.,0.9100,155
ME00000854,merchant,M00000186,risk_signal,Entity is connected to an elevated-risk payment flow.,0.7300,276
ME00000855,customer,C000002426,risk_signal,Entity is connected to an elevated-risk payment flow.,0.7300,313
ME00000856,merchant,M00001592,risk_signal,Entity is connected to an elevated-risk payment flow.,0.7300,350
ME00000857,customer,C000014519,risk_signal,Entity is connected to an elevated-risk payment flow.,0.7300,730
ME00000858,merchant,M00004515,risk_signal,Entity is connected to an elevated-risk payment flow.,0.7300,23
ME00000859,customer,C000019101,risk_signal,Entity is connected to an elevated-risk payment flow.,0.7300,144
ME00000860,merchant,M00002517,prior_fraud_pattern,Entity appears in a PaySim-style fraudulent transfer/cash-out chain.,0.9100,181
ME00000861,customer,C000000290,prior_fraud_pattern,Entity appears in a PaySim-style fraudulent transfer/cash-out chain.,0.9100,185
ME00000862,merchant,M00000519,risk_signal,Entity is connected to an elevated-risk payment flow.,0.7300,339
ME00000863,merchant,M00001222,risk_signal,Entity is connected to an elevated-risk payment flow.,0.7300,376
ME00000864,merchant,M00004737,risk_signal,Entity is connected to an elevated-risk payment flow.,0.7300,561
ME00000865,customer,C000016849,risk_signal,Entity is connected to an elevated-risk payment flow.,0.7300,12
ME00000866,merchant,M00004145,risk_signal,Entity is connected to an elevated-risk payment flow.,0.7300,49
ME00000867,customer,C000018995,prior_fraud_pattern,Entity appears in a PaySim-style fraudulent transfer/cash-out chain.,0.9100,86
ME00000868,customer,C000001431,risk_signal,Entity is connected to an elevated-risk payment flow.,0.7300,170
ME00000869,merchant,M00002147,prior_fraud_pattern,Entity appears in a PaySim-style fraudulent transfer/cash-out chain.,0.9100,207
ME00000870,customer,C000002620,prior_fraud_pattern,Entity appears in a PaySim-style fraudulent transfer/cash-out chain.,0.9100,211
ME00000871,merchant,M00000149,risk_signal,Entity is connected to an elevated-risk payment flow.,0.7300,365
ME00000872,merchant,M00000852,risk_signal,Entity is connected to an elevated-risk payment flow.,0.7300,402
ME00000873,merchant,M00004367,risk_signal,Entity is connected to an elevated-risk payment flow.,0.7300,587
ME00000874,customer,C000019179,risk_signal,Entity is connected to an elevated-risk payment flow.,0.7300,38
ME00000875,merchant,M00003775,risk_signal,Entity is connected to an elevated-risk payment flow.,0.7300,75
ME00000876,customer,C000001325,prior_fraud_pattern,Entity appears in a PaySim-style fraudulent transfer/cash-out chain.,0.9100,112
ME00000877,customer,C000003761,risk_signal,Entity is connected to an elevated-risk payment flow.,0.7300,196
ME00000878,merchant,M00001777,prior_fraud_pattern,Entity appears in a PaySim-style fraudulent transfer/cash-out chain.,0.9100,233
ME00000879,customer,C000010489,risk_signal,Entity is connected to an elevated-risk payment flow.,0.7300,428
ME00000880,customer,C000015854,risk_signal,Entity is connected to an elevated-risk payment flow.,0.7300,613
ME00000881,merchant,M00004700,risk_signal,Entity is connected to an elevated-risk payment flow.,0.7300,650
ME00000882,merchant,M00002702,risk_signal,Entity is connected to an elevated-risk payment flow.,0.7300,64
ME00000883,merchant,M00003405,risk_signal,Entity is connected to an elevated-risk payment flow.,0.7300,101
ME00000884,customer,C000003655,prior_fraud_pattern,Entity appears in a PaySim-style fraudulent transfer/cash-out chain.,0.9100,138
ME00000885,customer,C000006091,risk_signal,Entity is connected to an elevated-risk payment flow.,0.7300,222
ME00000886,merchant,M00001407,prior_fraud_pattern,Entity appears in a PaySim-style fraudulent transfer/cash-out chain.,0.9100,259
ME00000887,customer,C000012819,risk_signal,Entity is connected to an elevated-risk payment flow.,0.7300,454
ME00000888,customer,C000018184,risk_signal,Entity is connected to an elevated-risk payment flow.,0.7300,639
ME00000889,merchant,M00004330,risk_signal,Entity is connected to an elevated-risk payment flow.,0.7300,676
ME00000890,customer,C000003578,prior_fraud_pattern,Entity appears in a PaySim-style fraudulent transfer/cash-out chain.,0.9100,81
ME00000891,merchant,M00002332,risk_signal,Entity is connected to an elevated-risk payment flow.,0.7300,90
ME00000892,merchant,M00003035,risk_signal,Entity is connected to an elevated-risk payment flow.,0.7300,127
ME00000893,customer,C000005985,prior_fraud_pattern,Entity appears in a PaySim-style fraudulent transfer/cash-out chain.,0.9100,164
ME00000894,merchant,M00000334,risk_signal,Entity is connected to an elevated-risk payment flow.,0.7300,248
ME00000895,merchant,M00001037,prior_fraud_pattern,Entity appears in a PaySim-style fraudulent transfer/cash-out chain.,0.9100,285
ME00000896,customer,C000000514,risk_signal,Entity is connected to an elevated-risk payment flow.,0.7300,665
ME00000897,merchant,M00003960,risk_signal,Entity is connected to an elevated-risk payment flow.,0.7300,702
ME00000898,customer,C000005908,prior_fraud_pattern,Entity appears in a PaySim-style fraudulent transfer/cash-out chain.,0.9100,107
ME00000899,merchant,M00001962,risk_signal,Entity is connected to an elevated-risk payment flow.,0.7300,116
ME00000900,customer,C000007242,risk_signal,Entity is connected to an elevated-risk payment flow.,0.7300,153
ME00000901,merchant,M00003368,prior_fraud_pattern,Entity appears in a PaySim-style fraudulent transfer/cash-out chain.,0.9100,190
ME00000902,merchant,M00000667,prior_fraud_pattern,Entity appears in a PaySim-style fraudulent transfer/cash-out chain.,0.9100,311
ME00000903,merchant,M00004885,risk_signal,Entity is connected to an elevated-risk payment flow.,0.7300,533
ME00000904,customer,C000002844,risk_signal,Entity is connected to an elevated-risk payment flow.,0.7300,691
ME00000905,merchant,M00003590,risk_signal,Entity is connected to an elevated-risk payment flow.,0.7300,728
ME00000906,merchant,M00001592,risk_signal,Entity is connected to an elevated-risk payment flow.,0.7300,142
ME00000907,customer,C000009572,risk_signal,Entity is connected to an elevated-risk payment flow.,0.7300,179
ME00000908,merchant,M00002998,prior_fraud_pattern,Entity appears in a PaySim-style fraudulent transfer/cash-out chain.,0.9100,216
ME00000909,customer,C000014154,prior_fraud_pattern,Entity appears in a PaySim-style fraudulent transfer/cash-out chain.,0.9100,337
ME00000910,merchant,M00004515,risk_signal,Entity is connected to an elevated-risk payment flow.,0.7300,559
ME00000911,merchant,M00002517,risk_signal,Entity is connected to an elevated-risk payment flow.,0.7300,717
ME00000912,merchant,M00003220,risk_signal,Entity is connected to an elevated-risk payment flow.,0.7300,10
ME00000913,merchant,M00001222,risk_signal,Entity is connected to an elevated-risk payment flow.,0.7300,168
ME00000914,customer,C000011902,risk_signal,Entity is connected to an elevated-risk payment flow.,0.7300,205
ME00000915,merchant,M00002628,prior_fraud_pattern,Entity appears in a PaySim-style fraudulent transfer/cash-out chain.,0.9100,242
ME00000916,merchant,M00004145,risk_signal,Entity is connected to an elevated-risk payment flow.,0.7300,585
ME00000917,customer,C000003995,risk_signal,Entity is connected to an elevated-risk payment flow.,0.7300,622
ME00000918,customer,C000006866,prior_fraud_pattern,Entity appears in a PaySim-style fraudulent transfer/cash-out chain.,0.9100,721
ME00000919,merchant,M00002147,risk_signal,Entity is connected to an elevated-risk payment flow.,0.7300,743
ME00000920,merchant,M00002850,risk_signal,Entity is connected to an elevated-risk payment flow.,0.7300,36
ME00000921,customer,C000011796,prior_fraud_pattern,Entity appears in a PaySim-style fraudulent transfer/cash-out chain.,0.9100,147
ME00000922,merchant,M00000852,risk_signal,Entity is connected to an elevated-risk payment flow.,0.7300,194
ME00000923,customer,C000014232,risk_signal,Entity is connected to an elevated-risk payment flow.,0.7300,231
ME00000924,merchant,M00002258,prior_fraud_pattern,Entity appears in a PaySim-style fraudulent transfer/cash-out chain.,0.9100,268
ME00000925,merchant,M00003775,risk_signal,Entity is connected to an elevated-risk payment flow.,0.7300,611
ME00000926,customer,C000006325,risk_signal,Entity is connected to an elevated-risk payment flow.,0.7300,648
ME00000927,customer,C000009196,prior_fraud_pattern,Entity appears in a PaySim-style fraudulent transfer/cash-out chain.,0.9100,3
ME00000928,merchant,M00001777,risk_signal,Entity is connected to an elevated-risk payment flow.,0.7300,25
ME00000929,customer,C000010907,risk_signal,Entity is connected to an elevated-risk payment flow.,0.7300,62
ME00000930,customer,C000014126,prior_fraud_pattern,Entity appears in a PaySim-style fraudulent transfer/cash-out chain.,0.9100,173
ME00000931,customer,C000015489,risk_signal,Entity is connected to an elevated-risk payment flow.,0.7300,220
ME00000932,merchant,M00001185,risk_signal,Entity is connected to an elevated-risk payment flow.,0.7300,257
ME00000933,merchant,M00001888,prior_fraud_pattern,Entity appears in a PaySim-style fraudulent transfer/cash-out chain.,0.9100,294
ME00000934,merchant,M00003405,risk_signal,Entity is connected to an elevated-risk payment flow.,0.7300,637
ME00000935,customer,C000008655,risk_signal,Entity is connected to an elevated-risk payment flow.,0.7300,674
ME00000936,merchant,M00001407,risk_signal,Entity is connected to an elevated-risk payment flow.,0.7300,51
ME00000937,customer,C000013237,risk_signal,Entity is connected to an elevated-risk payment flow.,0.7300,88
ME00000938,merchant,M00004219,prior_fraud_pattern,Entity appears in a PaySim-style fraudulent transfer/cash-out chain.,0.9100,199
ME00000939,customer,C000017819,risk_signal,Entity is connected to an elevated-risk payment flow.,0.7300,246
ME00000940,merchant,M00000815,risk_signal,Entity is connected to an elevated-risk payment flow.,0.7300,283
ME00000941,merchant,M00001518,prior_fraud_pattern,Entity appears in a PaySim-style fraudulent transfer/cash-out chain.,0.9100,320
ME00000942,merchant,M00003035,risk_signal,Entity is connected to an elevated-risk payment flow.,0.7300,663
ME00000943,customer,C000010985,risk_signal,Entity is connected to an elevated-risk payment flow.,0.7300,700
ME00000944,merchant,M00001037,risk_signal,Entity is connected to an elevated-risk payment flow.,0.7300,77
ME00000945,customer,C000015567,risk_signal,Entity is connected to an elevated-risk payment flow.,0.7300,114
ME00000946,merchant,M00003849,prior_fraud_pattern,Entity appears in a PaySim-style fraudulent transfer/cash-out chain.,0.9100,225
ME00000947,merchant,M00000445,risk_signal,Entity is connected to an elevated-risk payment flow.,0.7300,309
ME00000948,customer,C000002295,prior_fraud_pattern,Entity appears in a PaySim-style fraudulent transfer/cash-out chain.,0.9100,346
ME00000949,customer,C000007660,risk_signal,Entity is connected to an elevated-risk payment flow.,0.7300,531
ME00000950,customer,C000010154,prior_fraud_pattern,Entity appears in a PaySim-style fraudulent transfer/cash-out chain.,0.9100,617
ME00000951,customer,C000012242,risk_signal,Entity is connected to an elevated-risk payment flow.,0.7300,689
ME00000952,merchant,M00003368,risk_signal,Entity is connected to an elevated-risk payment flow.,0.7300,726
ME00000953,merchant,M00000667,risk_signal,Entity is connected to an elevated-risk payment flow.,0.7300,103
ME00000954,customer,C000017897,risk_signal,Entity is connected to an elevated-risk payment flow.,0.7300,140
ME00000955,merchant,M00003479,prior_fraud_pattern,Entity appears in a PaySim-style fraudulent transfer/cash-out chain.,0.9100,251
ME00000956,merchant,M00000075,risk_signal,Entity is connected to an elevated-risk payment flow.,0.7300,335
ME00000957,customer,C000004625,prior_fraud_pattern,Entity appears in a PaySim-style fraudulent transfer/cash-out chain.,0.9100,372
ME00000958,customer,C000009990,risk_signal,Entity is connected to an elevated-risk payment flow.,0.7300,557
ME00000959,merchant,M00004996,risk_signal,Entity is connected to an elevated-risk payment flow.,0.7300,594
ME00000960,customer,C000014572,risk_signal,Entity is connected to an elevated-risk payment flow.,0.7300,715
ME00000961,merchant,M00002998,risk_signal,Entity is connected to an elevated-risk payment flow.,0.7300,8
ME00000962,customer,C000019154,risk_signal,Entity is connected to an elevated-risk payment flow.,0.7300,129
ME00000963,merchant,M00001000,risk_signal,Entity is connected to an elevated-risk payment flow.,0.7300,166
ME00000964,merchant,M00003109,prior_fraud_pattern,Entity appears in a PaySim-style fraudulent transfer/cash-out chain.,0.9100,277
ME00000965,customer,C000006955,prior_fraud_pattern,Entity appears in a PaySim-style fraudulent transfer/cash-out chain.,0.9100,398
ME00000966,customer,C000012320,risk_signal,Entity is connected to an elevated-risk payment flow.,0.7300,583
ME00000967,merchant,M00004626,risk_signal,Entity is connected to an elevated-risk payment flow.,0.7300,620
ME00000968,customer,C000016902,risk_signal,Entity is connected to an elevated-risk payment flow.,0.7300,741
ME00000969,merchant,M00002628,risk_signal,Entity is connected to an elevated-risk payment flow.,0.7300,34
ME00000970,merchant,M00000630,risk_signal,Entity is connected to an elevated-risk payment flow.,0.7300,192
ME00000971,merchant,M00002739,prior_fraud_pattern,Entity appears in a PaySim-style fraudulent transfer/cash-out chain.,0.9100,303
ME00000972,customer,C000008995,risk_signal,Entity is connected to an elevated-risk payment flow.,0.7300,414
ME00000973,customer,C000009285,prior_fraud_pattern,Entity appears in a PaySim-style fraudulent transfer/cash-out chain.,0.9100,424
ME00000974,customer,C000014650,risk_signal,Entity is connected to an elevated-risk payment flow.,0.7300,609
ME00000975,merchant,M00004256,risk_signal,Entity is connected to an elevated-risk payment flow.,0.7300,646
ME00000976,customer,C000019232,risk_signal,Entity is connected to an elevated-risk payment flow.,0.7300,23
ME00000977,merchant,M00002258,risk_signal,Entity is connected to an elevated-risk payment flow.,0.7300,60
ME00000978,merchant,M00000260,risk_signal,Entity is connected to an elevated-risk payment flow.,0.7300,218
ME00000979,merchant,M00002369,prior_fraud_pattern,Entity appears in a PaySim-style fraudulent transfer/cash-out chain.,0.9100,329
ME00000980,customer,C000011325,risk_signal,Entity is connected to an elevated-risk payment flow.,0.7300,440
ME00000981,merchant,M00003183,risk_signal,Entity is connected to an elevated-risk payment flow.,0.7300,635
ME00000982,merchant,M00003886,risk_signal,Entity is connected to an elevated-risk payment flow.,0.7300,672
ME00000983,merchant,M00001185,risk_signal,Entity is connected to an elevated-risk payment flow.,0.7300,49
ME00000984,merchant,M00001888,risk_signal,Entity is connected to an elevated-risk payment flow.,0.7300,86
ME00000985,merchant,M00004700,risk_signal,Entity is connected to an elevated-risk payment flow.,0.7300,234
ME00000986,customer,C000010436,prior_fraud_pattern,Entity appears in a PaySim-style fraudulent transfer/cash-out chain.,0.9100,355
ME00000987,customer,C000013655,risk_signal,Entity is connected to an elevated-risk payment flow.,0.7300,466
ME00000988,merchant,M00004811,risk_signal,Entity is connected to an elevated-risk payment flow.,0.7300,503
ME00000989,merchant,M00002813,risk_signal,Entity is connected to an elevated-risk payment flow.,0.7300,661
ME00000990,customer,C000000383,risk_signal,Entity is connected to an elevated-risk payment flow.,0.7300,698
ME00000991,merchant,M00000815,risk_signal,Entity is connected to an elevated-risk payment flow.,0.7300,75
ME00000992,merchant,M00001518,risk_signal,Entity is connected to an elevated-risk payment flow.,0.7300,112
ME00000993,merchant,M00004330,risk_signal,Entity is connected to an elevated-risk payment flow.,0.7300,260
ME00000994,customer,C000012766,prior_fraud_pattern,Entity appears in a PaySim-style fraudulent transfer/cash-out chain.,0.9100,381
ME00000995,customer,C000015985,risk_signal,Entity is connected to an elevated-risk payment flow.,0.7300,492
ME00000996,merchant,M00004441,risk_signal,Entity is connected to an elevated-risk payment flow.,0.7300,529
ME00000997,merchant,M00002443,risk_signal,Entity is connected to an elevated-risk payment flow.,0.7300,687
ME00000998,customer,C000002713,risk_signal,Entity is connected to an elevated-risk payment flow.,0.7300,724
ME00000999,merchant,M00000445,risk_signal,Entity is connected to an elevated-risk payment flow.,0.7300,101
ME00001000,customer,C000007295,risk_signal,Entity is connected to an elevated-risk payment flow.,0.7300,138
ME00001001,merchant,M00003960,risk_signal,Entity is connected to an elevated-risk payment flow.,0.7300,286
ME00001002,customer,C000015096,prior_fraud_pattern,Entity appears in a PaySim-style fraudulent transfer/cash-out chain.,0.9100,407
ME00001003,merchant,M00003368,risk_signal,Entity is connected to an elevated-risk payment flow.,0.7300,518
ME00001004,merchant,M00004071,risk_signal,Entity is connected to an elevated-risk payment flow.,0.7300,555
ME00001005,merchant,M00002073,risk_signal,Entity is connected to an elevated-risk payment flow.,0.7300,713
ME00001006,customer,C000005043,risk_signal,Entity is connected to an elevated-risk payment flow.,0.7300,6
ME00001007,merchant,M00000075,risk_signal,Entity is connected to an elevated-risk payment flow.,0.7300,127
ME00001008,customer,C000009625,risk_signal,Entity is connected to an elevated-risk payment flow.,0.7300,164
ME00001009,merchant,M00003590,risk_signal,Entity is connected to an elevated-risk payment flow.,0.7300,312
ME00001010,merchant,M00004996,risk_signal,Entity is connected to an elevated-risk payment flow.,0.7300,386
ME00001011,customer,C000017426,prior_fraud_pattern,Entity appears in a PaySim-style fraudulent transfer/cash-out chain.,0.9100,433
ME00001012,merchant,M00002998,risk_signal,Entity is connected to an elevated-risk payment flow.,0.7300,544
ME00001013,merchant,M00003701,risk_signal,Entity is connected to an elevated-risk payment flow.,0.7300,581
ME00001014,merchant,M00001703,risk_signal,Entity is connected to an elevated-risk payment flow.,0.7300,739
ME00001015,customer,C000007373,risk_signal,Entity is connected to an elevated-risk payment flow.,0.7300,32
ME00001016,customer,C000011955,risk_signal,Entity is connected to an elevated-risk payment flow.,0.7300,190
ME00001017,customer,C000016044,prior_fraud_pattern,Entity appears in a PaySim-style fraudulent transfer/cash-out chain.,0.9100,331
ME00001018,merchant,M00003220,risk_signal,Entity is connected to an elevated-risk payment flow.,0.7300,338
ME00001019,merchant,M00004626,risk_signal,Entity is connected to an elevated-risk payment flow.,0.7300,412
ME00001020,merchant,M00000519,prior_fraud_pattern,Entity appears in a PaySim-style fraudulent transfer/cash-out chain.,0.9100,459
ME00001021,merchant,M00002628,risk_signal,Entity is connected to an elevated-risk payment flow.,0.7300,570
ME00001022,customer,C000004048,risk_signal,Entity is connected to an elevated-risk payment flow.,0.7300,607
ME00001023,customer,C000008630,risk_signal,Entity is connected to an elevated-risk payment flow.,0.7300,21
ME00001024,merchant,M00002036,risk_signal,Entity is connected to an elevated-risk payment flow.,0.7300,58
ME00001025,customer,C000014285,risk_signal,Entity is connected to an elevated-risk payment flow.,0.7300,216
ME00001026,merchant,M00002850,risk_signal,Entity is connected to an elevated-risk payment flow.,0.7300,364
ME00001027,merchant,M00004256,risk_signal,Entity is connected to an elevated-risk payment flow.,0.7300,438
ME00001028,customer,C000001796,risk_signal,Entity is connected to an elevated-risk payment flow.,0.7300,475
ME00001029,merchant,M00000149,prior_fraud_pattern,Entity appears in a PaySim-style fraudulent transfer/cash-out chain.,0.9100,485
ME00001030,merchant,M00002258,risk_signal,Entity is connected to an elevated-risk payment flow.,0.7300,596
ME00001031,customer,C000006378,risk_signal,Entity is connected to an elevated-risk payment flow.,0.7300,633
ME00001032,customer,C000010960,risk_signal,Entity is connected to an elevated-risk payment flow.,0.7300,47
ME00001033,merchant,M00001666,risk_signal,Entity is connected to an elevated-risk payment flow.,0.7300,84
ME00001034,customer,C000000907,risk_signal,Entity is connected to an elevated-risk payment flow.,0.7300,390
ME00001035,merchant,M00003886,risk_signal,Entity is connected to an elevated-risk payment flow.,0.7300,464
ME00001036,customer,C000004126,risk_signal,Entity is connected to an elevated-risk payment flow.,0.7300,501
ME00001037,merchant,M00001888,risk_signal,Entity is connected to an elevated-risk payment flow.,0.7300,622
ME00001038,customer,C000008708,risk_signal,Entity is connected to an elevated-risk payment flow.,0.7300,659
ME00001039,customer,C000013290,risk_signal,Entity is connected to an elevated-risk payment flow.,0.7300,73
ME00001040,merchant,M00001296,risk_signal,Entity is connected to an elevated-risk payment flow.,0.7300,110
ME00001041,customer,C000017002,prior_fraud_pattern,Entity appears in a PaySim-style fraudulent transfer/cash-out chain.,0.9100,201
ME00001042,merchant,M00004811,risk_signal,Entity is connected to an elevated-risk payment flow.,0.7300,295
