case_id,source,target,edge_type,risk
RC00000001,C000000001,D00000001,uses_device,64
RC00000001,D00000001,A00000001,linked_payout_account,70
RC00000001,A00000001,M00000001,pays_to,88
RC00000002,C000000482,D00003590,uses_device,64
RC00000002,D00003590,A00001592,linked_payout_account,70
RC00000002,A00001592,C000001091,pays_to,88
RC00000003,C000000963,D00007179,uses_device,64
RC00000003,D00007179,A00003183,linked_payout_account,70
RC00000003,A00003183,M00001407,pays_to,88
RC00000004,C000003368,D00025124,uses_device,64
RC00000004,D00025124,A00011138,linked_payout_account,70
RC00000004,A00011138,M00004922,pays_to,88
RC00000005,C000005903,D00044039,uses_device,64
RC00000005,D00044039,A00007523,linked_payout_account,70
RC00000005,A00007523,C000013184,pays_to,88
RC00000006,C000006384,D00047628,uses_device,64
RC00000006,D00047628,A00009114,linked_payout_account,70
RC00000006,A00009114,M00004330,pays_to,88
RC00000007,C000007957,D00009365,uses_device,64
RC00000007,D00009365,A00002317,linked_payout_account,70
RC00000007,A00002317,C000017766,pays_to,88
RC00000008,C000008438,D00012954,uses_device,90
RC00000008,D00012954,A00003908,linked_payout_account,92
RC00000008,A00003908,M00002332,pays_to,88
RC00000009,C000008659,D00014603,uses_device,90
RC00000009,D00014603,A00004639,linked_payout_account,92
RC00000009,A00004639,C000019332,pays_to,62
RC00000010,C000010492,D00028280,uses_device,64
RC00000010,D00028280,A00010702,linked_payout_account,70
RC00000010,A00010702,M00000334,pays_to,88
RC00000011,C000010973,D00031869,uses_device,64
RC00000011,D00031869,A00000293,linked_payout_account,70
RC00000011,A00000293,M00001037,pays_to,88
RC00000012,C000013378,D00049814,uses_device,64
RC00000012,D00049814,A00008248,linked_payout_account,70
RC00000012,A00008248,M00004552,pays_to,88
RC00000013,C000015913,D00018729,uses_device,64
RC00000013,D00018729,A00004633,linked_payout_account,70
RC00000013,A00004633,C000015514,pays_to,88
RC00000014,C000016394,D00022318,uses_device,64
RC00000014,D00022318,A00006224,linked_payout_account,70
RC00000014,A00006224,M00003960,pays_to,88
RC00000015,C000016875,D00025907,uses_device,90
RC00000015,D00025907,A00007815,linked_payout_account,92
RC00000015,A00007815,C000017660,pays_to,88
RC00000016,C000017967,D00034055,uses_device,64
RC00000016,D00034055,A00011427,linked_payout_account,70
RC00000016,A00011427,C000000096,pays_to,88
RC00000017,C000018448,D00037644,uses_device,90
RC00000017,D00037644,A00001018,linked_payout_account,92
RC00000017,A00001018,M00001962,pays_to,88
RC00000018,C000000983,D00006559,uses_device,64
RC00000018,D00006559,A00009403,linked_payout_account,70
RC00000018,A00009403,M00000667,pays_to,88
RC00000019,C000003388,D00024504,uses_device,64
RC00000019,D00024504,A00005358,linked_payout_account,70
RC00000019,A00005358,C000012189,pays_to,88
RC00000020,C000003869,D00028093,uses_device,64
RC00000020,D00028093,A00006949,linked_payout_account,70
RC00000020,A00006949,M00004885,pays_to,88
RC00000021,C000005923,D00043419,uses_device,64
RC00000021,D00043419,A00001743,linked_payout_account,70
RC00000021,A00001743,C000017844,pays_to,88
RC00000022,C000006404,D00047008,uses_device,64
RC00000022,D00047008,A00003334,linked_payout_account,70
RC00000022,A00003334,M00003590,pays_to,88
RC00000023,C000006885,D00000597,uses_device,90
RC00000023,D00000597,A00004925,linked_payout_account,92
RC00000023,A00004925,C000019990,pays_to,88
RC00000024,C000007977,D00008745,uses_device,64
RC00000024,D00008745,A00008537,linked_payout_account,70
RC00000024,A00008537,C000002426,pays_to,88
RC00000025,C000008458,D00012334,uses_device,90
RC00000025,D00012334,A00010128,linked_payout_account,92
RC00000025,A00010128,M00001592,pays_to,88
RC00000026,C000010993,D00031249,uses_device,64
RC00000026,D00031249,A00006513,linked_payout_account,70
RC00000026,A00006513,C000009154,pays_to,88
RC00000027,C000013398,D00049194,uses_device,64
RC00000027,D00049194,A00002468,linked_payout_account,70
RC00000027,A00002468,C000014519,pays_to,88
RC00000028,C000013879,D00002783,uses_device,64
RC00000028,D00002783,A00004059,linked_payout_account,70
RC00000028,A00004059,M00004515,pays_to,88
RC00000029,C000015933,D00018109,uses_device,64
RC00000029,D00018109,A00010853,linked_payout_account,70
RC00000029,A00010853,M00002517,pays_to,88
RC00000030,C000015985,D00018497,uses_device,90
RC00000030,D00018497,A00011025,linked_payout_account,92
RC00000030,A00011025,C000000290,pays_to,62
RC00000031,C000016414,D00021698,uses_device,64
RC00000031,D00021698,A00000444,linked_payout_account,70
RC00000031,A00000444,M00003220,pays_to,88
RC00000032,C000016895,D00025287,uses_device,90
RC00000032,D00025287,A00002035,linked_payout_account,92
RC00000032,A00002035,C000002320,pays_to,88
RC00000033,C000017987,D00033435,uses_device,64
RC00000033,D00033435,A00005647,linked_payout_account,70
RC00000033,A00005647,M00000519,pays_to,88
RC00000034,C000018468,D00037024,uses_device,90
RC00000034,D00037024,A00007238,linked_payout_account,92
RC00000034,A00007238,M00001222,pays_to,88
RC00000035,C000003408,D00023884,uses_device,64
RC00000035,D00023884,A00011578,linked_payout_account,70
RC00000035,A00011578,C000016849,pays_to,88
RC00000036,C000003889,D00027473,uses_device,64
RC00000036,D00027473,A00001169,linked_payout_account,70
RC00000036,A00001169,M00004145,pays_to,88
RC00000037,C000005943,D00042799,uses_device,64
RC00000037,D00042799,A00007963,linked_payout_account,70
RC00000037,A00007963,M00002147,pays_to,88
RC00000038,C000005995,D00043187,uses_device,90
RC00000038,D00043187,A00008135,linked_payout_account,92
RC00000038,A00008135,C000002620,pays_to,62
RC00000039,C000006424,D00046388,uses_device,64
RC00000039,D00046388,A00009554,linked_payout_account,70
RC00000039,A00009554,M00002850,pays_to,88
RC00000040,C000006905,D00049977,uses_device,90
RC00000040,D00049977,A00011145,linked_payout_account,92
RC00000040,A00011145,C000004650,pays_to,88
RC00000041,C000007997,D00008125,uses_device,64
RC00000041,D00008125,A00002757,linked_payout_account,70
RC00000041,A00002757,M00000149,pays_to,88
RC00000042,C000008478,D00011714,uses_device,90
RC00000042,D00011714,A00004348,linked_payout_account,92
RC00000042,A00004348,M00000852,pays_to,88
RC00000043,C000013418,D00048574,uses_device,64
RC00000043,D00048574,A00008688,linked_payout_account,70
RC00000043,A00008688,C000019179,pays_to,88
RC00000044,C000013899,D00002163,uses_device,64
RC00000044,D00002163,A00010279,linked_payout_account,70
RC00000044,A00010279,M00003775,pays_to,88
RC00000045,C000015953,D00017489,uses_device,64
RC00000045,D00017489,A00005073,linked_payout_account,70
RC00000045,A00005073,M00001777,pays_to,88
RC00000046,C000016434,D00021078,uses_device,64
RC00000046,D00021078,A00006664,linked_payout_account,70
RC00000046,A00006664,C000005907,pays_to,88
RC00000047,C000016915,D00024667,uses_device,90
RC00000047,D00024667,A00008255,linked_payout_account,92
RC00000047,A00008255,M00003183,pays_to,88
RC00000048,C000018488,D00036404,uses_device,90
RC00000048,D00036404,A00001458,linked_payout_account,92
RC00000048,A00001458,C000010489,pays_to,88
RC00000049,C000001374,D00007938,uses_device,64
RC00000049,D00007938,A00011004,linked_payout_account,70
RC00000049,A00011004,M00004700,pays_to,88
RC00000050,C000003428,D00023264,uses_device,64
RC00000050,D00023264,A00005798,linked_payout_account,70
RC00000050,A00005798,M00002702,pays_to,88
RC00000051,C000003909,D00026853,uses_device,64
RC00000051,D00026853,A00007389,linked_payout_account,70
RC00000051,A00007389,M00003405,pays_to,88
RC00000052,C000005963,D00042179,uses_device,64
RC00000052,D00042179,A00002183,linked_payout_account,70
RC00000052,A00002183,M00001407,pays_to,88
RC00000053,C000006444,D00045768,uses_device,64
RC00000053,D00045768,A00003774,linked_payout_account,70
RC00000053,A00003774,C000008237,pays_to,88
RC00000054,C000006925,D00049357,uses_device,90
RC00000054,D00049357,A00005365,linked_payout_account,92
RC00000054,A00005365,M00002813,pays_to,88
RC00000055,C000008498,D00011094,uses_device,90
RC00000055,D00011094,A00010568,linked_payout_account,92
RC00000055,A00010568,C000012819,pays_to,88
RC00000056,C000011384,D00032628,uses_device,64
RC00000056,D00032628,A00008114,linked_payout_account,70
RC00000056,A00008114,M00004330,pays_to,88
RC00000057,C000013321,D00047081,uses_device,90
RC00000057,D00047081,A00002521,linked_payout_account,92
RC00000057,A00002521,C000003578,pays_to,62
RC00000058,C000013438,D00047954,uses_device,64
RC00000058,D00047954,A00002908,linked_payout_account,70
RC00000058,A00002908,M00002332,pays_to,88
RC00000059,C000013919,D00001543,uses_device,64
RC00000059,D00001543,A00004499,linked_payout_account,70
RC00000059,A00004499,M00003035,pays_to,88
RC00000060,C000015973,D00016869,uses_device,64
RC00000060,D00016869,A00011293,linked_payout_account,70
RC00000060,A00011293,M00001037,pays_to,88
RC00000061,C000016454,D00020458,uses_device,64
RC00000061,D00020458,A00000884,linked_payout_account,70
RC00000061,A00000884,C000010567,pays_to,88
RC00000062,C000016935,D00024047,uses_device,90
RC00000062,D00024047,A00002475,linked_payout_account,92
RC00000062,A00002475,M00002443,pays_to,88
RC00000063,C000001394,D00007318,uses_device,64
RC00000063,D00007318,A00005224,linked_payout_account,70
RC00000063,A00005224,M00003960,pays_to,88
RC00000064,C000001875,D00010907,uses_device,64
RC00000064,D00010907,A00006815,linked_payout_account,70
RC00000064,A00006815,C000002660,pays_to,88
RC00000065,C000003331,D00021771,uses_device,90
RC00000065,D00021771,A00011631,linked_payout_account,92
RC00000065,A00011631,C000005908,pays_to,62
RC00000066,C000003448,D00022644,uses_device,64
RC00000066,D00022644,A00000018,linked_payout_account,70
RC00000066,A00000018,M00001962,pays_to,88
RC00000067,C000003929,D00026233,uses_device,64
RC00000067,D00026233,A00001609,linked_payout_account,70
RC00000067,A00001609,C000007242,pays_to,88
RC00000068,C000005372,D00037000,uses_device,90
RC00000068,D00037000,A00006382,linked_payout_account,92
RC00000068,A00006382,C000010461,pays_to,88
RC00000069,C000005983,D00041559,uses_device,64
RC00000069,D00041559,A00008403,linked_payout_account,70
RC00000069,A00008403,M00000667,pays_to,88
RC00000070,C000006464,D00045148,uses_device,64
RC00000070,D00045148,A00009994,linked_payout_account,70
RC00000070,A00009994,C000012897,pays_to,88
RC00000071,C000006945,D00048737,uses_device,90
RC00000071,D00048737,A00011585,linked_payout_account,92
RC00000071,A00011585,M00002073,pays_to,88
RC00000072,C000011404,D00032008,uses_device,64
RC00000072,D00032008,A00002334,linked_payout_account,70
RC00000072,A00002334,M00003590,pays_to,88
RC00000073,C000011885,D00035597,uses_device,64
RC00000073,D00035597,A00003925,linked_payout_account,70
RC00000073,A00003925,C000004990,pays_to,88
RC00000074,C000013458,D00047334,uses_device,64
RC00000074,D00047334,A00009128,linked_payout_account,70
RC00000074,A00009128,M00001592,pays_to,88
RC00000075,C000013939,D00000923,uses_device,64
RC00000075,D00000923,A00010719,linked_payout_account,70
RC00000075,A00010719,C000009572,pays_to,88
RC00000076,C000015382,D00011690,uses_device,90
RC00000076,D00011690,A00003492,linked_payout_account,92
RC00000076,A00003492,C000012791,pays_to,88
RC00000077,C000015993,D00016249,uses_device,64
RC00000077,D00016249,A00005513,linked_payout_account,70
RC00000077,A00005513,C000014154,pays_to,88
RC00000078,C000016474,D00019838,uses_device,64
RC00000078,D00019838,A00007104,linked_payout_account,70
RC00000078,A00007104,M00001000,pays_to,88
RC00000079,C000016955,D00023427,uses_device,90
RC00000079,D00023427,A00008695,linked_payout_account,92
RC00000079,A00008695,M00001703,pays_to,88
RC00000080,C000001414,D00006698,uses_device,64
RC00000080,D00006698,A00011444,linked_payout_account,70
RC00000080,A00011444,M00003220,pays_to,88
RC00000081,C000001895,D00010287,uses_device,64
RC00000081,D00010287,A00001035,linked_payout_account,70
RC00000081,A00001035,C000007320,pays_to,88
RC00000082,C000003468,D00022024,uses_device,64
RC00000082,D00022024,A00006238,linked_payout_account,70
RC00000082,A00006238,M00001222,pays_to,88
RC00000083,C000003949,D00025613,uses_device,64
RC00000083,D00025613,A00007829,linked_payout_account,70
RC00000083,A00007829,C000011902,pays_to,88
RC00000084,C000005392,D00036380,uses_device,90
RC00000084,D00036380,A00000602,linked_payout_account,92
RC00000084,A00000602,M00004034,pays_to,88
RC00000085,C000006484,D00044528,uses_device,64
RC00000085,D00044528,A00004214,linked_payout_account,70
RC00000085,A00004214,M00000630,pays_to,88
RC00000086,C000006965,D00048117,uses_device,90
RC00000086,D00048117,A00005805,linked_payout_account,92
RC00000086,A00005805,C000018630,pays_to,88
RC00000087,C000009370,D00016062,uses_device,64
RC00000087,D00016062,A00001760,linked_payout_account,70
RC00000087,A00001760,C000003995,pays_to,88
RC00000088,C000010657,D00025665,uses_device,90
RC00000088,D00025665,A00006017,linked_payout_account,92
RC00000088,A00006017,C000006866,pays_to,62
RC00000089,C000011424,D00031388,uses_device,64
RC00000089,D00031388,A00008554,linked_payout_account,70
RC00000089,A00008554,M00002850,pays_to,88
RC00000090,C000011905,D00034977,uses_device,64
RC00000090,D00034977,A00010145,linked_payout_account,70
RC00000090,A00010145,C000009650,pays_to,88
RC00000091,C000013478,D00046714,uses_device,64
RC00000091,D00046714,A00003348,linked_payout_account,70
RC00000091,A00003348,M00000852,pays_to,88
RC00000092,C000013959,D00000303,uses_device,64
RC00000092,D00000303,A00004939,linked_payout_account,70
RC00000092,A00004939,C000014232,pays_to,88
RC00000093,C000015402,D00011070,uses_device,90
RC00000093,D00011070,A00009712,linked_payout_account,92
RC00000093,A00009712,M00003664,pays_to,88
RC00000094,C000016494,D00019218,uses_device,64
RC00000094,D00019218,A00001324,linked_payout_account,70
RC00000094,A00001324,M00000260,pays_to,88
RC00000095,C000016975,D00022807,uses_device,90
RC00000095,D00022807,A00002915,linked_payout_account,92
RC00000095,A00002915,C000000960,pays_to,88
RC00000096,C000019380,D00040752,uses_device,64
RC00000096,D00040752,A00010870,linked_payout_account,70
RC00000096,A00010870,C000006325,pays_to,88
RC00000097,C000000667,D00000355,uses_device,90
RC00000097,D00000355,A00003127,linked_payout_account,92
RC00000097,A00003127,C000009196,pays_to,62
RC00000098,C000001434,D00006078,uses_device,64
RC00000098,D00006078,A00005664,linked_payout_account,70
RC00000098,A00005664,C000010907,pays_to,88
RC00000099,C000001915,D00009667,uses_device,64
RC00000099,D00009667,A00007255,linked_payout_account,70
RC00000099,A00007255,M00003183,pays_to,88
RC00000100,C000003488,D00021404,uses_device,64
RC00000100,D00021404,A00000458,linked_payout_account,70
RC00000100,A00000458,C000015489,pays_to,88
RC00000101,C000003969,D00024993,uses_device,64
RC00000101,D00024993,A00002049,linked_payout_account,70
RC00000101,A00002049,M00001185,pays_to,88
RC00000102,C000005412,D00035760,uses_device,90
RC00000102,D00035760,A00006822,linked_payout_account,92
RC00000102,A00006822,M00003294,pays_to,88
RC00000103,C000006985,D00047497,uses_device,90
RC00000103,D00047497,A00000025,linked_payout_account,92
RC00000103,A00000025,C000003290,pays_to,88
RC00000104,C000009390,D00015442,uses_device,64
RC00000104,D00015442,A00007980,linked_payout_account,70
RC00000104,A00007980,C000008655,pays_to,88
RC00000105,C000009871,D00019031,uses_device,64
RC00000105,D00019031,A00009571,linked_payout_account,70
RC00000105,A00009571,M00004811,pays_to,88
RC00000106,C000011444,D00030768,uses_device,64
RC00000106,D00030768,A00002774,linked_payout_account,70
RC00000106,A00002774,C000013237,pays_to,88
RC00000107,C000011925,D00034357,uses_device,64
RC00000107,D00034357,A00004365,linked_payout_account,70
RC00000107,A00004365,M00002813,pays_to,88
RC00000108,C000013498,D00046094,uses_device,64
RC00000108,D00046094,A00009568,linked_payout_account,70
RC00000108,A00009568,C000017819,pays_to,88
RC00000109,C000013979,D00049683,uses_device,64
RC00000109,D00049683,A00011159,linked_payout_account,70
RC00000109,A00011159,M00000815,pays_to,88
RC00000110,C000015422,D00010450,uses_device,90
RC00000110,D00010450,A00003932,linked_payout_account,92
RC00000110,A00003932,M00002924,pays_to,88
RC00000111,C000016995,D00022187,uses_device,90
RC00000111,D00022187,A00009135,linked_payout_account,92
RC00000111,A00009135,C000005620,pays_to,88
RC00000112,C000019400,D00040132,uses_device,64
RC00000112,D00040132,A00005090,linked_payout_account,70
RC00000112,A00005090,C000010985,pays_to,88
RC00000113,C000019881,D00043721,uses_device,64
RC00000113,D00043721,A00006681,linked_payout_account,70
RC00000113,A00006681,M00004441,pays_to,88
RC00000114,C000001454,D00005458,uses_device,64
RC00000114,D00005458,A00011884,linked_payout_account,70
RC00000114,A00011884,C000015567,pays_to,88
RC00000115,C000001935,D00009047,uses_device,64
RC00000115,D00009047,A00001475,linked_payout_account,70
RC00000115,A00001475,M00002443,pays_to,88
RC00000116,C000003989,D00024373,uses_device,64
RC00000116,D00024373,A00008269,linked_payout_account,70
RC00000116,A00008269,M00000445,pays_to,88
RC00000117,C000005432,D00035140,uses_device,90
RC00000117,D00035140,A00001042,linked_payout_account,92
RC00000117,A00001042,M00002554,pays_to,88
RC00000118,C000006875,D00045907,uses_device,64
RC00000118,D00045907,A00005815,linked_payout_account,70
RC00000118,A00005815,C000007660,pays_to,88
RC00000119,C000007993,D00004249,uses_device,90
RC00000119,D00004249,A00009513,linked_payout_account,92
RC00000119,A00009513,C000010154,pays_to,62
RC00000120,C000009410,D00014822,uses_device,64
RC00000120,D00014822,A00002200,linked_payout_account,70
RC00000120,A00002200,M00003368,pays_to,88
RC00000121,C000009891,D00018411,uses_device,64
RC00000121,D00018411,A00003791,linked_payout_account,70
RC00000121,A00003791,M00004071,pays_to,88
RC00000122,C000011464,D00030148,uses_device,64
RC00000122,D00030148,A00008994,linked_payout_account,70
RC00000122,A00008994,C000017897,pays_to,88
RC00000123,C000011945,D00033737,uses_device,64
RC00000123,D00033737,A00010585,linked_payout_account,70
RC00000123,A00010585,M00002073,pays_to,88
RC00000124,C000013869,D00048093,uses_device,64
RC00000124,D00048093,A00004949,linked_payout_account,70
RC00000124,A00004949,M00004885,pays_to,88
RC00000125,C000013999,D00049063,uses_device,64
RC00000125,D00049063,A00005379,linked_payout_account,70
RC00000125,A00005379,M00000075,pays_to,88
RC00000126,C000015442,D00009830,uses_device,90
RC00000126,D00009830,A00010152,linked_payout_account,92
RC00000126,A00010152,M00002184,pays_to,88
RC00000127,C000016885,D00020597,uses_device,64
RC00000127,D00020597,A00002925,linked_payout_account,70
RC00000127,A00002925,C000009990,pays_to,88
RC00000128,C000017366,D00024186,uses_device,64
RC00000128,D00024186,A00004516,linked_payout_account,70
RC00000128,A00004516,M00004996,pays_to,88
RC00000129,C000019420,D00039512,uses_device,64
RC00000129,D00039512,A00011310,linked_payout_account,70
RC00000129,A00011310,M00002998,pays_to,88
RC00000130,C000019901,D00043101,uses_device,64
RC00000130,D00043101,A00000901,linked_payout_account,70
RC00000130,A00000901,M00003701,pays_to,88
RC00000131,C000001474,D00004838,uses_device,64
RC00000131,D00004838,A00006104,linked_payout_account,70
RC00000131,A00006104,M00001000,pays_to,88
RC00000132,C000001955,D00008427,uses_device,64
RC00000132,D00008427,A00007695,linked_payout_account,70
RC00000132,A00007695,M00001703,pays_to,88
RC00000133,C000003879,D00022783,uses_device,64
RC00000133,D00022783,A00002059,linked_payout_account,70
RC00000133,A00002059,M00004515,pays_to,88
RC00000134,C000005452,D00034520,uses_device,90
RC00000134,D00034520,A00007262,linked_payout_account,92
RC00000134,A00007262,C000009101,pays_to,88
RC00000135,C000006895,D00045287,uses_device,64
RC00000135,D00045287,A00000035,linked_payout_account,70
RC00000135,A00000035,C000012320,pays_to,88
RC00000136,C000007376,D00048876,uses_device,64
RC00000136,D00048876,A00001626,linked_payout_account,70
RC00000136,A00001626,M00004626,pays_to,88
RC00000137,C000009430,D00014202,uses_device,64
RC00000137,D00014202,A00008420,linked_payout_account,70
RC00000137,A00008420,M00002628,pays_to,88
RC00000138,C000009911,D00017791,uses_device,64
RC00000138,D00017791,A00010011,linked_payout_account,70
RC00000138,A00010011,C000019048,pays_to,88
RC00000139,C000011484,D00029528,uses_device,64
RC00000139,D00029528,A00003214,linked_payout_account,70
RC00000139,A00003214,M00000630,pays_to,88
RC00000140,C000011965,D00033117,uses_device,64
RC00000140,D00033117,A00004805,linked_payout_account,70
RC00000140,A00004805,C000003630,pays_to,88
RC00000141,C000013889,D00047473,uses_device,64
RC00000141,D00047473,A00011169,linked_payout_account,70
RC00000141,A00011169,M00004145,pays_to,88
RC00000142,C000015462,D00009210,uses_device,90
RC00000142,D00009210,A00004372,linked_payout_account,92
RC00000142,A00004372,C000011431,pays_to,88
RC00000143,C000016905,D00019977,uses_device,64
RC00000143,D00019977,A00009145,linked_payout_account,70
RC00000143,A00009145,C000014650,pays_to,88
RC00000144,C000017386,D00023566,uses_device,64
RC00000144,D00023566,A00010736,linked_payout_account,70
RC00000144,A00010736,M00004256,pays_to,88
RC00000145,C000019440,D00038892,uses_device,64
RC00000145,D00038892,A00005530,linked_payout_account,70
RC00000145,A00005530,M00002258,pays_to,88
RC00000146,C000019921,D00042481,uses_device,64
RC00000146,D00042481,A00007121,linked_payout_account,70
RC00000146,A00007121,C000001378,pays_to,88
RC00000147,C000001494,D00004218,uses_device,64
RC00000147,D00004218,A00000324,linked_payout_account,70
RC00000147,A00000324,M00000260,pays_to,88
RC00000148,C000001975,D00007807,uses_device,64
RC00000148,D00007807,A00001915,linked_payout_account,70
RC00000148,A00001915,C000005960,pays_to,88
RC00000149,C000003899,D00022163,uses_device,64
RC00000149,D00022163,A00008279,linked_payout_account,70
RC00000149,A00008279,M00003775,pays_to,88
RC00000150,C000005472,D00033900,uses_device,90
RC00000150,D00033900,A00001482,linked_payout_account,92
RC00000150,A00001482,C000013761,pays_to,88
RC00000151,C000006915,D00044667,uses_device,64
RC00000151,D00044667,A00006255,linked_payout_account,70
RC00000151,A00006255,M00003183,pays_to,88
RC00000152,C000007396,D00048256,uses_device,64
RC00000152,D00048256,A00007846,linked_payout_account,70
RC00000152,A00007846,M00003886,pays_to,88
RC00000153,C000009450,D00013582,uses_device,64
RC00000153,D00013582,A00002640,linked_payout_account,70
RC00000153,A00002640,M00001888,pays_to,88
RC00000154,C000009931,D00017171,uses_device,64
RC00000154,D00017171,A00004231,linked_payout_account,70
RC00000154,A00004231,C000003708,pays_to,88
RC00000155,C000011985,D00032497,uses_device,64
RC00000155,D00032497,A00011025,linked_payout_account,70
RC00000155,A00011025,C000008290,pays_to,88
RC00000156,C000013909,D00046853,uses_device,64
RC00000156,D00046853,A00005389,linked_payout_account,70
RC00000156,A00005389,M00003405,pays_to,88
RC00000157,C000014871,D00004031,uses_device,64
RC00000157,D00004031,A00008571,linked_payout_account,70
RC00000157,A00008571,M00004811,pays_to,88
RC00000158,C000015482,D00008590,uses_device,90
RC00000158,D00008590,A00010592,linked_payout_account,92
RC00000158,A00010592,C000016091,pays_to,88
RC00000159,C000016925,D00019357,uses_device,64
RC00000159,D00019357,A00003365,linked_payout_account,70
RC00000159,A00003365,M00002813,pays_to,88
RC00000160,C000017406,D00022946,uses_device,64
RC00000160,D00022946,A00004956,linked_payout_account,70
RC00000160,A00004956,C000000383,pays_to,88
RC00000161,C000019460,D00038272,uses_device,64
RC00000161,D00038272,A00011750,linked_payout_account,70
RC00000161,A00011750,M00001518,pays_to,88
RC00000162,C000019941,D00041861,uses_device,64
RC00000162,D00041861,A00001341,linked_payout_account,70
RC00000162,A00001341,C000006038,pays_to,88
RC00000163,C000001995,D00007187,uses_device,64
RC00000163,D00007187,A00008135,linked_payout_account,70
RC00000163,A00008135,C000010620,pays_to,88
RC00000164,C000003919,D00021543,uses_device,64
RC00000164,D00021543,A00002499,linked_payout_account,70
RC00000164,A00002499,M00003035,pays_to,88
RC00000165,C000004881,D00028721,uses_device,64
RC00000165,D00028721,A00005681,linked_payout_account,70
RC00000165,A00005681,M00004441,pays_to,88
RC00000166,C000005492,D00033280,uses_device,90
RC00000166,D00033280,A00007702,linked_payout_account,92
RC00000166,A00007702,M00000334,pays_to,88
RC00000167,C000006935,D00044047,uses_device,64
RC00000167,D00044047,A00000475,linked_payout_account,70
RC00000167,A00000475,M00002443,pays_to,88
RC00000168,C000007416,D00047636,uses_device,64
RC00000168,D00047636,A00002066,linked_payout_account,70
RC00000168,A00002066,C000002713,pays_to,88
RC00000169,C000009470,D00012962,uses_device,64
RC00000169,D00012962,A00008860,linked_payout_account,70
RC00000169,A00008860,C000007295,pays_to,88
RC00000170,C000009951,D00016551,uses_device,64
RC00000170,D00016551,A00010451,linked_payout_account,70
RC00000170,A00010451,M00001851,pays_to,88
RC00000171,C000013929,D00046233,uses_device,64
RC00000171,D00046233,A00011609,linked_payout_account,70
RC00000171,A00011609,C000017242,pays_to,88
RC00000172,C000014891,D00003411,uses_device,64
RC00000172,D00003411,A00002791,linked_payout_account,70
RC00000172,A00002791,M00004071,pays_to,88
RC00000173,C000015372,D00007000,uses_device,64
RC00000173,D00007000,A00004382,linked_payout_account,70
RC00000173,A00004382,C000000461,pays_to,88
RC00000174,C000016945,D00018737,uses_device,64
RC00000174,D00018737,A00009585,linked_payout_account,70
RC00000174,A00009585,M00002073,pays_to,88
RC00000175,C000017426,D00022326,uses_device,64
RC00000175,D00022326,A00011176,linked_payout_account,70
RC00000175,A00011176,C000005043,pays_to,88
RC00000176,C000019480,D00037652,uses_device,64
RC00000176,D00037652,A00005970,linked_payout_account,70
RC00000176,A00005970,C000009625,pays_to,88
RC00000177,C000019961,D00041241,uses_device,64
RC00000177,D00041241,A00007561,linked_payout_account,70
RC00000177,A00007561,M00001481,pays_to,88
RC00000178,C000002366,D00009186,uses_device,64
RC00000178,D00009186,A00003516,linked_payout_account,70
RC00000178,A00003516,M00004996,pays_to,88
RC00000179,C000003939,D00020923,uses_device,64
RC00000179,D00020923,A00008719,linked_payout_account,70
RC00000179,A00008719,C000019572,pays_to,88
RC00000180,C000004901,D00028101,uses_device,64
RC00000180,D00028101,A00011901,linked_payout_account,70
RC00000180,A00011901,M00003701,pays_to,88
RC00000181,C000005382,D00031690,uses_device,64
RC00000181,D00031690,A00001492,linked_payout_account,70
RC00000181,A00001492,C000002791,pays_to,88
RC00000182,C000006955,D00043427,uses_device,64
RC00000182,D00043427,A00006695,linked_payout_account,70
RC00000182,A00006695,M00001703,pays_to,88
RC00000183,C000007436,D00047016,uses_device,64
RC00000183,D00047016,A00008286,linked_payout_account,70
RC00000183,A00008286,C000007373,pays_to,88
RC00000184,C000009490,D00012342,uses_device,64
RC00000184,D00012342,A00003080,linked_payout_account,70
RC00000184,A00003080,C000011955,pays_to,88
RC00000185,C000009971,D00015931,uses_device,64
RC00000185,D00015931,A00004671,linked_payout_account,70
RC00000185,A00004671,M00001111,pays_to,88
RC00000186,C000011323,D00026019,uses_device,90
RC00000186,D00026019,A00009143,linked_payout_account,92
RC00000186,A00009143,C000016044,pays_to,62
RC00000187,C000012376,D00033876,uses_device,64
RC00000187,D00033876,A00000626,linked_payout_account,70
RC00000187,A00000626,M00004626,pays_to,88
RC00000188,C000013949,D00045613,uses_device,64
RC00000188,D00045613,A00005829,linked_payout_account,70
RC00000188,A00005829,C000001902,pays_to,88
RC00000189,C000014911,D00002791,uses_device,64
RC00000189,D00002791,A00009011,linked_payout_account,70
RC00000189,A00009011,C000004048,pays_to,88
RC00000190,C000015392,D00006380,uses_device,64
RC00000190,D00006380,A00010602,linked_payout_account,70
RC00000190,A00010602,M00004034,pays_to,88
RC00000191,C000016965,D00018117,uses_device,64
RC00000191,D00018117,A00003805,linked_payout_account,70
RC00000191,A00003805,C000008630,pays_to,88
RC00000192,C000017446,D00021706,uses_device,64
RC00000192,D00021706,A00005396,linked_payout_account,70
RC00000192,A00005396,M00002036,pays_to,88
RC00000193,C000019500,D00037032,uses_device,64
RC00000193,D00037032,A00000190,linked_payout_account,70
RC00000193,A00000190,C000014285,pays_to,88
RC00000194,C000019981,D00040621,uses_device,64
RC00000194,D00040621,A00001781,linked_payout_account,70
RC00000194,A00001781,M00000741,pays_to,88
RC00000195,C000002386,D00008566,uses_device,64
RC00000195,D00008566,A00009736,linked_payout_account,70
RC00000195,A00009736,M00004256,pays_to,88
RC00000196,C000002867,D00012155,uses_device,64
RC00000196,D00012155,A00011327,linked_payout_account,70
RC00000196,A00011327,C000001796,pays_to,88
RC00000197,C000003959,D00020303,uses_device,64
RC00000197,D00020303,A00002939,linked_payout_account,70
RC00000197,A00002939,C000004232,pays_to,88
RC00000198,C000004921,D00027481,uses_device,64
RC00000198,D00027481,A00006121,linked_payout_account,70
RC00000198,A00006121,C000006378,pays_to,88
RC00000199,C000005402,D00031070,uses_device,64
RC00000199,D00031070,A00007712,linked_payout_account,70
RC00000199,A00007712,M00003664,pays_to,88
RC00000200,C000006975,D00042807,uses_device,64
RC00000200,D00042807,A00000915,linked_payout_account,70
RC00000200,A00000915,C000010960,pays_to,88
RC00000201,C000007456,D00046396,uses_device,64
RC00000201,D00046396,A00002506,linked_payout_account,70
RC00000201,A00002506,M00001666,pays_to,88
RC00000202,C000009991,D00015311,uses_device,64
RC00000202,D00015311,A00010891,linked_payout_account,70
RC00000202,A00010891,M00000371,pays_to,88
RC00000203,C000012396,D00033256,uses_device,64
RC00000203,D00033256,A00006846,linked_payout_account,70
RC00000203,A00006846,M00003886,pays_to,88
RC00000204,C000012877,D00036845,uses_device,64
RC00000204,D00036845,A00008437,linked_payout_account,70
RC00000204,A00008437,C000004126,pays_to,88
RC00000205,C000013969,D00044993,uses_device,64
RC00000205,D00044993,A00000049,linked_payout_account,70
RC00000205,A00000049,M00001185,pays_to,88
RC00000206,C000014931,D00002171,uses_device,64
RC00000206,D00002171,A00003231,linked_payout_account,70
RC00000206,A00003231,C000008708,pays_to,88
RC00000207,C000015412,D00005760,uses_device,64
RC00000207,D00005760,A00004822,linked_payout_account,70
RC00000207,A00004822,M00003294,pays_to,88
RC00000208,C000016985,D00017497,uses_device,64
RC00000208,D00017497,A00010025,linked_payout_account,70
RC00000208,A00010025,C000013290,pays_to,88
RC00000209,C000017466,D00021086,uses_device,64
RC00000209,D00021086,A00011616,linked_payout_account,70
RC00000209,A00011616,M00001296,pays_to,88
RC00000210,C000018649,D00029913,uses_device,90
RC00000210,D00029913,A00003529,linked_payout_account,92
RC00000210,A00003529,C000017002,pays_to,62
RC00000211,C000000001,D00040001,uses_device,64
RC00000211,D00040001,A00008001,linked_payout_account,70
RC00000211,A00008001,M00000001,pays_to,88
RC00000212,C000002406,D00007946,uses_device,64
RC00000212,D00007946,A00003956,linked_payout_account,70
RC00000212,A00003956,C000005383,pays_to,88
RC00000213,C000002887,D00011535,uses_device,64
RC00000213,D00011535,A00005547,linked_payout_account,70
RC00000213,A00005547,M00004219,pays_to,88
RC00000214,C000003368,D00015124,uses_device,64
RC00000214,D00015124,A00007138,linked_payout_account,70
RC00000214,A00007138,M00004922,pays_to,88
RC00000215,C000003979,D00019683,uses_device,64
RC00000215,D00019683,A00009159,linked_payout_account,70
RC00000215,A00009159,M00000815,pays_to,88
RC00000216,C000004941,D00026861,uses_device,64
RC00000216,D00026861,A00000341,linked_payout_account,70
RC00000216,A00000341,C000011038,pays_to,88
RC00000217,C000005422,D00030450,uses_device,64
RC00000217,D00030450,A00001932,linked_payout_account,70
RC00000217,A00001932,M00002924,pays_to,88
RC00000218,C000006995,D00042187,uses_device,64
RC00000218,D00042187,A00007135,linked_payout_account,70
RC00000218,A00007135,C000015620,pays_to,88
RC00000219,C000007476,D00045776,uses_device,64
RC00000219,D00045776,A00008726,linked_payout_account,70
RC00000219,A00008726,M00000926,pays_to,88
RC00000220,C000008659,D00004603,uses_device,90
RC00000220,D00004603,A00000639,linked_payout_account,92
RC00000220,A00000639,C000019332,pays_to,62
RC00000221,C000012416,D00032636,uses_device,64
RC00000221,D00032636,A00001066,linked_payout_account,70
RC00000221,A00001066,C000007713,pays_to,88
RC00000222,C000012897,D00036225,uses_device,64
RC00000222,D00036225,A00002657,linked_payout_account,70
RC00000222,A00002657,M00003849,pays_to,88
RC00000223,C000013378,D00039814,uses_device,64
RC00000223,D00039814,A00004248,linked_payout_account,70
RC00000223,A00004248,M00004552,pays_to,88
RC00000224,C000013989,D00044373,uses_device,64
RC00000224,D00044373,A00006269,linked_payout_account,70
RC00000224,A00006269,M00000445,pays_to,88
RC00000225,C000014951,D00001551,uses_device,64
RC00000225,D00001551,A00009451,linked_payout_account,70
RC00000225,A00009451,M00001851,pays_to,88
RC00000226,C000015432,D00005140,uses_device,64
RC00000226,D00005140,A00011042,linked_payout_account,70
RC00000226,A00011042,M00002554,pays_to,88
RC00000227,C000017486,D00020466,uses_device,64
RC00000227,D00020466,A00005836,linked_payout_account,70
RC00000227,A00005836,M00000556,pays_to,88
RC00000228,C000000372,D00042000,uses_device,64
RC00000228,D00042000,A00003382,linked_payout_account,70
RC00000228,A00003382,C000005461,pays_to,88
RC00000229,C000002426,D00007326,uses_device,64
RC00000229,D00007326,A00010176,linked_payout_account,70
RC00000229,A00010176,C000010043,pays_to,88
RC00000230,C000002907,D00010915,uses_device,64
RC00000230,D00010915,A00011767,linked_payout_account,70
RC00000230,A00011767,M00003479,pays_to,88
RC00000231,C000003388,D00014504,uses_device,64
RC00000231,D00014504,A00001358,linked_payout_account,70
RC00000231,A00001358,C000012189,pays_to,88
RC00000232,C000003999,D00019063,uses_device,64
RC00000232,D00019063,A00003379,linked_payout_account,70
RC00000232,A00003379,M00000075,pays_to,88
RC00000233,C000004961,D00026241,uses_device,64
RC00000233,D00026241,A00006561,linked_payout_account,70
RC00000233,A00006561,M00001481,pays_to,88
RC00000234,C000005442,D00029830,uses_device,64
RC00000234,D00029830,A00008152,linked_payout_account,70
RC00000234,A00008152,M00002184,pays_to,88
RC00000235,C000007496,D00045156,uses_device,64
RC00000235,D00045156,A00002946,linked_payout_account,70
RC00000235,A00002946,M00000186,pays_to,88
RC00000236,C000010382,D00016690,uses_device,64
RC00000236,D00016690,A00000492,linked_payout_account,70
RC00000236,A00000492,C000007791,pays_to,88
RC00000237,C000012436,D00032016,uses_device,64
RC00000237,D00032016,A00007286,linked_payout_account,70
RC00000237,A00007286,C000012373,pays_to,88
RC00000238,C000012917,D00035605,uses_device,64
RC00000238,D00035605,A00008877,linked_payout_account,70
RC00000238,A00008877,M00003109,pays_to,88
RC00000239,C000013398,D00039194,uses_device,64
RC00000239,D00039194,A00010468,linked_payout_account,70
RC00000239,A00010468,C000014519,pays_to,88
RC00000240,C000014971,D00000931,uses_device,64
RC00000240,D00000931,A00003671,linked_payout_account,70
RC00000240,A00003671,M00001111,pays_to,88
RC00000241,C000015452,D00004520,uses_device,64
RC00000241,D00004520,A00005262,linked_payout_account,70
RC00000241,A00005262,C000019101,pays_to,88
RC00000242,C000015985,D00008497,uses_device,90
RC00000242,D00008497,A00007025,linked_payout_account,92
RC00000242,A00007025,C000000290,pays_to,62
RC00000243,C000000392,D00041380,uses_device,64
RC00000243,D00041380,A00009602,linked_payout_account,70
RC00000243,A00009602,M00004034,pays_to,88
RC00000244,C000000873,D00044969,uses_device,90
RC00000244,D00044969,A00011193,linked_payout_account,92
RC00000244,A00011193,M00004737,pays_to,88
RC00000245,C000002446,D00006706,uses_device,64
RC00000245,D00006706,A00004396,linked_payout_account,70
RC00000245,A00004396,M00002036,pays_to,88
RC00000246,C000002927,D00010295,uses_device,64
RC00000246,D00010295,A00005987,linked_payout_account,70
RC00000246,A00005987,M00002739,pays_to,88
RC00000247,C000003408,D00013884,uses_device,64
RC00000247,D00013884,A00007578,linked_payout_account,70
RC00000247,A00007578,C000016849,pays_to,88
RC00000248,C000004981,D00025621,uses_device,64
RC00000248,D00025621,A00000781,linked_payout_account,70
RC00000248,A00000781,M00000741,pays_to,88
RC00000249,C000005462,D00029210,uses_device,64
RC00000249,D00029210,A00002372,linked_payout_account,70
RC00000249,A00002372,C000001431,pays_to,88
RC00000250,C000005995,D00033187,uses_device,90
RC00000250,D00033187,A00004135,linked_payout_account,92
RC00000250,A00004135,C000002620,pays_to,62
RC00000251,C000010402,D00016070,uses_device,64
RC00000251,D00016070,A00006712,linked_payout_account,70
RC00000251,A00006712,M00003664,pays_to,88
RC00000252,C000010883,D00019659,uses_device,90
RC00000252,D00019659,A00008303,linked_payout_account,92
RC00000252,A00008303,M00004367,pays_to,88
RC00000253,C000012456,D00031396,uses_device,64
RC00000253,D00031396,A00001506,linked_payout_account,70
RC00000253,A00001506,M00001666,pays_to,88
RC00000254,C000012937,D00034985,uses_device,64
RC00000254,D00034985,A00003097,linked_payout_account,70
RC00000254,A00003097,M00002369,pays_to,88
RC00000255,C000013418,D00038574,uses_device,64
RC00000255,D00038574,A00004688,linked_payout_account,70
RC00000255,A00004688,C000019179,pays_to,88
RC00000256,C000014991,D00000311,uses_device,64
RC00000256,D00000311,A00009891,linked_payout_account,70
RC00000256,A00009891,M00000371,pays_to,88
RC00000257,C000015472,D00003900,uses_device,64
RC00000257,D00003900,A00011482,linked_payout_account,70
RC00000257,A00011482,C000003761,pays_to,88
RC00000258,C000000412,D00040760,uses_device,64
RC00000258,D00040760,A00003822,linked_payout_account,70
RC00000258,A00003822,M00003294,pays_to,88
RC00000259,C000000893,D00044349,uses_device,90
RC00000259,D00044349,A00005413,linked_payout_account,92
RC00000259,A00005413,C000015854,pays_to,88
RC00000260,C000002466,D00006086,uses_device,64
RC00000260,D00006086,A00010616,linked_payout_account,70
RC00000260,A00010616,M00001296,pays_to,88
RC00000261,C000002947,D00009675,uses_device,64
RC00000261,D00009675,A00000207,linked_payout_account,70
RC00000261,A00000207,C000000436,pays_to,88
RC00000262,C000003428,D00013264,uses_device,64
RC00000262,D00013264,A00001798,linked_payout_account,70
RC00000262,A00001798,M00002702,pays_to,88
RC00000263,C000005001,D00025001,uses_device,64
RC00000263,D00025001,A00007001,linked_payout_account,70
RC00000263,A00007001,M00000001,pays_to,88
RC00000264,C000005482,D00028590,uses_device,64
RC00000264,D00028590,A00008592,linked_payout_account,70
RC00000264,A00008592,C000006091,pays_to,88
RC00000265,C000008368,D00000124,uses_device,64
RC00000265,D00000124,A00006138,linked_payout_account,70
RC00000265,A00006138,M00004922,pays_to,88
RC00000266,C000010422,D00015450,uses_device,64
RC00000266,D00015450,A00000932,linked_payout_account,70
RC00000266,A00000932,M00002924,pays_to,88
RC00000267,C000010903,D00019039,uses_device,90
RC00000267,D00019039,A00002523,linked_payout_account,92
RC00000267,A00002523,C000018184,pays_to,88
RC00000268,C000012476,D00030776,uses_device,64
RC00000268,D00030776,A00007726,linked_payout_account,70
RC00000268,A00007726,M00000926,pays_to,88
RC00000269,C000012957,D00034365,uses_device,64
RC00000269,D00034365,A00009317,linked_payout_account,70
RC00000269,A00009317,C000002766,pays_to,88
RC00000270,C000013321,D00037081,uses_device,90
RC00000270,D00037081,A00010521,linked_payout_account,92
RC00000270,A00010521,C000003578,pays_to,62
RC00000271,C000013438,D00037954,uses_device,64
RC00000271,D00037954,A00010908,linked_payout_account,70
RC00000271,A00010908,M00002332,pays_to,88
RC00000272,C000015492,D00003280,uses_device,64
RC00000272,D00003280,A00005702,linked_payout_account,70
RC00000272,A00005702,M00000334,pays_to,88
RC00000273,C000018378,D00024814,uses_device,64
RC00000273,D00024814,A00003248,linked_payout_account,70
RC00000273,A00003248,M00004552,pays_to,88
RC00000274,C000000432,D00040140,uses_device,64
RC00000274,D00040140,A00010042,linked_payout_account,70
RC00000274,A00010042,M00002554,pays_to,88
RC00000275,C000000913,D00043729,uses_device,90
RC00000275,D00043729,A00011633,linked_payout_account,92
RC00000275,A00011633,C000000514,pays_to,88
RC00000276,C000002486,D00005466,uses_device,64
RC00000276,D00005466,A00004836,linked_payout_account,70
RC00000276,A00004836,M00000556,pays_to,88
RC00000277,C000002967,D00009055,uses_device,64
RC00000277,D00009055,A00006427,linked_payout_account,70
RC00000277,A00006427,C000005096,pays_to,88
RC00000278,C000003331,D00011771,uses_device,90
RC00000278,D00011771,A00007631,linked_payout_account,92
RC00000278,A00007631,C000005908,pays_to,62
RC00000279,C000003448,D00012644,uses_device,64
RC00000279,D00012644,A00008018,linked_payout_account,70
RC00000279,A00008018,M00001962,pays_to,88
RC00000280,C000008388,D00049504,uses_device,64
RC00000280,D00049504,A00000358,linked_payout_account,70
RC00000280,A00000358,C000017189,pays_to,88
RC00000281,C000008869,D00003093,uses_device,64
RC00000281,D00003093,A00001949,linked_payout_account,70
RC00000281,A00001949,M00004885,pays_to,88
RC00000282,C000010442,D00014830,uses_device,64
RC00000282,D00014830,A00007152,linked_payout_account,70
RC00000282,A00007152,M00002184,pays_to,88
RC00000283,C000010923,D00018419,uses_device,90
RC00000283,D00018419,A00008743,linked_payout_account,92
RC00000283,A00008743,C000002844,pays_to,88
RC00000284,C000012496,D00030156,uses_device,64
RC00000284,D00030156,A00001946,linked_payout_account,70
RC00000284,A00001946,M00000186,pays_to,88
RC00000285,C000012977,D00033745,uses_device,64
RC00000285,D00033745,A00003537,linked_payout_account,70
RC00000285,A00003537,C000007426,pays_to,88
RC00000286,C000013458,D00037334,uses_device,64
RC00000286,D00037334,A00005128,linked_payout_account,70
RC00000286,A00005128,M00001592,pays_to,88
RC00000287,C000018398,D00024194,uses_device,64
RC00000287,D00024194,A00009468,linked_payout_account,70
RC00000287,A00009468,C000019519,pays_to,88
RC00000288,C000018879,D00027783,uses_device,64
RC00000288,D00027783,A00011059,linked_payout_account,70
RC00000288,A00011059,M00004515,pays_to,88
RC00000289,C000000452,D00039520,uses_device,64
RC00000289,D00039520,A00004262,linked_payout_account,70
RC00000289,A00004262,C000004101,pays_to,88
RC00000290,C000000933,D00043109,uses_device,90
RC00000290,D00043109,A00005853,linked_payout_account,92
RC00000290,A00005853,M00002517,pays_to,88
RC00000291,C000002987,D00008435,uses_device,64
RC00000291,D00008435,A00000647,linked_payout_account,70
RC00000291,A00000647,M00000519,pays_to,88
RC00000292,C000003468,D00012024,uses_device,64
RC00000292,D00012024,A00002238,linked_payout_account,70
RC00000292,A00002238,M00001222,pays_to,88
RC00000293,C000005873,D00029969,uses_device,64
RC00000293,D00029969,A00010193,linked_payout_account,70
RC00000293,A00010193,M00004737,pays_to,88
RC00000294,C000008408,D00048884,uses_device,64
RC00000294,D00048884,A00006578,linked_payout_account,70
RC00000294,A00006578,C000001849,pays_to,88
RC00000295,C000008889,D00002473,uses_device,64
RC00000295,D00002473,A00008169,linked_payout_account,70
RC00000295,A00008169,M00004145,pays_to,88
RC00000296,C000009370,D00006062,uses_device,90
RC00000296,D00006062,A00009760,linked_payout_account,92
RC00000296,A00009760,C000003995,pays_to,88
RC00000297,C000010462,D00014210,uses_device,64
RC00000297,D00014210,A00001372,linked_payout_account,70
RC00000297,A00001372,C000006431,pays_to,88
RC00000298,C000010657,D00015665,uses_device,90
RC00000298,D00015665,A00002017,linked_payout_account,92
RC00000298,A00002017,C000006866,pays_to,62
RC00000299,C000010943,D00017799,uses_device,90
RC00000299,D00017799,A00002963,linked_payout_account,92
RC00000299,A00002963,M00002147,pays_to,88
RC00000300,C000012997,D00033125,uses_device,64
RC00000300,D00033125,A00009757,linked_payout_account,70
RC00000300,A00009757,M00000149,pays_to,88
RC00000301,C000013478,D00036714,uses_device,64
RC00000301,D00036714,A00011348,linked_payout_account,70
RC00000301,A00011348,M00000852,pays_to,88
RC00000302,C000015883,D00004659,uses_device,64
RC00000302,D00004659,A00007303,linked_payout_account,70
RC00000302,A00007303,M00004367,pays_to,88
RC00000303,C000018418,D00023574,uses_device,64
RC00000303,D00023574,A00003688,linked_payout_account,70
RC00000303,A00003688,C000004179,pays_to,88
RC00000304,C000018899,D00027163,uses_device,64
RC00000304,D00027163,A00005279,linked_payout_account,70
RC00000304,A00005279,M00003775,pays_to,88
RC00000305,C000019380,D00030752,uses_device,90
RC00000305,D00030752,A00006870,linked_payout_account,92
RC00000305,A00006870,C000006325,pays_to,88
RC00000306,C000000472,D00038900,uses_device,64
RC00000306,D00038900,A00010482,linked_payout_account,70
RC00000306,A00010482,C000008761,pays_to,88
RC00000307,C000000667,D00040355,uses_device,90
RC00000307,D00040355,A00011127,linked_payout_account,92
RC00000307,A00011127,C000009196,pays_to,62
RC00000308,C000000953,D00042489,uses_device,90
RC00000308,D00042489,A00000073,linked_payout_account,92
RC00000308,A00000073,M00001777,pays_to,88
RC00000309,C000003488,D00011404,uses_device,64
RC00000309,D00011404,A00008458,linked_payout_account,70
RC00000309,A00008458,C000015489,pays_to,88
RC00000310,C000005893,D00029349,uses_device,64
RC00000310,D00029349,A00004413,linked_payout_account,70
RC00000310,A00004413,C000000854,pays_to,88
RC00000311,C000006374,D00032938,uses_device,64
RC00000311,D00032938,A00006004,linked_payout_account,70
RC00000311,A00006004,M00004700,pays_to,88
RC00000312,C000008428,D00048264,uses_device,64
RC00000312,D00048264,A00000798,linked_payout_account,70
RC00000312,A00000798,M00002702,pays_to,88
RC00000313,C000008909,D00001853,uses_device,64
RC00000313,D00001853,A00002389,linked_payout_account,70
RC00000313,A00002389,M00003405,pays_to,88
RC00000314,C000009390,D00005442,uses_device,90
RC00000314,D00005442,A00003980,linked_payout_account,92
RC00000314,A00003980,C000008655,pays_to,88
RC00000315,C000010482,D00013590,uses_device,64
RC00000315,D00013590,A00007592,linked_payout_account,70
RC00000315,A00007592,C000011091,pays_to,88
RC00000316,C000010963,D00017179,uses_device,90
RC00000316,D00017179,A00009183,linked_payout_account,92
RC00000316,A00009183,M00001407,pays_to,88
RC00000317,C000013498,D00036094,uses_device,64
RC00000317,D00036094,A00005568,linked_payout_account,70
RC00000317,A00005568,C000017819,pays_to,88
RC00000318,C000015903,D00004039,uses_device,64
RC00000318,D00004039,A00001523,linked_payout_account,70
RC00000318,A00001523,C000003184,pays_to,88
RC00000319,C000016384,D00007628,uses_device,64
RC00000319,D00007628,A00003114,linked_payout_account,70
RC00000319,A00003114,M00004330,pays_to,88
RC00000320,C000018438,D00022954,uses_device,64
RC00000320,D00022954,A00009908,linked_payout_account,70
RC00000320,A00009908,M00002332,pays_to,88
RC00000321,C000018919,D00026543,uses_device,64
RC00000321,D00026543,A00011499,linked_payout_account,70
RC00000321,A00011499,M00003035,pays_to,88
RC00000322,C000019400,D00030132,uses_device,90
RC00000322,D00030132,A00001090,linked_payout_account,92
RC00000322,A00001090,C000010985,pays_to,88
RC00000323,C000000492,D00038280,uses_device,64
RC00000323,D00038280,A00004702,linked_payout_account,70
RC00000323,A00004702,M00000334,pays_to,88
RC00000324,C000000973,D00041869,uses_device,90
RC00000324,D00041869,A00006293,linked_payout_account,92
RC00000324,A00006293,M00001037,pays_to,88
RC00000325,C000005913,D00028729,uses_device,64
RC00000325,D00028729,A00010633,linked_payout_account,70
RC00000325,A00010633,C000005514,pays_to,88
RC00000326,C000006394,D00032318,uses_device,64
RC00000326,D00032318,A00000224,linked_payout_account,70
RC00000326,A00000224,M00003960,pays_to,88
RC00000327,C000007993,D00044249,uses_device,90
RC00000327,D00044249,A00005513,linked_payout_account,92
RC00000327,A00005513,C000010154,pays_to,62
RC00000328,C000008448,D00047644,uses_device,64
RC00000328,D00047644,A00007018,linked_payout_account,70
RC00000328,A00007018,M00001962,pays_to,88
RC00000329,C000008929,D00001233,uses_device,64
RC00000329,D00001233,A00008609,linked_payout_account,70
RC00000329,A00008609,C000012242,pays_to,88
RC00000330,C000009410,D00004822,uses_device,90
RC00000330,D00004822,A00010200,linked_payout_account,92
RC00000330,A00010200,M00003368,pays_to,88
RC00000331,C000010983,D00016559,uses_device,90
RC00000331,D00016559,A00003403,linked_payout_account,92
RC00000331,A00003403,M00000667,pays_to,88
RC00000332,C000013869,D00038093,uses_device,64
RC00000332,D00038093,A00000949,linked_payout_account,70
RC00000332,A00000949,M00004885,pays_to,88
RC00000333,C000015923,D00003419,uses_device,64
RC00000333,D00003419,A00007743,linked_payout_account,70
RC00000333,A00007743,C000007844,pays_to,88
RC00000334,C000016404,D00007008,uses_device,64
RC00000334,D00007008,A00009334,linked_payout_account,70
RC00000334,A00009334,M00003590,pays_to,88
RC00000335,C000018458,D00022334,uses_device,64
RC00000335,D00022334,A00004128,linked_payout_account,70
RC00000335,A00004128,M00001592,pays_to,88
RC00000336,C000018939,D00025923,uses_device,64
RC00000336,D00025923,A00005719,linked_payout_account,70
RC00000336,A00005719,C000014572,pays_to,88
RC00000337,C000019420,D00029512,uses_device,90
RC00000337,D00029512,A00007310,linked_payout_account,92
RC00000337,A00007310,M00002998,pays_to,88
RC00000338,C000000993,D00041249,uses_device,90
RC00000338,D00041249,A00000513,linked_payout_account,92
RC00000338,A00000513,C000019154,pays_to,88
RC00000339,C000003879,D00012783,uses_device,64
RC00000339,D00012783,A00010059,linked_payout_account,70
RC00000339,A00010059,M00004515,pays_to,88
RC00000340,C000005933,D00028109,uses_device,64
RC00000340,D00028109,A00004853,linked_payout_account,70
RC00000340,A00004853,M00002517,pays_to,88
RC00000341,C000006414,D00031698,uses_device,64
RC00000341,D00031698,A00006444,linked_payout_account,70
RC00000341,A00006444,M00003220,pays_to,88
RC00000342,C000008468,D00047024,uses_device,64
RC00000342,D00047024,A00001238,linked_payout_account,70
RC00000342,A00001238,M00001222,pays_to,88
RC00000343,C000008949,D00000613,uses_device,64
RC00000343,D00000613,A00002829,linked_payout_account,70
RC00000343,A00002829,C000016902,pays_to,88
RC00000344,C000009430,D00004202,uses_device,90
RC00000344,D00004202,A00004420,linked_payout_account,92
RC00000344,A00004420,M00002628,pays_to,88
RC00000345,C000013889,D00037473,uses_device,64
RC00000345,D00037473,A00007169,linked_payout_account,70
RC00000345,A00007169,M00004145,pays_to,88
RC00000346,C000014370,D00041062,uses_device,64
RC00000346,D00041062,A00008760,linked_payout_account,70
RC00000346,A00008760,C000008995,pays_to,88
RC00000347,C000015943,D00002799,uses_device,64
RC00000347,D00002799,A00001963,linked_payout_account,70
RC00000347,A00001963,M00002147,pays_to,88
RC00000348,C000016424,D00006388,uses_device,64
RC00000348,D00006388,A00003554,linked_payout_account,70
RC00000348,A00003554,M00002850,pays_to,88
RC00000349,C000017867,D00017155,uses_device,90
RC00000349,D00017155,A00008327,linked_payout_account,92
RC00000349,A00008327,C000016796,pays_to,88
RC00000350,C000018478,D00021714,uses_device,64
RC00000350,D00021714,A00010348,linked_payout_account,70
RC00000350,A00010348,M00000852,pays_to,88
RC00000351,C000018959,D00025303,uses_device,64
RC00000351,D00025303,A00011939,linked_payout_account,70
RC00000351,A00011939,C000019232,pays_to,88
RC00000352,C000019440,D00028892,uses_device,90
RC00000352,D00028892,A00001530,linked_payout_account,92
RC00000352,A00001530,M00002258,pays_to,88
RC00000353,C000003899,D00012163,uses_device,64
RC00000353,D00012163,A00004279,linked_payout_account,70
RC00000353,A00004279,M00003775,pays_to,88
RC00000354,C000004380,D00015752,uses_device,64
RC00000354,D00015752,A00005870,linked_payout_account,70
RC00000354,A00005870,C000011325,pays_to,88
RC00000355,C000005953,D00027489,uses_device,64
RC00000355,D00027489,A00011073,linked_payout_account,70
RC00000355,A00011073,M00001777,pays_to,88
RC00000356,C000006434,D00031078,uses_device,64
RC00000356,D00031078,A00000664,linked_payout_account,70
RC00000356,A00000664,C000015907,pays_to,88
RC00000357,C000007877,D00041845,uses_device,90
RC00000357,D00041845,A00005437,linked_payout_account,92
RC00000357,A00005437,C000019126,pays_to,88
RC00000358,C000008488,D00046404,uses_device,64
RC00000358,D00046404,A00007458,linked_payout_account,70
RC00000358,A00007458,C000000489,pays_to,88
RC00000359,C000008969,D00049993,uses_device,64
RC00000359,D00049993,A00009049,linked_payout_account,70
RC00000359,A00009049,M00001185,pays_to,88
RC00000360,C000009450,D00003582,uses_device,90
RC00000360,D00003582,A00010640,linked_payout_account,92
RC00000360,A00010640,M00001888,pays_to,88
RC00000361,C000013909,D00036853,uses_device,64
RC00000361,D00036853,A00001389,linked_payout_account,70
RC00000361,A00001389,M00003405,pays_to,88
RC00000362,C000014390,D00040442,uses_device,64
RC00000362,D00040442,A00002980,linked_payout_account,70
RC00000362,A00002980,C000013655,pays_to,88
RC00000363,C000015963,D00002179,uses_device,64
RC00000363,D00002179,A00008183,linked_payout_account,70
RC00000363,A00008183,M00001407,pays_to,88
RC00000364,C000016444,D00005768,uses_device,64
RC00000364,D00005768,A00009774,linked_payout_account,70
RC00000364,A00009774,C000018237,pays_to,88
RC00000365,C000017887,D00016535,uses_device,90
RC00000365,D00016535,A00002547,linked_payout_account,92
RC00000365,A00002547,M00004219,pays_to,88
RC00000366,C000018498,D00021094,uses_device,64
RC00000366,D00021094,A00004568,linked_payout_account,70
RC00000366,A00004568,C000002819,pays_to,88
RC00000367,C000018979,D00024683,uses_device,64
RC00000367,D00024683,A00006159,linked_payout_account,70
RC00000367,A00006159,M00000815,pays_to,88
RC00000368,C000019460,D00028272,uses_device,90
RC00000368,D00028272,A00007750,linked_payout_account,92
RC00000368,A00007750,M00001518,pays_to,88
RC00000369,C000003919,D00011543,uses_device,64
RC00000369,D00011543,A00010499,linked_payout_account,70
RC00000369,A00010499,M00003035,pays_to,88
RC00000370,C000004400,D00015132,uses_device,64
RC00000370,D00015132,A00000090,linked_payout_account,70
RC00000370,A00000090,C000015985,pays_to,88
RC00000371,C000005973,D00026869,uses_device,64
RC00000371,D00026869,A00005293,linked_payout_account,70
RC00000371,A00005293,M00001037,pays_to,88
RC00000372,C000006454,D00030458,uses_device,64
RC00000372,D00030458,A00006884,linked_payout_account,70
RC00000372,A00006884,C000000567,pays_to,88
RC00000373,C000007897,D00041225,uses_device,90
RC00000373,D00041225,A00011657,linked_payout_account,92
RC00000373,A00011657,M00003849,pays_to,88
RC00000374,C000008989,D00049373,uses_device,64
RC00000374,D00049373,A00003269,linked_payout_account,70
RC00000374,A00003269,M00000445,pays_to,88
RC00000375,C000009470,D00002962,uses_device,90
RC00000375,D00002962,A00004860,linked_payout_account,92
RC00000375,A00004860,C000007295,pays_to,88
RC00000376,C000011875,D00020907,uses_device,64
RC00000376,D00020907,A00000815,linked_payout_account,70
RC00000376,A00000815,C000012660,pays_to,88
RC00000377,C000013929,D00036233,uses_device,64
RC00000377,D00036233,A00007609,linked_payout_account,70
RC00000377,A00007609,C000017242,pays_to,88
RC00000378,C000014410,D00039822,uses_device,64
RC00000378,D00039822,A00009200,linked_payout_account,70
RC00000378,A00009200,M00003368,pays_to,88
RC00000379,C000015983,D00001559,uses_device,64
RC00000379,D00001559,A00002403,linked_payout_account,70
RC00000379,A00002403,M00000667,pays_to,88
RC00000380,C000016464,D00005148,uses_device,64
RC00000380,D00005148,A00003994,linked_payout_account,70
RC00000380,A00003994,C000002897,pays_to,88
RC00000381,C000017907,D00015915,uses_device,90
RC00000381,D00015915,A00008767,linked_payout_account,92
RC00000381,A00008767,M00003479,pays_to,88
RC00000382,C000018999,D00024063,uses_device,64
RC00000382,D00024063,A00000379,linked_payout_account,70
RC00000382,A00000379,M00000075,pays_to,88
RC00000383,C000019480,D00027652,uses_device,90
RC00000383,D00027652,A00001970,linked_payout_account,92
RC00000383,A00001970,C000009625,pays_to,88
RC00000384,C000001885,D00045597,uses_device,64
RC00000384,D00045597,A00009925,linked_payout_account,70
RC00000384,A00009925,C000014990,pays_to,88
RC00000385,C000002366,D00049186,uses_device,64
RC00000385,D00049186,A00011516,linked_payout_account,70
RC00000385,A00011516,M00004996,pays_to,88
RC00000386,C000003939,D00010923,uses_device,64
RC00000386,D00010923,A00004719,linked_payout_account,70
RC00000386,A00004719,C000019572,pays_to,88
RC00000387,C000004420,D00014512,uses_device,64
RC00000387,D00014512,A00006310,linked_payout_account,70
RC00000387,A00006310,M00002998,pays_to,88
RC00000388,C000005993,D00026249,uses_device,64
RC00000388,D00026249,A00011513,linked_payout_account,70
RC00000388,A00011513,C000004154,pays_to,88
RC00000389,C000006474,D00029838,uses_device,64
RC00000389,D00029838,A00001104,linked_payout_account,70
RC00000389,A00001104,M00001000,pays_to,88
RC00000390,C000007917,D00040605,uses_device,90
RC00000390,D00040605,A00005877,linked_payout_account,92
RC00000390,A00005877,M00003109,pays_to,88
RC00000391,C000009490,D00002342,uses_device,90
RC00000391,D00002342,A00011080,linked_payout_account,92
RC00000391,A00011080,C000011955,pays_to,88
RC00000392,C000011323,D00016019,uses_device,90
RC00000392,D00016019,A00005143,linked_payout_account,92
RC00000392,A00005143,C000016044,pays_to,62
RC00000393,C000011895,D00020287,uses_device,64
RC00000393,D00020287,A00007035,linked_payout_account,70
RC00000393,A00007035,C000017320,pays_to,88
RC00000394,C000012376,D00023876,uses_device,64
RC00000394,D00023876,A00008626,linked_payout_account,70
RC00000394,A00008626,M00004626,pays_to,88
RC00000395,C000013949,D00035613,uses_device,64
RC00000395,D00035613,A00001829,linked_payout_account,70
RC00000395,A00001829,C000001902,pays_to,88
RC00000396,C000014430,D00039202,uses_device,64
RC00000396,D00039202,A00003420,linked_payout_account,70
RC00000396,A00003420,M00002628,pays_to,88
RC00000397,C000016484,D00004528,uses_device,64
RC00000397,D00004528,A00010214,linked_payout_account,70
RC00000397,A00010214,M00000630,pays_to,88
RC00000398,C000017927,D00015295,uses_device,90
RC00000398,D00015295,A00002987,linked_payout_account,92
RC00000398,A00002987,M00002739,pays_to,88
RC00000399,C000019370,D00026062,uses_device,64
RC00000399,D00026062,A00007760,linked_payout_account,70
RC00000399,A00007760,C000013995,pays_to,88
RC00000400,C000019500,D00027032,uses_device,90
RC00000400,D00027032,A00008190,linked_payout_account,92
RC00000400,A00008190,C000014285,pays_to,88
RC00000401,C000001905,D00044977,uses_device,64
RC00000401,D00044977,A00004145,linked_payout_account,70
RC00000401,A00004145,C000019650,pays_to,88
RC00000402,C000002386,D00048566,uses_device,64
RC00000402,D00048566,A00005736,linked_payout_account,70
RC00000402,A00005736,M00004256,pays_to,88
RC00000403,C000003959,D00010303,uses_device,64
RC00000403,D00010303,A00010939,linked_payout_account,70
RC00000403,A00010939,C000004232,pays_to,88
RC00000404,C000004440,D00013892,uses_device,64
RC00000404,D00013892,A00000530,linked_payout_account,70
RC00000404,A00000530,M00002258,pays_to,88
RC00000405,C000006494,D00029218,uses_device,64
RC00000405,D00029218,A00007324,linked_payout_account,70
RC00000405,A00007324,M00000260,pays_to,88
RC00000406,C000007937,D00039985,uses_device,90
RC00000406,D00039985,A00000097,linked_payout_account,92
RC00000406,A00000097,M00002369,pays_to,88
RC00000407,C000009380,D00000752,uses_device,64
RC00000407,D00000752,A00004870,linked_payout_account,70
RC00000407,A00004870,C000016325,pays_to,88
RC00000408,C000011915,D00019667,uses_device,64
RC00000408,D00019667,A00001255,linked_payout_account,70
RC00000408,A00001255,M00003183,pays_to,88
RC00000409,C000012396,D00023256,uses_device,64
RC00000409,D00023256,A00002846,linked_payout_account,70
RC00000409,A00002846,M00003886,pays_to,88
RC00000410,C000013969,D00034993,uses_device,64
RC00000410,D00034993,A00008049,linked_payout_account,70
RC00000410,A00008049,M00001185,pays_to,88
RC00000411,C000014450,D00038582,uses_device,64
RC00000411,D00038582,A00009640,linked_payout_account,70
RC00000411,A00009640,M00001888,pays_to,88
RC00000412,C000016374,D00002938,uses_device,64
RC00000412,D00002938,A00004004,linked_payout_account,70
RC00000412,A00004004,M00004700,pays_to,88
RC00000413,C000017947,D00014675,uses_device,90
RC00000413,D00014675,A00009207,linked_payout_account,92
RC00000413,A00009207,C000015436,pays_to,88
RC00000414,C000018649,D00019913,uses_device,90
RC00000414,D00019913,A00011529,linked_payout_account,92
RC00000414,A00011529,C000017002,pays_to,62
RC00000415,C000019390,D00025442,uses_device,64
RC00000415,D00025442,A00001980,linked_payout_account,70
RC00000415,A00001980,C000018655,pays_to,88
RC00000416,C000019871,D00029031,uses_device,64
RC00000416,D00029031,A00003571,linked_payout_account,70
RC00000416,A00003571,M00004811,pays_to,88
RC00000417,C000001925,D00044357,uses_device,64
RC00000417,D00044357,A00010365,linked_payout_account,70
RC00000417,A00010365,M00002813,pays_to,88
RC00000418,C000002406,D00047946,uses_device,64
RC00000418,D00047946,A00011956,linked_payout_account,70
RC00000418,A00011956,C000005383,pays_to,88
RC00000419,C000003979,D00009683,uses_device,64
RC00000419,D00009683,A00005159,linked_payout_account,70
RC00000419,A00005159,M00000815,pays_to,88
RC00000420,C000004460,D00013272,uses_device,64
RC00000420,D00013272,A00006750,linked_payout_account,70
RC00000420,A00006750,M00001518,pays_to,88
RC00000421,C000006384,D00027628,uses_device,64
RC00000421,D00027628,A00001114,linked_payout_account,70
RC00000421,A00001114,M00004330,pays_to,88
RC00000422,C000007957,D00039365,uses_device,90
RC00000422,D00039365,A00006317,linked_payout_account,92
RC00000422,A00006317,C000017766,pays_to,88
RC00000423,C000008659,D00044603,uses_device,90
RC00000423,D00044603,A00008639,linked_payout_account,92
RC00000423,A00008639,C000019332,pays_to,62
RC00000424,C000009400,D00000132,uses_device,64
RC00000424,D00000132,A00011090,linked_payout_account,70
RC00000424,A00011090,C000000985,pays_to,88
RC00000425,C000009881,D00003721,uses_device,64
RC00000425,D00003721,A00000681,linked_payout_account,70
RC00000425,A00000681,M00004441,pays_to,88
RC00000426,C000011935,D00019047,uses_device,64
RC00000426,D00019047,A00007475,linked_payout_account,70
RC00000426,A00007475,M00002443,pays_to,88
RC00000427,C000012416,D00022636,uses_device,64
RC00000427,D00022636,A00009066,linked_payout_account,70
RC00000427,A00009066,C000007713,pays_to,88
RC00000428,C000013989,D00034373,uses_device,64
RC00000428,D00034373,A00002269,linked_payout_account,70
RC00000428,A00002269,M00000445,pays_to,88
RC00000429,C000014470,D00037962,uses_device,64
RC00000429,D00037962,A00003860,linked_payout_account,70
RC00000429,A00003860,C000012295,pays_to,88
RC00000430,C000016394,D00002318,uses_device,64
RC00000430,D00002318,A00010224,linked_payout_account,70
RC00000430,A00010224,M00003960,pays_to,88
RC00000431,C000017967,D00014055,uses_device,90
RC00000431,D00014055,A00003427,linked_payout_account,92
RC00000431,A00003427,C000000096,pays_to,88
RC00000432,C000019410,D00024822,uses_device,64
RC00000432,D00024822,A00008200,linked_payout_account,70
RC00000432,A00008200,M00003368,pays_to,88
RC00000433,C000019891,D00028411,uses_device,64
RC00000433,D00028411,A00009791,linked_payout_account,70
RC00000433,A00009791,M00004071,pays_to,88
RC00000434,C000001945,D00043737,uses_device,64
RC00000434,D00043737,A00004585,linked_payout_account,70
RC00000434,A00004585,M00002073,pays_to,88
RC00000435,C000002426,D00047326,uses_device,64
RC00000435,D00047326,A00006176,linked_payout_account,70
RC00000435,A00006176,C000010043,pays_to,88
RC00000436,C000003999,D00009063,uses_device,64
RC00000436,D00009063,A00011379,linked_payout_account,70
RC00000436,A00011379,M00000075,pays_to,88
RC00000437,C000004480,D00012652,uses_device,64
RC00000437,D00012652,A00000970,linked_payout_account,70
RC00000437,A00000970,C000014625,pays_to,88
RC00000438,C000006404,D00027008,uses_device,64
RC00000438,D00027008,A00007334,linked_payout_account,70
RC00000438,A00007334,M00003590,pays_to,88
RC00000439,C000007366,D00034186,uses_device,64
RC00000439,D00034186,A00010516,linked_payout_account,70
RC00000439,A00010516,M00004996,pays_to,88
RC00000440,C000007977,D00038745,uses_device,90
RC00000440,D00038745,A00000537,linked_payout_account,92
RC00000440,A00000537,C000002426,pays_to,88
RC00000441,C000009420,D00049512,uses_device,64
RC00000441,D00049512,A00005310,linked_payout_account,70
RC00000441,A00005310,M00002998,pays_to,88
RC00000442,C000009901,D00003101,uses_device,64
RC00000442,D00003101,A00006901,linked_payout_account,70
RC00000442,A00006901,M00003701,pays_to,88
RC00000443,C000011955,D00018427,uses_device,64
RC00000443,D00018427,A00001695,linked_payout_account,70
RC00000443,A00001695,M00001703,pays_to,88
RC00000444,C000012436,D00022016,uses_device,64
RC00000444,D00022016,A00003286,linked_payout_account,70
RC00000444,A00003286,C000012373,pays_to,88
RC00000445,C000014490,D00037342,uses_device,64
RC00000445,D00037342,A00010080,linked_payout_account,70
RC00000445,A00010080,C000016955,pays_to,88
RC00000446,C000015985,D00048497,uses_device,90
RC00000446,D00048497,A00003025,linked_payout_account,92
RC00000446,A00003025,C000000290,pays_to,62
RC00000447,C000016414,D00001698,uses_device,64
RC00000447,D00001698,A00004444,linked_payout_account,70
RC00000447,A00004444,M00003220,pays_to,88
RC00000448,C000017376,D00008876,uses_device,64
RC00000448,D00008876,A00007626,linked_payout_account,70
RC00000448,A00007626,M00004626,pays_to,88
RC00000449,C000017987,D00013435,uses_device,90
RC00000449,D00013435,A00009647,linked_payout_account,92
RC00000449,A00009647,M00000519,pays_to,88
RC00000450,C000019430,D00024202,uses_device,64
RC00000450,D00024202,A00002420,linked_payout_account,70
RC00000450,A00002420,M00002628,pays_to,88
RC00000451,C000019911,D00027791,uses_device,64
RC00000451,D00027791,A00004011,linked_payout_account,70
RC00000451,A00004011,C000009048,pays_to,88
RC00000452,C000001965,D00043117,uses_device,64
RC00000452,D00043117,A00010805,linked_payout_account,70
RC00000452,A00010805,C000013630,pays_to,88
RC00000453,C000002446,D00046706,uses_device,64
RC00000453,D00046706,A00000396,linked_payout_account,70
RC00000453,A00000396,M00002036,pays_to,88
RC00000454,C000004500,D00012032,uses_device,64
RC00000454,D00012032,A00007190,linked_payout_account,70
RC00000454,A00007190,C000019285,pays_to,88
RC00000455,C000005995,D00023187,uses_device,90
RC00000455,D00023187,A00000135,linked_payout_account,92
RC00000455,A00000135,C000002620,pays_to,62
RC00000456,C000006424,D00026388,uses_device,64
RC00000456,D00026388,A00001554,linked_payout_account,70
RC00000456,A00001554,M00002850,pays_to,88
RC00000457,C000007386,D00033566,uses_device,64
RC00000457,D00033566,A00004736,linked_payout_account,70
RC00000457,A00004736,M00004256,pays_to,88
RC00000458,C000007867,D00037155,uses_device,64
RC00000458,D00037155,A00006327,linked_payout_account,70
RC00000458,A00006327,C000006796,pays_to,88
RC00000459,C000007997,D00038125,uses_device,90
RC00000459,D00038125,A00006757,linked_payout_account,92
RC00000459,A00006757,M00000149,pays_to,88
RC00000460,C000009440,D00048892,uses_device,64
RC00000460,D00048892,A00011530,linked_payout_account,70
RC00000460,A00011530,M00002258,pays_to,88
RC00000461,C000009921,D00002481,uses_device,64
RC00000461,D00002481,A00001121,linked_payout_account,70
RC00000461,A00001121,C000011378,pays_to,88
RC00000462,C000011975,D00017807,uses_device,64
RC00000462,D00017807,A00007915,linked_payout_account,70
RC00000462,A00007915,C000015960,pays_to,88
RC00000463,C000012456,D00021396,uses_device,64
RC00000463,D00021396,A00009506,linked_payout_account,70
RC00000463,A00009506,M00001666,pays_to,88
RC00000464,C000016434,D00001078,uses_device,64
RC00000464,D00001078,A00010664,linked_payout_account,70
RC00000464,A00010664,C000005907,pays_to,88
RC00000465,C000017396,D00008256,uses_device,64
RC00000465,D00008256,A00001846,linked_payout_account,70
RC00000465,A00001846,M00003886,pays_to,88
RC00000466,C000017877,D00011845,uses_device,64
RC00000466,D00011845,A00003437,linked_payout_account,70
RC00000466,A00003437,C000009126,pays_to,88
RC00000467,C000019450,D00023582,uses_device,64
RC00000467,D00023582,A00008640,linked_payout_account,70
RC00000467,A00008640,M00001888,pays_to,88
RC00000468,C000019931,D00027171,uses_device,64
RC00000468,D00027171,A00010231,linked_payout_account,70
RC00000468,A00010231,C000013708,pays_to,88
RC00000469,C000001985,D00042497,uses_device,64
RC00000469,D00042497,A00005025,linked_payout_account,70
RC00000469,A00005025,C000018290,pays_to,88
RC00000470,C000002466,D00046086,uses_device,64
RC00000470,D00046086,A00006616,linked_payout_account,70
RC00000470,A00006616,M00001296,pays_to,88
RC00000471,C000004871,D00014031,uses_device,64
RC00000471,D00014031,A00002571,linked_payout_account,70
RC00000471,A00002571,M00004811,pays_to,88
RC00000472,C000006444,D00025768,uses_device,64
RC00000472,D00025768,A00007774,linked_payout_account,70
RC00000472,A00007774,C000008237,pays_to,88
RC00000473,C000007406,D00032946,uses_device,64
RC00000473,D00032946,A00010956,linked_payout_account,70
RC00000473,A00010956,C000010383,pays_to,88
RC00000474,C000007887,D00036535,uses_device,64
RC00000474,D00036535,A00000547,linked_payout_account,70
RC00000474,A00000547,M00004219,pays_to,88
RC00000475,C000009460,D00048272,uses_device,64
RC00000475,D00048272,A00005750,linked_payout_account,70
RC00000475,A00005750,M00001518,pays_to,88
RC00000476,C000009941,D00001861,uses_device,64
RC00000476,D00001861,A00007341,linked_payout_account,70
RC00000476,A00007341,C000016038,pays_to,88
RC00000477,C000011995,D00017187,uses_device,64
RC00000477,D00017187,A00002135,linked_payout_account,70
RC00000477,A00002135,C000000620,pays_to,88
RC00000478,C000012476,D00020776,uses_device,64
RC00000478,D00020776,A00003726,linked_payout_account,70
RC00000478,A00003726,M00000926,pays_to,88
RC00000479,C000013321,D00027081,uses_device,90
RC00000479,D00027081,A00006521,linked_payout_account,92
RC00000479,A00006521,C000003578,pays_to,62
RC00000480,C000014881,D00038721,uses_device,64
RC00000480,D00038721,A00011681,linked_payout_account,70
RC00000480,A00011681,M00004441,pays_to,88
RC00000481,C000016454,D00000458,uses_device,64
RC00000481,D00000458,A00004884,linked_payout_account,70
RC00000481,A00004884,C000010567,pays_to,88
RC00000482,C000017416,D00007636,uses_device,64
RC00000482,D00007636,A00008066,linked_payout_account,70
RC00000482,A00008066,C000012713,pays_to,88
RC00000483,C000017897,D00011225,uses_device,64
RC00000483,D00011225,A00009657,linked_payout_account,70
RC00000483,A00009657,M00003849,pays_to,88
RC00000484,C000019470,D00022962,uses_device,64
RC00000484,D00022962,A00002860,linked_payout_account,70
RC00000484,A00002860,C000017295,pays_to,88
RC00000485,C000019951,D00026551,uses_device,64
RC00000485,D00026551,A00004451,linked_payout_account,70
RC00000485,A00004451,M00001851,pays_to,88
RC00000486,C000002486,D00045466,uses_device,64
RC00000486,D00045466,A00000836,linked_payout_account,70
RC00000486,A00000836,M00000556,pays_to,88
RC00000487,C000003331,D00001771,uses_device,90
RC00000487,D00001771,A00003631,linked_payout_account,92
RC00000487,A00003631,C000005908,pays_to,62
RC00000488,C000004891,D00013411,uses_device,64
RC00000488,D00013411,A00008791,linked_payout_account,70
RC00000488,A00008791,M00004071,pays_to,88
RC00000489,C000005372,D00017000,uses_device,64
RC00000489,D00017000,A00010382,linked_payout_account,70
RC00000489,A00010382,C000010461,pays_to,88
RC00000490,C000006464,D00025148,uses_device,64
RC00000490,D00025148,A00001994,linked_payout_account,70
RC00000490,A00001994,C000012897,pays_to,88
RC00000491,C000007426,D00032326,uses_device,64
RC00000491,D00032326,A00005176,linked_payout_account,70
RC00000491,A00005176,C000015043,pays_to,88
RC00000492,C000007907,D00035915,uses_device,64
RC00000492,D00035915,A00006767,linked_payout_account,70
RC00000492,A00006767,M00003479,pays_to,88
RC00000493,C000009480,D00047652,uses_device,64
RC00000493,D00047652,A00011970,linked_payout_account,70
RC00000493,A00011970,C000019625,pays_to,88
RC00000494,C000009961,D00001241,uses_device,64
RC00000494,D00001241,A00001561,linked_payout_account,70
RC00000494,A00001561,M00001481,pays_to,88
RC00000495,C000012496,D00020156,uses_device,64
RC00000495,D00020156,A00009946,linked_payout_account,70
RC00000495,A00009946,M00000186,pays_to,88
RC00000496,C000014901,D00038101,uses_device,64
RC00000496,D00038101,A00005901,linked_payout_account,70
RC00000496,A00005901,M00003701,pays_to,88
RC00000497,C000015382,D00041690,uses_device,64
RC00000497,D00041690,A00007492,linked_payout_account,70
RC00000497,A00007492,C000012791,pays_to,88
RC00000498,C000016474,D00049838,uses_device,64
RC00000498,D00049838,A00011104,linked_payout_account,70
RC00000498,A00011104,M00001000,pays_to,88
RC00000499,C000017436,D00007016,uses_device,64
RC00000499,D00007016,A00002286,linked_payout_account,70
RC00000499,A00002286,C000017373,pays_to,88
RC00000500,C000017917,D00010605,uses_device,64
RC00000500,D00010605,A00003877,linked_payout_account,70
RC00000500,A00003877,M00003109,pays_to,88
RC00000501,C000019490,D00022342,uses_device,64
RC00000501,D00022342,A00009080,linked_payout_account,70
RC00000501,A00009080,C000001955,pays_to,88
RC00000502,C000019971,D00025931,uses_device,64
RC00000502,D00025931,A00010671,linked_payout_account,70
RC00000502,A00010671,M00001111,pays_to,88
RC00000503,C000004911,D00012791,uses_device,64
RC00000503,D00012791,A00003011,linked_payout_account,70
RC00000503,A00003011,C000014048,pays_to,88
RC00000504,C000005392,D00016380,uses_device,64
RC00000504,D00016380,A00004602,linked_payout_account,70
RC00000504,A00004602,M00004034,pays_to,88
RC00000505,C000005873,D00019969,uses_device,64
RC00000505,D00019969,A00006193,linked_payout_account,70
RC00000505,A00006193,M00004737,pays_to,88
RC00000506,C000006484,D00024528,uses_device,64
RC00000506,D00024528,A00008214,linked_payout_account,70
RC00000506,A00008214,M00000630,pays_to,88
RC00000507,C000007446,D00031706,uses_device,64
RC00000507,D00031706,A00011396,linked_payout_account,70
RC00000507,A00011396,M00002036,pays_to,88
RC00000508,C000007927,D00035295,uses_device,64
RC00000508,D00035295,A00000987,linked_payout_account,70
RC00000508,A00000987,M00002739,pays_to,88
RC00000509,C000009500,D00047032,uses_device,64
RC00000509,D00047032,A00006190,linked_payout_account,70
RC00000509,A00006190,C000004285,pays_to,88
RC00000510,C000009981,D00000621,uses_device,64
RC00000510,D00000621,A00007781,linked_payout_account,70
RC00000510,A00007781,M00000741,pays_to,88
RC00000511,C000010657,D00005665,uses_device,90
RC00000511,D00005665,A00010017,linked_payout_account,92
RC00000511,A00010017,C000006866,pays_to,62
RC00000512,C000012867,D00022155,uses_device,64
RC00000512,D00022155,A00005327,linked_payout_account,70
RC00000512,A00005327,C000011796,pays_to,88
RC00000513,C000014921,D00037481,uses_device,64
RC00000513,D00037481,A00000121,linked_payout_account,70
RC00000513,A00000121,C000016378,pays_to,88
RC00000514,C000015402,D00041070,uses_device,64
RC00000514,D00041070,A00001712,linked_payout_account,70
RC00000514,A00001712,M00003664,pays_to,88
RC00000515,C000015883,D00044659,uses_device,64
RC00000515,D00044659,A00003303,linked_payout_account,70
RC00000515,A00003303,M00004367,pays_to,88
RC00000516,C000016494,D00049218,uses_device,64
RC00000516,D00049218,A00005324,linked_payout_account,70
RC00000516,A00005324,M00000260,pays_to,88
RC00000517,C000017456,D00006396,uses_device,64
RC00000517,D00006396,A00008506,linked_payout_account,70
RC00000517,A00008506,M00001666,pays_to,88
RC00000518,C000017937,D00009985,uses_device,64
RC00000518,D00009985,A00010097,linked_payout_account,70
RC00000518,A00010097,M00002369,pays_to,88
RC00000519,C000019991,D00025311,uses_device,64
RC00000519,D00025311,A00004891,linked_payout_account,70
RC00000519,A00004891,M00000371,pays_to,88
RC00000520,C000000667,D00030355,uses_device,90
RC00000520,D00030355,A00007127,linked_payout_account,92
RC00000520,A00007127,C000009196,pays_to,62
RC00000521,C000002877,D00046845,uses_device,64
RC00000521,D00046845,A00002437,linked_payout_account,70
RC00000521,A00002437,C000014126,pays_to,88
RC00000522,C000004931,D00012171,uses_device,64
RC00000522,D00012171,A00009231,linked_payout_account,70
RC00000522,A00009231,C000018708,pays_to,88
RC00000523,C000005412,D00015760,uses_device,64
RC00000523,D00015760,A00010822,linked_payout_account,70
RC00000523,A00010822,M00003294,pays_to,88
RC00000524,C000005893,D00019349,uses_device,64
RC00000524,D00019349,A00000413,linked_payout_account,70
RC00000524,A00000413,C000000854,pays_to,88
RC00000525,C000007466,D00031086,uses_device,64
RC00000525,D00031086,A00005616,linked_payout_account,70
RC00000525,A00005616,M00001296,pays_to,88
RC00000526,C000007947,D00034675,uses_device,64
RC00000526,D00034675,A00007207,linked_payout_account,70
RC00000526,A00007207,C000005436,pays_to,88
RC00000527,C000010001,D00000001,uses_device,64
RC00000527,D00000001,A00002001,linked_payout_account,70
RC00000527,A00002001,M00000001,pays_to,88
RC00000528,C000012887,D00021535,uses_device,64
RC00000528,D00021535,A00011547,linked_payout_account,70
RC00000528,A00011547,M00004219,pays_to,88
RC00000529,C000013368,D00025124,uses_device,90
RC00000529,D00025124,A00001138,linked_payout_account,92
RC00000529,A00001138,M00004922,pays_to,88
RC00000530,C000014941,D00036861,uses_device,64
RC00000530,D00036861,A00006341,linked_payout_account,70
RC00000530,A00006341,C000001038,pays_to,88
RC00000531,C000015422,D00040450,uses_device,64
RC00000531,D00040450,A00007932,linked_payout_account,70
RC00000531,A00007932,M00002924,pays_to,88
RC00000532,C000015903,D00044039,uses_device,64
RC00000532,D00044039,A00009523,linked_payout_account,70
RC00000532,A00009523,C000003184,pays_to,88
RC00000533,C000017476,D00005776,uses_device,64
RC00000533,D00005776,A00002726,linked_payout_account,70
RC00000533,A00002726,M00000926,pays_to,88
RC00000534,C000017957,D00009365,uses_device,64
RC00000534,D00009365,A00004317,linked_payout_account,70
RC00000534,A00004317,C000007766,pays_to,88
RC00000535,C000002897,D00046225,uses_device,64
RC00000535,D00046225,A00008657,linked_payout_account,70
RC00000535,A00008657,M00003849,pays_to,88
RC00000536,C000003378,D00049814,uses_device,90
RC00000536,D00049814,A00010248,linked_payout_account,92
RC00000536,A00010248,M00004552,pays_to,88
RC00000537,C000004951,D00011551,uses_device,64
RC00000537,D00011551,A00003451,linked_payout_account,70
RC00000537,A00003451,M00001851,pays_to,88
RC00000538,C000005432,D00015140,uses_device,64
RC00000538,D00015140,A00005042,linked_payout_account,70
RC00000538,A00005042,M00002554,pays_to,88
RC00000539,C000005913,D00018729,uses_device,64
RC00000539,D00018729,A00006633,linked_payout_account,70
RC00000539,A00006633,C000005514,pays_to,88
RC00000540,C000007486,D00030466,uses_device,64
RC00000540,D00030466,A00011836,linked_payout_account,70
RC00000540,A00011836,M00000556,pays_to,88
RC00000541,C000007967,D00034055,uses_device,64
RC00000541,D00034055,A00001427,linked_payout_account,70
RC00000541,A00001427,C000010096,pays_to,88
RC00000542,C000007993,D00034249,uses_device,90
RC00000542,D00034249,A00001513,linked_payout_account,92
RC00000542,A00001513,C000010154,pays_to,62
RC00000543,C000012907,D00020915,uses_device,64
RC00000543,D00020915,A00005767,linked_payout_account,70
RC00000543,A00005767,M00003479,pays_to,88
RC00000544,C000013388,D00024504,uses_device,90
RC00000544,D00024504,A00007358,linked_payout_account,92
RC00000544,A00007358,C000002189,pays_to,88
RC00000545,C000014961,D00036241,uses_device,64
RC00000545,D00036241,A00000561,linked_payout_account,70
RC00000545,A00000561,M00001481,pays_to,88
RC00000546,C000015442,D00039830,uses_device,64
RC00000546,D00039830,A00002152,linked_payout_account,70
RC00000546,A00002152,M00002184,pays_to,88
RC00000547,C000015923,D00043419,uses_device,64
RC00000547,D00043419,A00003743,linked_payout_account,70
RC00000547,A00003743,C000007844,pays_to,88
RC00000548,C000017496,D00005156,uses_device,64
RC00000548,D00005156,A00008946,linked_payout_account,70
RC00000548,A00008946,M00000186,pays_to,88
RC00000549,C000017977,D00008745,uses_device,64
RC00000549,D00008745,A00010537,linked_payout_account,70
RC00000549,A00010537,C000012426,pays_to,88
RC00000550,C000002917,D00045605,uses_device,64
RC00000550,D00045605,A00002877,linked_payout_account,70
RC00000550,A00002877,M00003109,pays_to,88
RC00000551,C000003398,D00049194,uses_device,90
RC00000551,D00049194,A00004468,linked_payout_account,92
RC00000551,A00004468,C000004519,pays_to,88
RC00000552,C000004971,D00010931,uses_device,64
RC00000552,D00010931,A00009671,linked_payout_account,70
RC00000552,A00009671,M00001111,pays_to,88
RC00000553,C000005452,D00014520,uses_device,64
RC00000553,D00014520,A00011262,linked_payout_account,70
RC00000553,A00011262,C000009101,pays_to,88
RC00000554,C000005933,D00018109,uses_device,64
RC00000554,D00018109,A00000853,linked_payout_account,70
RC00000554,A00000853,M00002517,pays_to,88
RC00000555,C000007987,D00033435,uses_device,64
RC00000555,D00033435,A00007647,linked_payout_account,70
RC00000555,A00007647,M00000519,pays_to,88
RC00000556,C000010873,D00004969,uses_device,64
RC00000556,D00004969,A00005193,linked_payout_account,70
RC00000556,A00005193,M00004737,pays_to,88
RC00000557,C000012927,D00020295,uses_device,64
RC00000557,D00020295,A00011987,linked_payout_account,70
RC00000557,A00011987,M00002739,pays_to,88
RC00000558,C000013408,D00023884,uses_device,90
RC00000558,D00023884,A00001578,linked_payout_account,92
RC00000558,A00001578,C000006849,pays_to,88
RC00000559,C000014981,D00035621,uses_device,64
RC00000559,D00035621,A00006781,linked_payout_account,70
RC00000559,A00006781,M00000741,pays_to,88
RC00000560,C000015462,D00039210,uses_device,64
RC00000560,D00039210,A00008372,linked_payout_account,70
RC00000560,A00008372,C000011431,pays_to,88
RC00000561,C000015943,D00042799,uses_device,64
RC00000561,D00042799,A00009963,linked_payout_account,70
RC00000561,A00009963,M00002147,pays_to,88
RC00000562,C000017997,D00008125,uses_device,64
RC00000562,D00008125,A00004757,linked_payout_account,70
RC00000562,A00004757,M00000149,pays_to,88
RC00000563,C000000883,D00029659,uses_device,64
RC00000563,D00029659,A00002303,linked_payout_account,70
RC00000563,A00002303,M00004367,pays_to,88
RC00000564,C000002937,D00044985,uses_device,64
RC00000564,D00044985,A00009097,linked_payout_account,70
RC00000564,A00009097,M00002369,pays_to,88
RC00000565,C000003418,D00048574,uses_device,90
RC00000565,D00048574,A00010688,linked_payout_account,92
RC00000565,A00010688,C000009179,pays_to,88
RC00000566,C000004991,D00010311,uses_device,64
RC00000566,D00010311,A00003891,linked_payout_account,70
RC00000566,A00003891,M00000371,pays_to,88
RC00000567,C000005472,D00013900,uses_device,64
RC00000567,D00013900,A00005482,linked_payout_account,70
RC00000567,A00005482,C000013761,pays_to,88
RC00000568,C000005953,D00017489,uses_device,64
RC00000568,D00017489,A00007073,linked_payout_account,70
RC00000568,A00007073,M00001777,pays_to,88
RC00000569,C000010893,D00004349,uses_device,64
RC00000569,D00004349,A00011413,linked_payout_account,70
RC00000569,A00011413,C000005854,pays_to,88
RC00000570,C000011374,D00007938,uses_device,64
RC00000570,D00007938,A00001004,linked_payout_account,70
RC00000570,A00001004,M00004700,pays_to,88
RC00000571,C000012947,D00019675,uses_device,64
RC00000571,D00019675,A00006207,linked_payout_account,70
RC00000571,A00006207,C000010436,pays_to,88
RC00000572,C000013428,D00023264,uses_device,90
RC00000572,D00023264,A00007798,linked_payout_account,92
RC00000572,A00007798,M00002702,pays_to,88
RC00000573,C000015001,D00035001,uses_device,64
RC00000573,D00035001,A00001001,linked_payout_account,70
RC00000573,A00001001,M00000001,pays_to,88
RC00000574,C000015482,D00038590,uses_device,64
RC00000574,D00038590,A00002592,linked_payout_account,70
RC00000574,A00002592,C000016091,pays_to,88
RC00000575,C000015963,D00042179,uses_device,64
RC00000575,D00042179,A00004183,linked_payout_account,70
RC00000575,A00004183,M00001407,pays_to,88
RC00000576,C000018368,D00010124,uses_device,64
RC00000576,D00010124,A00000138,linked_payout_account,70
RC00000576,A00000138,M00004922,pays_to,88
RC00000577,C000000903,D00029039,uses_device,64
RC00000577,D00029039,A00008523,linked_payout_account,70
RC00000577,A00008523,C000008184,pays_to,88
RC00000578,C000001384,D00032628,uses_device,64
RC00000578,D00032628,A00010114,linked_payout_account,70
RC00000578,A00010114,M00004330,pays_to,88
RC00000579,C000002957,D00044365,uses_device,64
RC00000579,D00044365,A00003317,linked_payout_account,70
RC00000579,A00003317,C000012766,pays_to,88
RC00000580,C000003438,D00047954,uses_device,90
RC00000580,D00047954,A00004908,linked_payout_account,92
RC00000580,A00004908,M00002332,pays_to,88
RC00000581,C000005492,D00013280,uses_device,64
RC00000581,D00013280,A00011702,linked_payout_account,70
RC00000581,A00011702,M00000334,pays_to,88
RC00000582,C000005973,D00016869,uses_device,64
RC00000582,D00016869,A00001293,linked_payout_account,70
RC00000582,A00001293,M00001037,pays_to,88
RC00000583,C000008378,D00034814,uses_device,64
RC00000583,D00034814,A00009248,linked_payout_account,70
RC00000583,A00009248,M00004552,pays_to,88
RC00000584,C000010913,D00003729,uses_device,64
RC00000584,D00003729,A00005633,linked_payout_account,70
RC00000584,A00005633,C000010514,pays_to,88
RC00000585,C000011394,D00007318,uses_device,64
RC00000585,D00007318,A00007224,linked_payout_account,70
RC00000585,A00007224,M00003960,pays_to,88
RC00000586,C000011875,D00010907,uses_device,90
RC00000586,D00010907,A00008815,linked_payout_account,92
RC00000586,A00008815,C000012660,pays_to,88
RC00000587,C000012967,D00019055,uses_device,64
RC00000587,D00019055,A00000427,linked_payout_account,70
RC00000587,A00000427,C000015096,pays_to,88
RC00000588,C000013448,D00022644,uses_device,90
RC00000588,D00022644,A00002018,linked_payout_account,92
RC00000588,A00002018,M00001962,pays_to,88
RC00000589,C000015983,D00041559,uses_device,64
RC00000589,D00041559,A00010403,linked_payout_account,70
RC00000589,A00010403,M00000667,pays_to,88
RC00000590,C000018388,D00009504,uses_device,64
RC00000590,D00009504,A00006358,linked_payout_account,70
RC00000590,A00006358,C000007189,pays_to,88
RC00000591,C000018869,D00013093,uses_device,64
RC00000591,D00013093,A00007949,linked_payout_account,70
RC00000591,A00007949,M00004885,pays_to,88
RC00000592,C000000923,D00028419,uses_device,64
RC00000592,D00028419,A00002743,linked_payout_account,70
RC00000592,A00002743,C000012844,pays_to,88
RC00000593,C000001404,D00032008,uses_device,64
RC00000593,D00032008,A00004334,linked_payout_account,70
RC00000593,A00004334,M00003590,pays_to,88
RC00000594,C000001885,D00035597,uses_device,90
RC00000594,D00035597,A00005925,linked_payout_account,92
RC00000594,A00005925,C000014990,pays_to,88
RC00000595,C000002977,D00043745,uses_device,64
RC00000595,D00043745,A00009537,linked_payout_account,70
RC00000595,A00009537,C000017426,pays_to,88
RC00000596,C000003458,D00047334,uses_device,90
RC00000596,D00047334,A00011128,linked_payout_account,92
RC00000596,A00011128,M00001592,pays_to,88
RC00000597,C000005993,D00016249,uses_device,64
RC00000597,D00016249,A00007513,linked_payout_account,70
RC00000597,A00007513,C000004154,pays_to,88
RC00000598,C000008398,D00034194,uses_device,64
RC00000598,D00034194,A00003468,linked_payout_account,70
RC00000598,A00003468,C000009519,pays_to,88
RC00000599,C000008879,D00037783,uses_device,64
RC00000599,D00037783,A00005059,linked_payout_account,70
RC00000599,A00005059,M00004515,pays_to,88
RC00000600,C000010933,D00003109,uses_device,64
RC00000600,D00003109,A00011853,linked_payout_account,70
RC00000600,A00011853,M00002517,pays_to,88
RC00000601,C000011323,D00006019,uses_device,90
RC00000601,D00006019,A00001143,linked_payout_account,92
RC00000601,A00001143,C000016044,pays_to,62
RC00000602,C000011414,D00006698,uses_device,64
RC00000602,D00006698,A00001444,linked_payout_account,70
RC00000602,A00001444,M00003220,pays_to,88
RC00000603,C000011895,D00010287,uses_device,90
RC00000603,D00010287,A00003035,linked_payout_account,92
RC00000603,A00003035,C000017320,pays_to,88
RC00000604,C000012987,D00018435,uses_device,64
RC00000604,D00018435,A00006647,linked_payout_account,70
RC00000604,A00006647,M00000519,pays_to,88
RC00000605,C000013468,D00022024,uses_device,90
RC00000605,D00022024,A00008238,linked_payout_account,92
RC00000605,A00008238,M00001222,pays_to,88
RC00000606,C000018408,D00008884,uses_device,64
RC00000606,D00008884,A00000578,linked_payout_account,70
RC00000606,A00000578,C000011849,pays_to,88
RC00000607,C000018889,D00012473,uses_device,64
RC00000607,D00012473,A00002169,linked_payout_account,70
RC00000607,A00002169,M00004145,pays_to,88
RC00000608,C000000943,D00027799,uses_device,64
RC00000608,D00027799,A00008963,linked_payout_account,70
RC00000608,A00008963,M00002147,pays_to,88
RC00000609,C000001424,D00031388,uses_device,64
RC00000609,D00031388,A00010554,linked_payout_account,70
RC00000609,A00010554,M00002850,pays_to,88
RC00000610,C000001905,D00034977,uses_device,90
RC00000610,D00034977,A00000145,linked_payout_account,92
RC00000610,A00000145,C000019650,pays_to,88
RC00000611,C000002997,D00043125,uses_device,64
RC00000611,D00043125,A00003757,linked_payout_account,70
RC00000611,A00003757,M00000149,pays_to,88
RC00000612,C000003478,D00046714,uses_device,90
RC00000612,D00046714,A00005348,linked_payout_account,92
RC00000612,A00005348,M00000852,pays_to,88
RC00000613,C000008418,D00033574,uses_device,64
RC00000613,D00033574,A00009688,linked_payout_account,70
RC00000613,A00009688,C000014179,pays_to,88
RC00000614,C000008899,D00037163,uses_device,64
RC00000614,D00037163,A00011279,linked_payout_account,70
RC00000614,A00011279,M00003775,pays_to,88
RC00000615,C000010953,D00002489,uses_device,64
RC00000615,D00002489,A00006073,linked_payout_account,70
RC00000615,A00006073,M00001777,pays_to,88
RC00000616,C000011434,D00006078,uses_device,64
RC00000616,D00006078,A00007664,linked_payout_account,70
RC00000616,A00007664,C000000907,pays_to,88
RC00000617,C000011915,D00009667,uses_device,90
RC00000617,D00009667,A00009255,linked_payout_account,92
RC00000617,A00009255,M00003183,pays_to,88
RC00000618,C000013488,D00021404,uses_device,90
RC00000618,D00021404,A00002458,linked_payout_account,92
RC00000618,A00002458,C000005489,pays_to,88
RC00000619,C000016374,D00042938,uses_device,64
RC00000619,D00042938,A00000004,linked_payout_account,70
RC00000619,A00000004,M00004700,pays_to,88
RC00000620,C000018428,D00008264,uses_device,64
RC00000620,D00008264,A00006798,linked_payout_account,70
RC00000620,A00006798,M00002702,pays_to,88
RC00000621,C000018649,D00009913,uses_device,90
RC00000621,D00009913,A00007529,linked_payout_account,92
RC00000621,A00007529,C000017002,pays_to,62
RC00000622,C000018909,D00011853,uses_device,64
RC00000622,D00011853,A00008389,linked_payout_account,70
RC00000622,A00008389,M00003405,pays_to,88
RC00000623,C000000963,D00027179,uses_device,64
RC00000623,D00027179,A00003183,linked_payout_account,70
RC00000623,A00003183,M00001407,pays_to,88
RC00000624,C000001444,D00030768,uses_device,64
RC00000624,D00030768,A00004774,linked_payout_account,70
RC00000624,A00004774,C000003237,pays_to,88
RC00000625,C000001925,D00034357,uses_device,90
RC00000625,D00034357,A00006365,linked_payout_account,92
RC00000625,A00006365,M00002813,pays_to,88
RC00000626,C000003498,D00046094,uses_device,90
RC00000626,D00046094,A00011568,linked_payout_account,92
RC00000626,A00011568,C000007819,pays_to,88
RC00000627,C000006384,D00017628,uses_device,64
RC00000627,D00017628,A00009114,linked_payout_account,70
RC00000627,A00009114,M00004330,pays_to,88
RC00000628,C000008438,D00032954,uses_device,64
RC00000628,D00032954,A00003908,linked_payout_account,70
RC00000628,A00003908,M00002332,pays_to,88
RC00000629,C000008659,D00034603,uses_device,90
RC00000629,D00034603,A00004639,linked_payout_account,92
RC00000629,A00004639,C000019332,pays_to,62
RC00000630,C000008919,D00036543,uses_device,64
RC00000630,D00036543,A00005499,linked_payout_account,70
RC00000630,A00005499,M00003035,pays_to,88
RC00000631,C000010973,D00001869,uses_device,64
RC00000631,D00001869,A00000293,linked_payout_account,70
RC00000631,A00000293,M00001037,pays_to,88
RC00000632,C000011454,D00005458,uses_device,64
RC00000632,D00005458,A00001884,linked_payout_account,70
RC00000632,A00001884,C000005567,pays_to,88
RC00000633,C000011935,D00009047,uses_device,90
RC00000633,D00009047,A00003475,linked_payout_account,92
RC00000633,A00003475,M00002443,pays_to,88
RC00000634,C000016394,D00042318,uses_device,64
RC00000634,D00042318,A00006224,linked_payout_account,70
RC00000634,A00006224,M00003960,pays_to,88
RC00000635,C000016875,D00045907,uses_device,64
RC00000635,D00045907,A00007815,linked_payout_account,70
RC00000635,A00007815,C000017660,pays_to,88
RC00000636,C000018448,D00007644,uses_device,64
RC00000636,D00007644,A00001018,linked_payout_account,70
RC00000636,A00001018,M00001962,pays_to,88
RC00000637,C000018929,D00011233,uses_device,64
RC00000637,D00011233,A00002609,linked_payout_account,70
RC00000637,A00002609,C000002242,pays_to,88
RC00000638,C000000372,D00022000,uses_device,90
RC00000638,D00022000,A00007382,linked_payout_account,92
RC00000638,A00007382,C000005461,pays_to,88
RC00000639,C000000983,D00026559,uses_device,64
RC00000639,D00026559,A00009403,linked_payout_account,70
RC00000639,A00009403,M00000667,pays_to,88
RC00000640,C000001464,D00030148,uses_device,64
RC00000640,D00030148,A00010994,linked_payout_account,70
RC00000640,A00010994,C000007897,pays_to,88
RC00000641,C000001945,D00033737,uses_device,90
RC00000641,D00033737,A00000585,linked_payout_account,92
RC00000641,A00000585,M00002073,pays_to,88
RC00000642,C000006404,D00017008,uses_device,64
RC00000642,D00017008,A00003334,linked_payout_account,70
RC00000642,A00003334,M00003590,pays_to,88
RC00000643,C000006885,D00020597,uses_device,64
RC00000643,D00020597,A00004925,linked_payout_account,70
RC00000643,A00004925,C000019990,pays_to,88
RC00000644,C000008458,D00032334,uses_device,64
RC00000644,D00032334,A00010128,linked_payout_account,70
RC00000644,A00010128,M00001592,pays_to,88
RC00000645,C000008939,D00035923,uses_device,64
RC00000645,D00035923,A00011719,linked_payout_account,70
RC00000645,A00011719,C000004572,pays_to,88
RC00000646,C000010382,D00046690,uses_device,90
RC00000646,D00046690,A00004492,linked_payout_account,92
RC00000646,A00004492,C000007791,pays_to,88
RC00000647,C000010993,D00001249,uses_device,64
RC00000647,D00001249,A00006513,linked_payout_account,70
RC00000647,A00006513,C000009154,pays_to,88
RC00000648,C000011474,D00004838,uses_device,64
RC00000648,D00004838,A00008104,linked_payout_account,70
RC00000648,A00008104,M00001000,pays_to,88
RC00000649,C000011955,D00008427,uses_device,90
RC00000649,D00008427,A00009695,linked_payout_account,92
RC00000649,A00009695,M00001703,pays_to,88
RC00000650,C000015985,D00038497,uses_device,90
RC00000650,D00038497,A00011025,linked_payout_account,92
RC00000650,A00011025,C000000290,pays_to,62
RC00000651,C000016414,D00041698,uses_device,64
RC00000651,D00041698,A00000444,linked_payout_account,70
RC00000651,A00000444,M00003220,pays_to,88
RC00000652,C000016895,D00045287,uses_device,64
RC00000652,D00045287,A00002035,linked_payout_account,70
RC00000652,A00002035,C000002320,pays_to,88
RC00000653,C000018468,D00007024,uses_device,64
RC00000653,D00007024,A00007238,linked_payout_account,70
RC00000653,A00007238,M00001222,pays_to,88
RC00000654,C000018949,D00010613,uses_device,64
RC00000654,D00010613,A00008829,linked_payout_account,70
RC00000654,A00008829,C000006902,pays_to,88
RC00000655,C000000392,D00021380,uses_device,90
RC00000655,D00021380,A00001602,linked_payout_account,92
RC00000655,A00001602,M00004034,pays_to,88
RC00000656,C000001484,D00029528,uses_device,64
RC00000656,D00029528,A00005214,linked_payout_account,70
RC00000656,A00005214,M00000630,pays_to,88
RC00000657,C000001965,D00033117,uses_device,90
RC00000657,D00033117,A00006805,linked_payout_account,92
RC00000657,A00006805,C000013630,pays_to,88
RC00000658,C000004370,D00001062,uses_device,64
RC00000658,D00001062,A00002760,linked_payout_account,70
RC00000658,A00002760,C000018995,pays_to,88
RC00000659,C000005995,D00013187,uses_device,90
RC00000659,D00013187,A00008135,linked_payout_account,92
RC00000659,A00008135,C000002620,pays_to,62
RC00000660,C000006424,D00016388,uses_device,64
RC00000660,D00016388,A00009554,linked_payout_account,70
RC00000660,A00009554,M00002850,pays_to,88
RC00000661,C000006905,D00019977,uses_device,64
RC00000661,D00019977,A00011145,linked_payout_account,70
RC00000661,A00011145,C000004650,pays_to,88
RC00000662,C000008478,D00031714,uses_device,64
RC00000662,D00031714,A00004348,linked_payout_account,70
RC00000662,A00004348,M00000852,pays_to,88
RC00000663,C000008959,D00035303,uses_device,64
RC00000663,D00035303,A00005939,linked_payout_account,70
RC00000663,A00005939,C000009232,pays_to,88
RC00000664,C000010402,D00046070,uses_device,90
RC00000664,D00046070,A00010712,linked_payout_account,92
RC00000664,A00010712,M00003664,pays_to,88
RC00000665,C000011494,D00004218,uses_device,64
RC00000665,D00004218,A00002324,linked_payout_account,70
RC00000665,A00002324,M00000260,pays_to,88
RC00000666,C000011975,D00007807,uses_device,90
RC00000666,D00007807,A00003915,linked_payout_account,92
RC00000666,A00003915,C000015960,pays_to,88
RC00000667,C000014380,D00025752,uses_device,64
RC00000667,D00025752,A00011870,linked_payout_account,70
RC00000667,A00011870,C000001325,pays_to,88
RC00000668,C000016434,D00041078,uses_device,64
RC00000668,D00041078,A00006664,linked_payout_account,70
RC00000668,A00006664,C000005907,pays_to,88
RC00000669,C000016915,D00044667,uses_device,64
RC00000669,D00044667,A00008255,linked_payout_account,70
RC00000669,A00008255,M00003183,pays_to,88
RC00000670,C000018488,D00006404,uses_device,64
RC00000670,D00006404,A00001458,linked_payout_account,70
RC00000670,A00001458,C000010489,pays_to,88
RC00000671,C000018969,D00009993,uses_device,64
RC00000671,D00009993,A00003049,linked_payout_account,70
RC00000671,A00003049,M00001185,pays_to,88
RC00000672,C000000412,D00020760,uses_device,90
RC00000672,D00020760,A00007822,linked_payout_account,92
RC00000672,A00007822,M00003294,pays_to,88
RC00000673,C000001985,D00032497,uses_device,90
RC00000673,D00032497,A00001025,linked_payout_account,92
RC00000673,A00001025,C000018290,pays_to,88
RC00000674,C000004390,D00000442,uses_device,64
RC00000674,D00000442,A00008980,linked_payout_account,70
RC00000674,A00008980,C000003655,pays_to,88
RC00000675,C000004871,D00004031,uses_device,64
RC00000675,D00004031,A00010571,linked_payout_account,70
RC00000675,A00010571,M00004811,pays_to,88
RC00000676,C000006444,D00015768,uses_device,64
RC00000676,D00015768,A00003774,linked_payout_account,70
RC00000676,A00003774,C000008237,pays_to,88
RC00000677,C000006925,D00019357,uses_device,64
RC00000677,D00019357,A00005365,linked_payout_account,70
RC00000677,A00005365,M00002813,pays_to,88
RC00000678,C000008498,D00031094,uses_device,64
RC00000678,D00031094,A00010568,linked_payout_account,70
RC00000678,A00010568,C000012819,pays_to,88
RC00000679,C000008979,D00034683,uses_device,64
RC00000679,D00034683,A00000159,linked_payout_account,70
RC00000679,A00000159,M00000815,pays_to,88
RC00000680,C000010422,D00045450,uses_device,90
RC00000680,D00045450,A00004932,linked_payout_account,92
RC00000680,A00004932,M00002924,pays_to,88
RC00000681,C000011995,D00007187,uses_device,90
RC00000681,D00007187,A00010135,linked_payout_account,92
RC00000681,A00010135,C000000620,pays_to,88
RC00000682,C000013321,D00017081,uses_device,90
RC00000682,D00017081,A00002521,linked_payout_account,92
RC00000682,A00002521,C000003578,pays_to,62
RC00000683,C000014400,D00025132,uses_device,64
RC00000683,D00025132,A00006090,linked_payout_account,70
RC00000683,A00006090,C000005985,pays_to,88
RC00000684,C000014881,D00028721,uses_device,64
RC00000684,D00028721,A00007681,linked_payout_account,70
RC00000684,A00007681,M00004441,pays_to,88
RC00000685,C000016454,D00040458,uses_device,64
RC00000685,D00040458,A00000884,linked_payout_account,70
RC00000685,A00000884,C000010567,pays_to,88
RC00000686,C000016935,D00044047,uses_device,64
RC00000686,D00044047,A00002475,linked_payout_account,70
RC00000686,A00002475,M00002443,pays_to,88
RC00000687,C000018989,D00009373,uses_device,64
RC00000687,D00009373,A00009269,linked_payout_account,70
RC00000687,A00009269,M00000445,pays_to,88
RC00000688,C000000432,D00020140,uses_device,90
RC00000688,D00020140,A00002042,linked_payout_account,92
RC00000688,A00002042,M00002554,pays_to,88
RC00000689,C000001875,D00030907,uses_device,64
RC00000689,D00030907,A00006815,linked_payout_account,70
RC00000689,A00006815,C000002660,pays_to,88
RC00000690,C000003331,D00041771,uses_device,90
RC00000690,D00041771,A00011631,linked_payout_account,92
RC00000690,A00011631,C000005908,pays_to,62
RC00000691,C000004410,D00049822,uses_device,64
RC00000691,D00049822,A00003200,linked_payout_account,70
RC00000691,A00003200,M00003368,pays_to,88
RC00000692,C000004891,D00003411,uses_device,64
RC00000692,D00003411,A00004791,linked_payout_account,70
RC00000692,A00004791,M00004071,pays_to,88
RC00000693,C000006464,D00015148,uses_device,64
RC00000693,D00015148,A00009994,linked_payout_account,70
RC00000693,A00009994,C000012897,pays_to,88
RC00000694,C000006945,D00018737,uses_device,64
RC00000694,D00018737,A00011585,linked_payout_account,70
RC00000694,A00011585,M00002073,pays_to,88
RC00000695,C000008869,D00033093,uses_device,64
RC00000695,D00033093,A00005949,linked_payout_account,70
RC00000695,A00005949,M00004885,pays_to,88
RC00000696,C000008999,D00034063,uses_device,64
RC00000696,D00034063,A00006379,linked_payout_account,70
RC00000696,A00006379,M00000075,pays_to,88
RC00000697,C000010442,D00044830,uses_device,90
RC00000697,D00044830,A00011152,linked_payout_account,92
RC00000697,A00011152,M00002184,pays_to,88
RC00000698,C000011885,D00005597,uses_device,64
RC00000698,D00005597,A00003925,linked_payout_account,70
RC00000698,A00003925,C000004990,pays_to,88
RC00000699,C000012366,D00009186,uses_device,64
RC00000699,D00009186,A00005516,linked_payout_account,70
RC00000699,A00005516,M00004996,pays_to,88
RC00000700,C000014420,D00024512,uses_device,64
RC00000700,D00024512,A00000310,linked_payout_account,70
RC00000700,A00000310,M00002998,pays_to,88
RC00000701,C000014901,D00028101,uses_device,64
RC00000701,D00028101,A00001901,linked_payout_account,70
RC00000701,A00001901,M00003701,pays_to,88
RC00000702,C000016474,D00039838,uses_device,64
RC00000702,D00039838,A00007104,linked_payout_account,70
RC00000702,A00007104,M00001000,pays_to,88
RC00000703,C000016955,D00043427,uses_device,64
RC00000703,D00043427,A00008695,linked_payout_account,70
RC00000703,A00008695,M00001703,pays_to,88
RC00000704,C000018879,D00007783,uses_device,64
RC00000704,D00007783,A00003059,linked_payout_account,70
RC00000704,A00003059,M00004515,pays_to,88
RC00000705,C000000452,D00019520,uses_device,90
RC00000705,D00019520,A00008262,linked_payout_account,92
RC00000705,A00008262,C000004101,pays_to,88
RC00000706,C000001895,D00030287,uses_device,64
RC00000706,D00030287,A00001035,linked_payout_account,70
RC00000706,A00001035,C000007320,pays_to,88
RC00000707,C000002376,D00033876,uses_device,64
RC00000707,D00033876,A00002626,linked_payout_account,70
RC00000707,A00002626,M00004626,pays_to,88
RC00000708,C000004430,D00049202,uses_device,64
RC00000708,D00049202,A00009420,linked_payout_account,70
RC00000708,A00009420,M00002628,pays_to,88
RC00000709,C000004911,D00002791,uses_device,64
RC00000709,D00002791,A00011011,linked_payout_account,70
RC00000709,A00011011,C000014048,pays_to,88
RC00000710,C000006484,D00014528,uses_device,64
RC00000710,D00014528,A00004214,linked_payout_account,70
RC00000710,A00004214,M00000630,pays_to,88
RC00000711,C000006965,D00018117,uses_device,64
RC00000711,D00018117,A00005805,linked_payout_account,70
RC00000711,A00005805,C000018630,pays_to,88
RC00000712,C000008889,D00032473,uses_device,64
RC00000712,D00032473,A00000169,linked_payout_account,70
RC00000712,A00000169,M00004145,pays_to,88
RC00000713,C000010462,D00044210,uses_device,90
RC00000713,D00044210,A00005372,linked_payout_account,92
RC00000713,A00005372,C000006431,pays_to,88
RC00000714,C000010657,D00045665,uses_device,90
RC00000714,D00045665,A00006017,linked_payout_account,92
RC00000714,A00006017,C000006866,pays_to,62
RC00000715,C000011905,D00004977,uses_device,64
RC00000715,D00004977,A00010145,linked_payout_account,70
RC00000715,A00010145,C000009650,pays_to,88
RC00000716,C000012386,D00008566,uses_device,64
RC00000716,D00008566,A00011736,linked_payout_account,70
RC00000716,A00011736,M00004256,pays_to,88
RC00000717,C000014440,D00023892,uses_device,64
RC00000717,D00023892,A00006530,linked_payout_account,70
RC00000717,A00006530,M00002258,pays_to,88
RC00000718,C000014921,D00027481,uses_device,64
RC00000718,D00027481,A00008121,linked_payout_account,70
RC00000718,A00008121,C000016378,pays_to,88
RC00000719,C000016494,D00039218,uses_device,64
RC00000719,D00039218,A00001324,linked_payout_account,70
RC00000719,A00001324,M00000260,pays_to,88
RC00000720,C000016975,D00042807,uses_device,64
RC00000720,D00042807,A00002915,linked_payout_account,70
RC00000720,A00002915,C000000960,pays_to,88
RC00000721,C000018899,D00007163,uses_device,64
RC00000721,D00007163,A00009279,linked_payout_account,70
RC00000721,A00009279,M00003775,pays_to,88
RC00000722,C000000472,D00018900,uses_device,90
RC00000722,D00018900,A00002482,linked_payout_account,92
RC00000722,A00002482,C000008761,pays_to,88
RC00000723,C000000667,D00020355,uses_device,90
RC00000723,D00020355,A00003127,linked_payout_account,92
RC00000723,A00003127,C000009196,pays_to,62
RC00000724,C000001915,D00029667,uses_device,64
RC00000724,D00029667,A00007255,linked_payout_account,70
RC00000724,A00007255,M00003183,pays_to,88
RC00000725,C000002396,D00033256,uses_device,64
RC00000725,D00033256,A00008846,linked_payout_account,70
RC00000725,A00008846,M00003886,pays_to,88
RC00000726,C000004450,D00048582,uses_device,64
RC00000726,D00048582,A00003640,linked_payout_account,70
RC00000726,A00003640,M00001888,pays_to,88
RC00000727,C000004931,D00002171,uses_device,64
RC00000727,D00002171,A00005231,linked_payout_account,70
RC00000727,A00005231,C000018708,pays_to,88
RC00000728,C000006985,D00017497,uses_device,64
RC00000728,D00017497,A00000025,linked_payout_account,70
RC00000728,A00000025,C000003290,pays_to,88
RC00000729,C000008909,D00031853,uses_device,64
RC00000729,D00031853,A00006389,linked_payout_account,70
RC00000729,A00006389,M00003405,pays_to,88
RC00000730,C000009871,D00039031,uses_device,64
RC00000730,D00039031,A00009571,linked_payout_account,70
RC00000730,A00009571,M00004811,pays_to,88
RC00000731,C000010482,D00043590,uses_device,90
RC00000731,D00043590,A00011592,linked_payout_account,92
RC00000731,A00011592,C000011091,pays_to,88
RC00000732,C000011925,D00004357,uses_device,64
RC00000732,D00004357,A00004365,linked_payout_account,70
RC00000732,A00004365,M00002813,pays_to,88
RC00000733,C000012406,D00007946,uses_device,64
RC00000733,D00007946,A00005956,linked_payout_account,70
RC00000733,A00005956,C000015383,pays_to,88
RC00000734,C000014460,D00023272,uses_device,64
RC00000734,D00023272,A00000750,linked_payout_account,70
RC00000734,A00000750,M00001518,pays_to,88
RC00000735,C000014941,D00026861,uses_device,64
RC00000735,D00026861,A00002341,linked_payout_account,70
RC00000735,A00002341,C000001038,pays_to,88
RC00000736,C000016995,D00042187,uses_device,64
RC00000736,D00042187,A00009135,linked_payout_account,70
RC00000736,A00009135,C000005620,pays_to,88
RC00000737,C000018919,D00006543,uses_device,64
RC00000737,D00006543,A00003499,linked_payout_account,70
RC00000737,A00003499,M00003035,pays_to,88
RC00000738,C000019881,D00013721,uses_device,64
RC00000738,D00013721,A00006681,linked_payout_account,70
RC00000738,A00006681,M00004441,pays_to,88
RC00000739,C000000492,D00018280,uses_device,90
RC00000739,D00018280,A00008702,linked_payout_account,92
RC00000739,A00008702,M00000334,pays_to,88
RC00000740,C000001935,D00029047,uses_device,64
RC00000740,D00029047,A00001475,linked_payout_account,70
RC00000740,A00001475,M00002443,pays_to,88
RC00000741,C000002416,D00032636,uses_device,64
RC00000741,D00032636,A00003066,linked_payout_account,70
RC00000741,A00003066,C000017713,pays_to,88
RC00000742,C000004470,D00047962,uses_device,64
RC00000742,D00047962,A00009860,linked_payout_account,70
RC00000742,A00009860,C000002295,pays_to,88
RC00000743,C000004951,D00001551,uses_device,64
RC00000743,D00001551,A00011451,linked_payout_account,70
RC00000743,A00011451,M00001851,pays_to,88
RC00000744,C000007993,D00024249,uses_device,90
RC00000744,D00024249,A00009513,linked_payout_account,92
RC00000744,A00009513,C000010154,pays_to,62
RC00000745,C000008929,D00031233,uses_device,64
RC00000745,D00031233,A00000609,linked_payout_account,70
RC00000745,A00000609,C000012242,pays_to,88
RC00000746,C000009891,D00038411,uses_device,64
RC00000746,D00038411,A00003791,linked_payout_account,70
RC00000746,A00003791,M00004071,pays_to,88
RC00000747,C000010372,D00042000,uses_device,64
RC00000747,D00042000,A00005382,linked_payout_account,70
RC00000747,A00005382,C000015461,pays_to,88
RC00000748,C000011945,D00003737,uses_device,64
RC00000748,D00003737,A00010585,linked_payout_account,70
RC00000748,A00010585,M00002073,pays_to,88
RC00000749,C000012426,D00007326,uses_device,64
RC00000749,D00007326,A00000176,linked_payout_account,70
RC00000749,A00000176,C000000043,pays_to,88
RC00000750,C000014480,D00022652,uses_device,64
RC00000750,D00022652,A00006970,linked_payout_account,70
RC00000750,A00006970,C000004625,pays_to,88
RC00000751,C000014961,D00026241,uses_device,64
RC00000751,D00026241,A00008561,linked_payout_account,70
RC00000751,A00008561,M00001481,pays_to,88
RC00000752,C000017366,D00044186,uses_device,64
RC00000752,D00044186,A00004516,linked_payout_account,70
RC00000752,A00004516,M00004996,pays_to,88
RC00000753,C000018939,D00005923,uses_device,64
RC00000753,D00005923,A00009719,linked_payout_account,70
RC00000753,A00009719,C000014572,pays_to,88
RC00000754,C000019901,D00013101,uses_device,64
RC00000754,D00013101,A00000901,linked_payout_account,70
RC00000754,A00000901,M00003701,pays_to,88
RC00000755,C000000382,D00016690,uses_device,64
RC00000755,D00016690,A00002492,linked_payout_account,70
RC00000755,A00002492,C000017791,pays_to,88
RC00000756,C000001955,D00028427,uses_device,64
RC00000756,D00028427,A00007695,linked_payout_account,70
RC00000756,A00007695,M00001703,pays_to,88
RC00000757,C000002436,D00032016,uses_device,64
RC00000757,D00032016,A00009286,linked_payout_account,70
RC00000757,A00009286,C000002373,pays_to,88
RC00000758,C000004490,D00047342,uses_device,64
RC00000758,D00047342,A00004080,linked_payout_account,70
RC00000758,A00004080,C000006955,pays_to,88
RC00000759,C000004971,D00000931,uses_device,64
RC00000759,D00000931,A00005671,linked_payout_account,70
RC00000759,A00005671,M00001111,pays_to,88
RC00000760,C000007376,D00018876,uses_device,64
RC00000760,D00018876,A00001626,linked_payout_account,70
RC00000760,A00001626,M00004626,pays_to,88
RC00000761,C000008949,D00030613,uses_device,64
RC00000761,D00030613,A00006829,linked_payout_account,70
RC00000761,A00006829,C000016902,pays_to,88
RC00000762,C000009911,D00037791,uses_device,64
RC00000762,D00037791,A00010011,linked_payout_account,70
RC00000762,A00010011,C000019048,pays_to,88
RC00000763,C000010392,D00041380,uses_device,64
RC00000763,D00041380,A00011602,linked_payout_account,70
RC00000763,A00011602,M00004034,pays_to,88
RC00000764,C000011965,D00003117,uses_device,64
RC00000764,D00003117,A00004805,linked_payout_account,70
RC00000764,A00004805,C000003630,pays_to,88
RC00000765,C000012446,D00006706,uses_device,64
RC00000765,D00006706,A00006396,linked_payout_account,70
RC00000765,A00006396,M00002036,pays_to,88
RC00000766,C000014500,D00022032,uses_device,64
RC00000766,D00022032,A00001190,linked_payout_account,70
RC00000766,A00001190,C000009285,pays_to,88
RC00000767,C000014981,D00025621,uses_device,64
RC00000767,D00025621,A00002781,linked_payout_account,70
RC00000767,A00002781,M00000741,pays_to,88
RC00000768,C000017386,D00043566,uses_device,64
RC00000768,D00043566,A00010736,linked_payout_account,70
RC00000768,A00010736,M00004256,pays_to,88
RC00000769,C000017867,D00047155,uses_device,64
RC00000769,D00047155,A00000327,linked_payout_account,70
RC00000769,A00000327,C000016796,pays_to,88
RC00000770,C000018959,D00005303,uses_device,64
RC00000770,D00005303,A00003939,linked_payout_account,70
RC00000770,A00003939,C000019232,pays_to,88
RC00000771,C000019921,D00012481,uses_device,64
RC00000771,D00012481,A00007121,linked_payout_account,70
RC00000771,A00007121,C000001378,pays_to,88
RC00000772,C000000402,D00016070,uses_device,64
RC00000772,D00016070,A00008712,linked_payout_account,70
RC00000772,A00008712,M00003664,pays_to,88
RC00000773,C000001975,D00027807,uses_device,64
RC00000773,D00027807,A00001915,linked_payout_account,70
RC00000773,A00001915,C000005960,pays_to,88
RC00000774,C000002456,D00031396,uses_device,64
RC00000774,D00031396,A00003506,linked_payout_account,70
RC00000774,A00003506,M00001666,pays_to,88
RC00000775,C000004991,D00000311,uses_device,64
RC00000775,D00000311,A00011891,linked_payout_account,70
RC00000775,A00011891,M00000371,pays_to,88
RC00000776,C000007396,D00018256,uses_device,64
RC00000776,D00018256,A00007846,linked_payout_account,70
RC00000776,A00007846,M00003886,pays_to,88
RC00000777,C000007877,D00021845,uses_device,64
RC00000777,D00021845,A00009437,linked_payout_account,70
RC00000777,A00009437,C000019126,pays_to,88
RC00000778,C000008969,D00029993,uses_device,64
RC00000778,D00029993,A00001049,linked_payout_account,70
RC00000778,A00001049,M00001185,pays_to,88
RC00000779,C000009931,D00037171,uses_device,64
RC00000779,D00037171,A00004231,linked_payout_account,70
RC00000779,A00004231,C000003708,pays_to,88
RC00000780,C000010412,D00040760,uses_device,64
RC00000780,D00040760,A00005822,linked_payout_account,70
RC00000780,A00005822,M00003294,pays_to,88
RC00000781,C000011985,D00002497,uses_device,64
RC00000781,D00002497,A00011025,linked_payout_account,70
RC00000781,A00011025,C000008290,pays_to,88
RC00000782,C000012466,D00006086,uses_device,64
RC00000782,D00006086,A00000616,linked_payout_account,70
RC00000782,A00000616,M00001296,pays_to,88
RC00000783,C000015001,D00025001,uses_device,64
RC00000783,D00025001,A00009001,linked_payout_account,70
RC00000783,A00009001,M00000001,pays_to,88
RC00000784,C000017406,D00042946,uses_device,64
RC00000784,D00042946,A00004956,linked_payout_account,70
RC00000784,A00004956,C000000383,pays_to,88
RC00000785,C000017887,D00046535,uses_device,64
RC00000785,D00046535,A00006547,linked_payout_account,70
RC00000785,A00006547,M00004219,pays_to,88
RC00000786,C000018368,D00000124,uses_device,64
RC00000786,D00000124,A00008138,linked_payout_account,70
RC00000786,A00008138,M00004922,pays_to,88
RC00000787,C000018979,D00004683,uses_device,64
RC00000787,D00004683,A00010159,linked_payout_account,70
RC00000787,A00010159,M00000815,pays_to,88
RC00000788,C000019941,D00011861,uses_device,64
RC00000788,D00011861,A00001341,linked_payout_account,70
RC00000788,A00001341,C000006038,pays_to,88
RC00000789,C000000422,D00015450,uses_device,64
RC00000789,D00015450,A00002932,linked_payout_account,70
RC00000789,A00002932,M00002924,pays_to,88
RC00000790,C000001995,D00027187,uses_device,64
RC00000790,D00027187,A00008135,linked_payout_account,70
RC00000790,A00008135,C000010620,pays_to,88
RC00000791,C000002476,D00030776,uses_device,64
RC00000791,D00030776,A00009726,linked_payout_account,70
RC00000791,A00009726,M00000926,pays_to,88
RC00000792,C000007416,D00017636,uses_device,64
RC00000792,D00017636,A00002066,linked_payout_account,70
RC00000792,A00002066,C000002713,pays_to,88
RC00000793,C000007897,D00021225,uses_device,64
RC00000793,D00021225,A00003657,linked_payout_account,70
RC00000793,A00003657,M00003849,pays_to,88
RC00000794,C000008378,D00024814,uses_device,64
RC00000794,D00024814,A00005248,linked_payout_account,70
RC00000794,A00005248,M00004552,pays_to,88
RC00000795,C000008989,D00029373,uses_device,64
RC00000795,D00029373,A00007269,linked_payout_account,70
RC00000795,A00007269,M00000445,pays_to,88
RC00000796,C000009951,D00036551,uses_device,64
RC00000796,D00036551,A00010451,linked_payout_account,70
RC00000796,A00010451,M00001851,pays_to,88
RC00000797,C000010432,D00040140,uses_device,64
RC00000797,D00040140,A00000042,linked_payout_account,70
RC00000797,A00000042,M00002554,pays_to,88
RC00000798,C000012486,D00005466,uses_device,64
RC00000798,D00005466,A00006836,linked_payout_account,70
RC00000798,A00006836,M00000556,pays_to,88
RC00000799,C000015372,D00027000,uses_device,64
RC00000799,D00027000,A00004382,linked_payout_account,70
RC00000799,A00004382,C000000461,pays_to,88
RC00000800,C000017426,D00042326,uses_device,64
RC00000800,D00042326,A00011176,linked_payout_account,70
RC00000800,A00011176,C000005043,pays_to,88
RC00000801,C000017907,D00045915,uses_device,64
RC00000801,D00045915,A00000767,linked_payout_account,70
RC00000801,A00000767,M00003479,pays_to,88
RC00000802,C000018388,D00049504,uses_device,64
RC00000802,D00049504,A00002358,linked_payout_account,70
RC00000802,A00002358,C000007189,pays_to,88
RC00000803,C000018999,D00004063,uses_device,64
RC00000803,D00004063,A00004379,linked_payout_account,70
RC00000803,A00004379,M00000075,pays_to,88
RC00000804,C000019961,D00011241,uses_device,64
RC00000804,D00011241,A00007561,linked_payout_account,70
RC00000804,A00007561,M00001481,pays_to,88
RC00000805,C000000442,D00014830,uses_device,64
RC00000805,D00014830,A00009152,linked_payout_account,70
RC00000805,A00009152,M00002184,pays_to,88
RC00000806,C000002496,D00030156,uses_device,64
RC00000806,D00030156,A00003946,linked_payout_account,70
RC00000806,A00003946,M00000186,pays_to,88
RC00000807,C000005382,D00001690,uses_device,64
RC00000807,D00001690,A00001492,linked_payout_account,70
RC00000807,A00001492,C000002791,pays_to,88
RC00000808,C000007436,D00017016,uses_device,64
RC00000808,D00017016,A00008286,linked_payout_account,70
RC00000808,A00008286,C000007373,pays_to,88
RC00000809,C000007917,D00020605,uses_device,64
RC00000809,D00020605,A00009877,linked_payout_account,70
RC00000809,A00009877,M00003109,pays_to,88
RC00000810,C000008398,D00024194,uses_device,64
RC00000810,D00024194,A00011468,linked_payout_account,70
RC00000810,A00011468,C000009519,pays_to,88
RC00000811,C000009971,D00035931,uses_device,64
RC00000811,D00035931,A00004671,linked_payout_account,70
RC00000811,A00004671,M00001111,pays_to,88
RC00000812,C000010452,D00039520,uses_device,64
RC00000812,D00039520,A00006262,linked_payout_account,70
RC00000812,A00006262,C000014101,pays_to,88
RC00000813,C000011323,D00046019,uses_device,90
RC00000813,D00046019,A00009143,linked_payout_account,92
RC00000813,A00009143,C000016044,pays_to,62
RC00000814,C000015392,D00026380,uses_device,64
RC00000814,D00026380,A00010602,linked_payout_account,70
RC00000814,A00010602,M00004034,pays_to,88
RC00000815,C000015873,D00029969,uses_device,90
RC00000815,D00029969,A00000193,linked_payout_account,92
RC00000815,A00000193,M00004737,pays_to,88
RC00000816,C000017446,D00041706,uses_device,64
RC00000816,D00041706,A00005396,linked_payout_account,70
RC00000816,A00005396,M00002036,pays_to,88
RC00000817,C000017927,D00045295,uses_device,64
RC00000817,D00045295,A00006987,linked_payout_account,70
RC00000817,A00006987,M00002739,pays_to,88
RC00000818,C000018408,D00048884,uses_device,64
RC00000818,D00048884,A00008578,linked_payout_account,70
RC00000818,A00008578,C000011849,pays_to,88
RC00000819,C000019981,D00010621,uses_device,64
RC00000819,D00010621,A00001781,linked_payout_account,70
RC00000819,A00001781,M00000741,pays_to,88
RC00000820,C000000462,D00014210,uses_device,64
RC00000820,D00014210,A00003372,linked_payout_account,70
RC00000820,A00003372,C000016431,pays_to,88
RC00000821,C000005402,D00001070,uses_device,64
RC00000821,D00001070,A00007712,linked_payout_account,70
RC00000821,A00007712,M00003664,pays_to,88
RC00000822,C000005883,D00004659,uses_device,90
RC00000822,D00004659,A00009303,linked_payout_account,92
RC00000822,A00009303,M00004367,pays_to,88
RC00000823,C000007456,D00016396,uses_device,64
RC00000823,D00016396,A00002506,linked_payout_account,70
RC00000823,A00002506,M00001666,pays_to,88
RC00000824,C000007937,D00019985,uses_device,64
RC00000824,D00019985,A00004097,linked_payout_account,70
RC00000824,A00004097,M00002369,pays_to,88
RC00000825,C000008418,D00023574,uses_device,64
RC00000825,D00023574,A00005688,linked_payout_account,70
RC00000825,A00005688,C000014179,pays_to,88
RC00000826,C000009991,D00035311,uses_device,64
RC00000826,D00035311,A00010891,linked_payout_account,70
RC00000826,A00010891,M00000371,pays_to,88
RC00000827,C000010472,D00038900,uses_device,64
RC00000827,D00038900,A00000482,linked_payout_account,70
RC00000827,A00000482,C000018761,pays_to,88
RC00000828,C000015412,D00025760,uses_device,64
RC00000828,D00025760,A00004822,linked_payout_account,70
RC00000828,A00004822,M00003294,pays_to,88
RC00000829,C000015893,D00029349,uses_device,90
RC00000829,D00029349,A00006413,linked_payout_account,92
RC00000829,A00006413,C000010854,pays_to,88
RC00000830,C000017466,D00041086,uses_device,64
RC00000830,D00041086,A00011616,linked_payout_account,70
RC00000830,A00011616,M00001296,pays_to,88
RC00000831,C000017947,D00044675,uses_device,64
RC00000831,D00044675,A00001207,linked_payout_account,70
RC00000831,A00001207,C000015436,pays_to,88
RC00000832,C000018428,D00048264,uses_device,64
RC00000832,D00048264,A00002798,linked_payout_account,70
RC00000832,A00002798,M00002702,pays_to,88
RC00000833,C000018649,D00049913,uses_device,90
RC00000833,D00049913,A00003529,linked_payout_account,92
RC00000833,A00003529,C000017002,pays_to,62
RC00000834,C000000001,D00010001,uses_device,64
RC00000834,D00010001,A00008001,linked_payout_account,70
RC00000834,A00008001,M00000001,pays_to,88
RC00000835,C000000482,D00013590,uses_device,64
RC00000835,D00013590,A00009592,linked_payout_account,70
RC00000835,A00009592,C000001091,pays_to,88
RC00000836,C000003368,D00035124,uses_device,64
RC00000836,D00035124,A00007138,linked_payout_account,70
RC00000836,A00007138,M00004922,pays_to,88
RC00000837,C000005422,D00000450,uses_device,64
RC00000837,D00000450,A00001932,linked_payout_account,70
RC00000837,A00001932,M00002924,pays_to,88
RC00000838,C000005903,D00004039,uses_device,90
RC00000838,D00004039,A00003523,linked_payout_account,92
RC00000838,A00003523,C000013184,pays_to,88
RC00000839,C000007476,D00015776,uses_device,64
RC00000839,D00015776,A00008726,linked_payout_account,70
RC00000839,A00008726,M00000926,pays_to,88
RC00000840,C000007957,D00019365,uses_device,64
RC00000840,D00019365,A00010317,linked_payout_account,70
RC00000840,A00010317,C000017766,pays_to,88
RC00000841,C000008438,D00022954,uses_device,64
RC00000841,D00022954,A00011908,linked_payout_account,70
RC00000841,A00011908,M00002332,pays_to,88
RC00000842,C000008659,D00024603,uses_device,90
RC00000842,D00024603,A00000639,linked_payout_account,92
RC00000842,A00000639,C000019332,pays_to,62
RC00000843,C000010492,D00038280,uses_device,64
RC00000843,D00038280,A00006702,linked_payout_account,70
RC00000843,A00006702,M00000334,pays_to,88
RC00000844,C000013378,D00009814,uses_device,64
RC00000844,D00009814,A00004248,linked_payout_account,70
RC00000844,A00004248,M00004552,pays_to,88
RC00000845,C000015432,D00025140,uses_device,64
RC00000845,D00025140,A00011042,linked_payout_account,70
RC00000845,A00011042,M00002554,pays_to,88
RC00000846,C000015913,D00028729,uses_device,90
RC00000846,D00028729,A00000633,linked_payout_account,92
RC00000846,A00000633,C000015514,pays_to,88
RC00000847,C000017486,D00040466,uses_device,64
RC00000847,D00040466,A00005836,linked_payout_account,70
RC00000847,A00005836,M00000556,pays_to,88
RC00000848,C000017967,D00044055,uses_device,64
RC00000848,D00044055,A00007427,linked_payout_account,70
RC00000848,A00007427,C000000096,pays_to,88
RC00000849,C000018448,D00047644,uses_device,64
RC00000849,D00047644,A00009018,linked_payout_account,70
RC00000849,A00009018,M00001962,pays_to,88
RC00000850,C000003388,D00034504,uses_device,64
RC00000850,D00034504,A00001358,linked_payout_account,70
RC00000850,A00001358,C000012189,pays_to,88
RC00000851,C000003869,D00038093,uses_device,64
RC00000851,D00038093,A00002949,linked_payout_account,70
RC00000851,A00002949,M00004885,pays_to,88
RC00000852,C000005442,D00049830,uses_device,64
RC00000852,D00049830,A00008152,linked_payout_account,70
RC00000852,A00008152,M00002184,pays_to,88
RC00000853,C000005923,D00003419,uses_device,90
RC00000853,D00003419,A00009743,linked_payout_account,92
RC00000853,A00009743,C000017844,pays_to,88
RC00000854,C000007496,D00015156,uses_device,64
RC00000854,D00015156,A00002946,linked_payout_account,70
RC00000854,A00002946,M00000186,pays_to,88
RC00000855,C000007977,D00018745,uses_device,64
RC00000855,D00018745,A00004537,linked_payout_account,70
RC00000855,A00004537,C000002426,pays_to,88
RC00000856,C000008458,D00022334,uses_device,64
RC00000856,D00022334,A00006128,linked_payout_account,70
RC00000856,A00006128,M00001592,pays_to,88
RC00000857,C000013398,D00009194,uses_device,64
RC00000857,D00009194,A00010468,linked_payout_account,70
RC00000857,A00010468,C000014519,pays_to,88
RC00000858,C000013879,D00012783,uses_device,64
RC00000858,D00012783,A00000059,linked_payout_account,70
RC00000858,A00000059,M00004515,pays_to,88
RC00000859,C000015452,D00024520,uses_device,64
RC00000859,D00024520,A00005262,linked_payout_account,70
RC00000859,A00005262,C000019101,pays_to,88
RC00000860,C000015933,D00028109,uses_device,90
RC00000860,D00028109,A00006853,linked_payout_account,92
RC00000860,A00006853,M00002517,pays_to,88
RC00000861,C000015985,D00028497,uses_device,90
RC00000861,D00028497,A00007025,linked_payout_account,92
RC00000861,A00007025,C000000290,pays_to,62
RC00000862,C000017987,D00043435,uses_device,64
RC00000862,D00043435,A00001647,linked_payout_account,70
RC00000862,A00001647,M00000519,pays_to,88
RC00000863,C000018468,D00047024,uses_device,64
RC00000863,D00047024,A00003238,linked_payout_account,70
RC00000863,A00003238,M00001222,pays_to,88
RC00000864,C000000873,D00014969,uses_device,64
RC00000864,D00014969,A00011193,linked_payout_account,70
RC00000864,A00011193,M00004737,pays_to,88
RC00000865,C000003408,D00033884,uses_device,64
RC00000865,D00033884,A00007578,linked_payout_account,70
RC00000865,A00007578,C000016849,pays_to,88
RC00000866,C000003889,D00037473,uses_device,64
RC00000866,D00037473,A00009169,linked_payout_account,70
RC00000866,A00009169,M00004145,pays_to,88
RC00000867,C000004370,D00041062,uses_device,90
RC00000867,D00041062,A00010760,linked_payout_account,92
RC00000867,A00010760,C000018995,pays_to,88
RC00000868,C000005462,D00049210,uses_device,64
RC00000868,D00049210,A00002372,linked_payout_account,70
RC00000868,A00002372,C000001431,pays_to,88
RC00000869,C000005943,D00002799,uses_device,90
RC00000869,D00002799,A00003963,linked_payout_account,92
RC00000869,A00003963,M00002147,pays_to,88
RC00000870,C000005995,D00003187,uses_device,90
RC00000870,D00003187,A00004135,linked_payout_account,92
RC00000870,A00004135,C000002620,pays_to,62
RC00000871,C000007997,D00018125,uses_device,64
RC00000871,D00018125,A00010757,linked_payout_account,70
RC00000871,A00010757,M00000149,pays_to,88
RC00000872,C000008478,D00021714,uses_device,64
RC00000872,D00021714,A00000348,linked_payout_account,70
RC00000872,A00000348,M00000852,pays_to,88
RC00000873,C000010883,D00039659,uses_device,64
RC00000873,D00039659,A00008303,linked_payout_account,70
RC00000873,A00008303,M00004367,pays_to,88
RC00000874,C000013418,D00008574,uses_device,64
RC00000874,D00008574,A00004688,linked_payout_account,70
RC00000874,A00004688,C000019179,pays_to,88
RC00000875,C000013899,D00012163,uses_device,64
RC00000875,D00012163,A00006279,linked_payout_account,70
RC00000875,A00006279,M00003775,pays_to,88
RC00000876,C000014380,D00015752,uses_device,90
RC00000876,D00015752,A00007870,linked_payout_account,92
RC00000876,A00007870,C000001325,pays_to,88
RC00000877,C000015472,D00023900,uses_device,64
RC00000877,D00023900,A00011482,linked_payout_account,70
RC00000877,A00011482,C000003761,pays_to,88
RC00000878,C000015953,D00027489,uses_device,90
RC00000878,D00027489,A00001073,linked_payout_account,92
RC00000878,A00001073,M00001777,pays_to,88
RC00000879,C000018488,D00046404,uses_device,64
RC00000879,D00046404,A00009458,linked_payout_account,70
RC00000879,A00009458,C000010489,pays_to,88
RC00000880,C000000893,D00014349,uses_device,64
RC00000880,D00014349,A00005413,linked_payout_account,70
RC00000880,A00005413,C000015854,pays_to,88
RC00000881,C000001374,D00017938,uses_device,64
RC00000881,D00017938,A00007004,linked_payout_account,70
RC00000881,A00007004,M00004700,pays_to,88
RC00000882,C000003428,D00033264,uses_device,64
RC00000882,D00033264,A00001798,linked_payout_account,70
RC00000882,A00001798,M00002702,pays_to,88
RC00000883,C000003909,D00036853,uses_device,64
RC00000883,D00036853,A00003389,linked_payout_account,70
RC00000883,A00003389,M00003405,pays_to,88
RC00000884,C000004390,D00040442,uses_device,90
RC00000884,D00040442,A00004980,linked_payout_account,92
RC00000884,A00004980,C000003655,pays_to,88
RC00000885,C000005482,D00048590,uses_device,64
RC00000885,D00048590,A00008592,linked_payout_account,70
RC00000885,A00008592,C000006091,pays_to,88
RC00000886,C000005963,D00002179,uses_device,90
RC00000886,D00002179,A00010183,linked_payout_account,92
RC00000886,A00010183,M00001407,pays_to,88
RC00000887,C000008498,D00021094,uses_device,64
RC00000887,D00021094,A00006568,linked_payout_account,70
RC00000887,A00006568,C000012819,pays_to,88
RC00000888,C000010903,D00039039,uses_device,64
RC00000888,D00039039,A00002523,linked_payout_account,70
RC00000888,A00002523,C000018184,pays_to,88
RC00000889,C000011384,D00042628,uses_device,64
RC00000889,D00042628,A00004114,linked_payout_account,70
RC00000889,A00004114,M00004330,pays_to,88
RC00000890,C000013321,D00007081,uses_device,90
RC00000890,D00007081,A00010521,linked_payout_account,92
RC00000890,A00010521,C000003578,pays_to,62
RC00000891,C000013438,D00007954,uses_device,64
RC00000891,D00007954,A00010908,linked_payout_account,70
RC00000891,A00010908,M00002332,pays_to,88
RC00000892,C000013919,D00011543,uses_device,64
RC00000892,D00011543,A00000499,linked_payout_account,70
RC00000892,A00000499,M00003035,pays_to,88
RC00000893,C000014400,D00015132,uses_device,90
RC00000893,D00015132,A00002090,linked_payout_account,92
RC00000893,A00002090,C000005985,pays_to,88
RC00000894,C000015492,D00023280,uses_device,64
RC00000894,D00023280,A00005702,linked_payout_account,70
RC00000894,A00005702,M00000334,pays_to,88
RC00000895,C000015973,D00026869,uses_device,90
RC00000895,D00026869,A00007293,linked_payout_account,92
RC00000895,A00007293,M00001037,pays_to,88
RC00000896,C000000913,D00013729,uses_device,64
RC00000896,D00013729,A00011633,linked_payout_account,70
RC00000896,A00011633,C000000514,pays_to,88
RC00000897,C000001394,D00017318,uses_device,64
RC00000897,D00017318,A00001224,linked_payout_account,70
RC00000897,A00001224,M00003960,pays_to,88
RC00000898,C000003331,D00031771,uses_device,90
RC00000898,D00031771,A00007631,linked_payout_account,92
RC00000898,A00007631,C000005908,pays_to,62
RC00000899,C000003448,D00032644,uses_device,64
RC00000899,D00032644,A00008018,linked_payout_account,70
RC00000899,A00008018,M00001962,pays_to,88
RC00000900,C000003929,D00036233,uses_device,64
RC00000900,D00036233,A00009609,linked_payout_account,70
RC00000900,A00009609,C000007242,pays_to,88
RC00000901,C000004410,D00039822,uses_device,90
RC00000901,D00039822,A00011200,linked_payout_account,92
RC00000901,A00011200,M00003368,pays_to,88
RC00000902,C000005983,D00001559,uses_device,90
RC00000902,D00001559,A00004403,linked_payout_account,92
RC00000902,A00004403,M00000667,pays_to,88
RC00000903,C000008869,D00023093,uses_device,64
RC00000903,D00023093,A00001949,linked_payout_account,70
RC00000903,A00001949,M00004885,pays_to,88
RC00000904,C000010923,D00038419,uses_device,64
RC00000904,D00038419,A00008743,linked_payout_account,70
RC00000904,A00008743,C000002844,pays_to,88
RC00000905,C000011404,D00042008,uses_device,64
RC00000905,D00042008,A00010334,linked_payout_account,70
RC00000905,A00010334,M00003590,pays_to,88
RC00000906,C000013458,D00007334,uses_device,64
RC00000906,D00007334,A00005128,linked_payout_account,70
RC00000906,A00005128,M00001592,pays_to,88
RC00000907,C000013939,D00010923,uses_device,64
RC00000907,D00010923,A00006719,linked_payout_account,70
RC00000907,A00006719,C000009572,pays_to,88
RC00000908,C000014420,D00014512,uses_device,90
RC00000908,D00014512,A00008310,linked_payout_account,92
RC00000908,A00008310,M00002998,pays_to,88
RC00000909,C000015993,D00026249,uses_device,90
RC00000909,D00026249,A00001513,linked_payout_account,92
RC00000909,A00001513,C000014154,pays_to,88
RC00000910,C000018879,D00047783,uses_device,64
RC00000910,D00047783,A00011059,linked_payout_account,70
RC00000910,A00011059,M00004515,pays_to,88
RC00000911,C000000933,D00013109,uses_device,64
RC00000911,D00013109,A00005853,linked_payout_account,70
RC00000911,A00005853,M00002517,pays_to,88
RC00000912,C000001414,D00016698,uses_device,64
RC00000912,D00016698,A00007444,linked_payout_account,70
RC00000912,A00007444,M00003220,pays_to,88
RC00000913,C000003468,D00032024,uses_device,64
RC00000913,D00032024,A00002238,linked_payout_account,70
RC00000913,A00002238,M00001222,pays_to,88
RC00000914,C000003949,D00035613,uses_device,64
RC00000914,D00035613,A00003829,linked_payout_account,70
RC00000914,A00003829,C000011902,pays_to,88
RC00000915,C000004430,D00039202,uses_device,90
RC00000915,D00039202,A00005420,linked_payout_account,92
RC00000915,A00005420,M00002628,pays_to,88
RC00000916,C000008889,D00022473,uses_device,64
RC00000916,D00022473,A00008169,linked_payout_account,70
RC00000916,A00008169,M00004145,pays_to,88
RC00000917,C000009370,D00026062,uses_device,64
RC00000917,D00026062,A00009760,linked_payout_account,70
RC00000917,A00009760,C000003995,pays_to,88
RC00000918,C000010657,D00035665,uses_device,90
RC00000918,D00035665,A00002017,linked_payout_account,92
RC00000918,A00002017,C000006866,pays_to,62
RC00000919,C000010943,D00037799,uses_device,64
RC00000919,D00037799,A00002963,linked_payout_account,70
RC00000919,A00002963,M00002147,pays_to,88
RC00000920,C000011424,D00041388,uses_device,64
RC00000920,D00041388,A00004554,linked_payout_account,70
RC00000920,A00004554,M00002850,pays_to,88
RC00000921,C000012867,D00002155,uses_device,90
RC00000921,D00002155,A00009327,linked_payout_account,92
RC00000921,A00009327,C000011796,pays_to,88
RC00000922,C000013478,D00006714,uses_device,64
RC00000922,D00006714,A00011348,linked_payout_account,70
RC00000922,A00011348,M00000852,pays_to,88
RC00000923,C000013959,D00010303,uses_device,64
RC00000923,D00010303,A00000939,linked_payout_account,70
RC00000923,A00000939,C000014232,pays_to,88
RC00000924,C000014440,D00013892,uses_device,90
RC00000924,D00013892,A00002530,linked_payout_account,92
RC00000924,A00002530,M00002258,pays_to,88
RC00000925,C000018899,D00047163,uses_device,64
RC00000925,D00047163,A00005279,linked_payout_account,70
RC00000925,A00005279,M00003775,pays_to,88
RC00000926,C000019380,D00000752,uses_device,64
RC00000926,D00000752,A00006870,linked_payout_account,70
RC00000926,A00006870,C000006325,pays_to,88
RC00000927,C000000667,D00010355,uses_device,90
RC00000927,D00010355,A00011127,linked_payout_account,92
RC00000927,A00011127,C000009196,pays_to,62
RC00000928,C000000953,D00012489,uses_device,64
RC00000928,D00012489,A00000073,linked_payout_account,70
RC00000928,A00000073,M00001777,pays_to,88
RC00000929,C000001434,D00016078,uses_device,64
RC00000929,D00016078,A00001664,linked_payout_account,70
RC00000929,A00001664,C000010907,pays_to,88
RC00000930,C000002877,D00026845,uses_device,90
RC00000930,D00026845,A00006437,linked_payout_account,92
RC00000930,A00006437,C000014126,pays_to,88
RC00000931,C000003488,D00031404,uses_device,64
RC00000931,D00031404,A00008458,linked_payout_account,70
RC00000931,A00008458,C000015489,pays_to,88
RC00000932,C000003969,D00034993,uses_device,64
RC00000932,D00034993,A00010049,linked_payout_account,70
RC00000932,A00010049,M00001185,pays_to,88
RC00000933,C000004450,D00038582,uses_device,90
RC00000933,D00038582,A00011640,linked_payout_account,92
RC00000933,A00011640,M00001888,pays_to,88
RC00000934,C000008909,D00021853,uses_device,64
RC00000934,D00021853,A00002389,linked_payout_account,70
RC00000934,A00002389,M00003405,pays_to,88
RC00000935,C000009390,D00025442,uses_device,64
RC00000935,D00025442,A00003980,linked_payout_account,70
RC00000935,A00003980,C000008655,pays_to,88
RC00000936,C000010963,D00037179,uses_device,64
RC00000936,D00037179,A00009183,linked_payout_account,70
RC00000936,A00009183,M00001407,pays_to,88
RC00000937,C000011444,D00040768,uses_device,64
RC00000937,D00040768,A00010774,linked_payout_account,70
RC00000937,A00010774,C000013237,pays_to,88
RC00000938,C000012887,D00001535,uses_device,90
RC00000938,D00001535,A00003547,linked_payout_account,92
RC00000938,A00003547,M00004219,pays_to,88
RC00000939,C000013498,D00006094,uses_device,64
RC00000939,D00006094,A00005568,linked_payout_account,70
RC00000939,A00005568,C000017819,pays_to,88
RC00000940,C000013979,D00009683,uses_device,64
RC00000940,D00009683,A00007159,linked_payout_account,70
RC00000940,A00007159,M00000815,pays_to,88
RC00000941,C000014460,D00013272,uses_device,90
RC00000941,D00013272,A00008750,linked_payout_account,92
RC00000941,A00008750,M00001518,pays_to,88
RC00000942,C000018919,D00046543,uses_device,64
RC00000942,D00046543,A00011499,linked_payout_account,70
RC00000942,A00011499,M00003035,pays_to,88
RC00000943,C000019400,D00000132,uses_device,64
RC00000943,D00000132,A00001090,linked_payout_account,70
RC00000943,A00001090,C000010985,pays_to,88
RC00000944,C000000973,D00011869,uses_device,64
RC00000944,D00011869,A00006293,linked_payout_account,70
RC00000944,A00006293,M00001037,pays_to,88
RC00000945,C000001454,D00015458,uses_device,64
RC00000945,D00015458,A00007884,linked_payout_account,70
RC00000945,A00007884,C000015567,pays_to,88
RC00000946,C000002897,D00026225,uses_device,90
RC00000946,D00026225,A00000657,linked_payout_account,92
RC00000946,A00000657,M00003849,pays_to,88
RC00000947,C000003989,D00034373,uses_device,64
RC00000947,D00034373,A00004269,linked_payout_account,70
RC00000947,A00004269,M00000445,pays_to,88
RC00000948,C000004470,D00037962,uses_device,90
RC00000948,D00037962,A00005860,linked_payout_account,92
RC00000948,A00005860,C000002295,pays_to,88
RC00000949,C000006875,D00005907,uses_device,64
RC00000949,D00005907,A00001815,linked_payout_account,70
RC00000949,A00001815,C000007660,pays_to,88
RC00000950,C000007993,D00014249,uses_device,90
RC00000950,D00014249,A00005513,linked_payout_account,92
RC00000950,A00005513,C000010154,pays_to,62
RC00000951,C000008929,D00021233,uses_device,64
RC00000951,D00021233,A00008609,linked_payout_account,70
RC00000951,A00008609,C000012242,pays_to,88
RC00000952,C000009410,D00024822,uses_device,64
RC00000952,D00024822,A00010200,linked_payout_account,70
RC00000952,A00010200,M00003368,pays_to,88
RC00000953,C000010983,D00036559,uses_device,64
RC00000953,D00036559,A00003403,linked_payout_account,70
RC00000953,A00003403,M00000667,pays_to,88
RC00000954,C000011464,D00040148,uses_device,64
RC00000954,D00040148,A00004994,linked_payout_account,70
RC00000954,A00004994,C000017897,pays_to,88
RC00000955,C000012907,D00000915,uses_device,90
RC00000955,D00000915,A00009767,linked_payout_account,92
RC00000955,A00009767,M00003479,pays_to,88
RC00000956,C000013999,D00009063,uses_device,64
RC00000956,D00009063,A00001379,linked_payout_account,70
RC00000956,A00001379,M00000075,pays_to,88
RC00000957,C000014480,D00012652,uses_device,90
RC00000957,D00012652,A00002970,linked_payout_account,92
RC00000957,A00002970,C000004625,pays_to,88
RC00000958,C000016885,D00030597,uses_device,64
RC00000958,D00030597,A00010925,linked_payout_account,70
RC00000958,A00010925,C000009990,pays_to,88
RC00000959,C000017366,D00034186,uses_device,64
RC00000959,D00034186,A00000516,linked_payout_account,70
RC00000959,A00000516,M00004996,pays_to,88
RC00000960,C000018939,D00045923,uses_device,64
RC00000960,D00045923,A00005719,linked_payout_account,70
RC00000960,A00005719,C000014572,pays_to,88
RC00000961,C000019420,D00049512,uses_device,64
RC00000961,D00049512,A00007310,linked_payout_account,70
RC00000961,A00007310,M00002998,pays_to,88
RC00000962,C000000993,D00011249,uses_device,64
RC00000962,D00011249,A00000513,linked_payout_account,70
RC00000962,A00000513,C000019154,pays_to,88
RC00000963,C000001474,D00014838,uses_device,64
RC00000963,D00014838,A00002104,linked_payout_account,70
RC00000963,A00002104,M00001000,pays_to,88
RC00000964,C000002917,D00025605,uses_device,90
RC00000964,D00025605,A00006877,linked_payout_account,92
RC00000964,A00006877,M00003109,pays_to,88
RC00000965,C000004490,D00037342,uses_device,90
RC00000965,D00037342,A00000080,linked_payout_account,92
RC00000965,A00000080,C000006955,pays_to,88
RC00000966,C000006895,D00005287,uses_device,64
RC00000966,D00005287,A00008035,linked_payout_account,70
RC00000966,A00008035,C000012320,pays_to,88
RC00000967,C000007376,D00008876,uses_device,64
RC00000967,D00008876,A00009626,linked_payout_account,70
RC00000967,A00009626,M00004626,pays_to,88
RC00000968,C000008949,D00020613,uses_device,64
RC00000968,D00020613,A00002829,linked_payout_account,70
RC00000968,A00002829,C000016902,pays_to,88
RC00000969,C000009430,D00024202,uses_device,64
RC00000969,D00024202,A00004420,linked_payout_account,70
RC00000969,A00004420,M00002628,pays_to,88
RC00000970,C000011484,D00039528,uses_device,64
RC00000970,D00039528,A00011214,linked_payout_account,70
RC00000970,A00011214,M00000630,pays_to,88
RC00000971,C000012927,D00000295,uses_device,90
RC00000971,D00000295,A00003987,linked_payout_account,92
RC00000971,A00003987,M00002739,pays_to,88
RC00000972,C000014370,D00011062,uses_device,64
RC00000972,D00011062,A00008760,linked_payout_account,70
RC00000972,A00008760,C000008995,pays_to,88
RC00000973,C000014500,D00012032,uses_device,90
RC00000973,D00012032,A00009190,linked_payout_account,92
RC00000973,A00009190,C000009285,pays_to,88
RC00000974,C000016905,D00029977,uses_device,64
RC00000974,D00029977,A00005145,linked_payout_account,70
RC00000974,A00005145,C000014650,pays_to,88
RC00000975,C000017386,D00033566,uses_device,64
RC00000975,D00033566,A00006736,linked_payout_account,70
RC00000975,A00006736,M00004256,pays_to,88
RC00000976,C000018959,D00045303,uses_device,64
RC00000976,D00045303,A00011939,linked_payout_account,70
RC00000976,A00011939,C000019232,pays_to,88
RC00000977,C000019440,D00048892,uses_device,64
RC00000977,D00048892,A00001530,linked_payout_account,70
RC00000977,A00001530,M00002258,pays_to,88
RC00000978,C000001494,D00014218,uses_device,64
RC00000978,D00014218,A00008324,linked_payout_account,70
RC00000978,A00008324,M00000260,pays_to,88
RC00000979,C000002937,D00024985,uses_device,90
RC00000979,D00024985,A00001097,linked_payout_account,92
RC00000979,A00001097,M00002369,pays_to,88
RC00000980,C000004380,D00035752,uses_device,64
RC00000980,D00035752,A00005870,linked_payout_account,70
RC00000980,A00005870,C000011325,pays_to,88
RC00000981,C000006915,D00004667,uses_device,64
RC00000981,D00004667,A00002255,linked_payout_account,70
RC00000981,A00002255,M00003183,pays_to,88
RC00000982,C000007396,D00008256,uses_device,64
RC00000982,D00008256,A00003846,linked_payout_account,70
RC00000982,A00003846,M00003886,pays_to,88
RC00000983,C000008969,D00019993,uses_device,64
RC00000983,D00019993,A00009049,linked_payout_account,70
RC00000983,A00009049,M00001185,pays_to,88
RC00000984,C000009450,D00023582,uses_device,64
RC00000984,D00023582,A00010640,linked_payout_account,70
RC00000984,A00010640,M00001888,pays_to,88
RC00000985,C000011374,D00037938,uses_device,64
RC00000985,D00037938,A00005004,linked_payout_account,70
RC00000985,A00005004,M00004700,pays_to,88
RC00000986,C000012947,D00049675,uses_device,90
RC00000986,D00049675,A00010207,linked_payout_account,92
RC00000986,A00010207,C000010436,pays_to,88
RC00000987,C000014390,D00010442,uses_device,64
RC00000987,D00010442,A00002980,linked_payout_account,70
RC00000987,A00002980,C000013655,pays_to,88
RC00000988,C000014871,D00014031,uses_device,64
RC00000988,D00014031,A00004571,linked_payout_account,70
RC00000988,A00004571,M00004811,pays_to,88
RC00000989,C000016925,D00029357,uses_device,64
RC00000989,D00029357,A00011365,linked_payout_account,70
RC00000989,A00011365,M00002813,pays_to,88
RC00000990,C000017406,D00032946,uses_device,64
RC00000990,D00032946,A00000956,linked_payout_account,70
RC00000990,A00000956,C000000383,pays_to,88
RC00000991,C000018979,D00044683,uses_device,64
RC00000991,D00044683,A00006159,linked_payout_account,70
RC00000991,A00006159,M00000815,pays_to,88
RC00000992,C000019460,D00048272,uses_device,64
RC00000992,D00048272,A00007750,linked_payout_account,70
RC00000992,A00007750,M00001518,pays_to,88
RC00000993,C000001384,D00012628,uses_device,64
RC00000993,D00012628,A00002114,linked_payout_account,70
RC00000993,A00002114,M00004330,pays_to,88
RC00000994,C000002957,D00024365,uses_device,90
RC00000994,D00024365,A00007317,linked_payout_account,92
RC00000994,A00007317,C000012766,pays_to,88
RC00000995,C000004400,D00035132,uses_device,64
RC00000995,D00035132,A00000090,linked_payout_account,70
RC00000995,A00000090,C000015985,pays_to,88
RC00000996,C000004881,D00038721,uses_device,64
RC00000996,D00038721,A00001681,linked_payout_account,70
RC00000996,A00001681,M00004441,pays_to,88
RC00000997,C000006935,D00004047,uses_device,64
RC00000997,D00004047,A00008475,linked_payout_account,70
RC00000997,A00008475,M00002443,pays_to,88
RC00000998,C000007416,D00007636,uses_device,64
RC00000998,D00007636,A00010066,linked_payout_account,70
RC00000998,A00010066,C000002713,pays_to,88
RC00000999,C000008989,D00019373,uses_device,64
RC00000999,D00019373,A00003269,linked_payout_account,70
RC00000999,A00003269,M00000445,pays_to,88
RC00001000,C000009470,D00022962,uses_device,64
RC00001000,D00022962,A00004860,linked_payout_account,70
RC00001000,A00004860,C000007295,pays_to,88
RC00001001,C000011394,D00037318,uses_device,64
RC00001001,D00037318,A00011224,linked_payout_account,70
RC00001001,A00011224,M00003960,pays_to,88
RC00001002,C000012967,D00049055,uses_device,90
RC00001002,D00049055,A00004427,linked_payout_account,92
RC00001002,A00004427,C000015096,pays_to,88
RC00001003,C000014410,D00009822,uses_device,64
RC00001003,D00009822,A00009200,linked_payout_account,70
RC00001003,A00009200,M00003368,pays_to,88
RC00001004,C000014891,D00013411,uses_device,64
RC00001004,D00013411,A00010791,linked_payout_account,70
RC00001004,A00010791,M00004071,pays_to,88
RC00001005,C000016945,D00028737,uses_device,64
RC00001005,D00028737,A00005585,linked_payout_account,70
RC00001005,A00005585,M00002073,pays_to,88
RC00001006,C000017426,D00032326,uses_device,64
RC00001006,D00032326,A00007176,linked_payout_account,70
RC00001006,A00007176,C000005043,pays_to,88
RC00001007,C000018999,D00044063,uses_device,64
RC00001007,D00044063,A00000379,linked_payout_account,70
RC00001007,A00000379,M00000075,pays_to,88
RC00001008,C000019480,D00047652,uses_device,64
RC00001008,D00047652,A00001970,linked_payout_account,70
RC00001008,A00001970,C000009625,pays_to,88
RC00001009,C000001404,D00012008,uses_device,64
RC00001009,D00012008,A00008334,linked_payout_account,70
RC00001009,A00008334,M00003590,pays_to,88
RC00001010,C000002366,D00019186,uses_device,64
RC00001010,D00019186,A00011516,linked_payout_account,70
RC00001010,A00011516,M00004996,pays_to,88
RC00001011,C000002977,D00023745,uses_device,90
RC00001011,D00023745,A00001537,linked_payout_account,92
RC00001011,A00001537,C000017426,pays_to,88
RC00001012,C000004420,D00034512,uses_device,64
RC00001012,D00034512,A00006310,linked_payout_account,70
RC00001012,A00006310,M00002998,pays_to,88
RC00001013,C000004901,D00038101,uses_device,64
RC00001013,D00038101,A00007901,linked_payout_account,70
RC00001013,A00007901,M00003701,pays_to,88
RC00001014,C000006955,D00003427,uses_device,64
RC00001014,D00003427,A00002695,linked_payout_account,70
RC00001014,A00002695,M00001703,pays_to,88
RC00001015,C000007436,D00007016,uses_device,64
RC00001015,D00007016,A00004286,linked_payout_account,70
RC00001015,A00004286,C000007373,pays_to,88
RC00001016,C000009490,D00022342,uses_device,64
RC00001016,D00022342,A00011080,linked_payout_account,70
RC00001016,A00011080,C000011955,pays_to,88
RC00001017,C000011323,D00036019,uses_device,90
RC00001017,D00036019,A00005143,linked_payout_account,92
RC00001017,A00005143,C000016044,pays_to,62
RC00001018,C000011414,D00036698,uses_device,64
RC00001018,D00036698,A00005444,linked_payout_account,70
RC00001018,A00005444,M00003220,pays_to,88
RC00001019,C000012376,D00043876,uses_device,64
RC00001019,D00043876,A00008626,linked_payout_account,70
RC00001019,A00008626,M00004626,pays_to,88
RC00001020,C000012987,D00048435,uses_device,90
RC00001020,D00048435,A00010647,linked_payout_account,92
RC00001020,A00010647,M00000519,pays_to,88
RC00001021,C000014430,D00009202,uses_device,64
RC00001021,D00009202,A00003420,linked_payout_account,70
RC00001021,A00003420,M00002628,pays_to,88
RC00001022,C000014911,D00012791,uses_device,64
RC00001022,D00012791,A00005011,linked_payout_account,70
RC00001022,A00005011,C000004048,pays_to,88
RC00001023,C000016965,D00028117,uses_device,64
RC00001023,D00028117,A00011805,linked_payout_account,70
RC00001023,A00011805,C000008630,pays_to,88
RC00001024,C000017446,D00031706,uses_device,64
RC00001024,D00031706,A00001396,linked_payout_account,70
RC00001024,A00001396,M00002036,pays_to,88
RC00001025,C000019500,D00047032,uses_device,64
RC00001025,D00047032,A00008190,linked_payout_account,70
RC00001025,A00008190,C000014285,pays_to,88
RC00001026,C000001424,D00011388,uses_device,64
RC00001026,D00011388,A00002554,linked_payout_account,70
RC00001026,A00002554,M00002850,pays_to,88
RC00001027,C000002386,D00018566,uses_device,64
RC00001027,D00018566,A00005736,linked_payout_account,70
RC00001027,A00005736,M00004256,pays_to,88
RC00001028,C000002867,D00022155,uses_device,64
RC00001028,D00022155,A00007327,linked_payout_account,70
RC00001028,A00007327,C000001796,pays_to,88
RC00001029,C000002997,D00023125,uses_device,90
RC00001029,D00023125,A00007757,linked_payout_account,92
RC00001029,A00007757,M00000149,pays_to,88
RC00001030,C000004440,D00033892,uses_device,64
RC00001030,D00033892,A00000530,linked_payout_account,70
RC00001030,A00000530,M00002258,pays_to,88
RC00001031,C000004921,D00037481,uses_device,64
RC00001031,D00037481,A00002121,linked_payout_account,70
RC00001031,A00002121,C000006378,pays_to,88
RC00001032,C000006975,D00002807,uses_device,64
RC00001032,D00002807,A00008915,linked_payout_account,70
RC00001032,A00008915,C000010960,pays_to,88
RC00001033,C000007456,D00006396,uses_device,64
RC00001033,D00006396,A00010506,linked_payout_account,70
RC00001033,A00010506,M00001666,pays_to,88
RC00001034,C000011434,D00036078,uses_device,64
RC00001034,D00036078,A00011664,linked_payout_account,70
RC00001034,A00011664,C000000907,pays_to,88
RC00001035,C000012396,D00043256,uses_device,64
RC00001035,D00043256,A00002846,linked_payout_account,70
RC00001035,A00002846,M00003886,pays_to,88
RC00001036,C000012877,D00046845,uses_device,64
RC00001036,D00046845,A00004437,linked_payout_account,70
RC00001036,A00004437,C000004126,pays_to,88
RC00001037,C000014450,D00008582,uses_device,64
RC00001037,D00008582,A00009640,linked_payout_account,70
RC00001037,A00009640,M00001888,pays_to,88
RC00001038,C000014931,D00012171,uses_device,64
RC00001038,D00012171,A00011231,linked_payout_account,70
RC00001038,A00011231,C000008708,pays_to,88
RC00001039,C000016985,D00027497,uses_device,64
RC00001039,D00027497,A00006025,linked_payout_account,70
RC00001039,A00006025,C000013290,pays_to,88
RC00001040,C000017466,D00031086,uses_device,64
RC00001040,D00031086,A00007616,linked_payout_account,70
RC00001040,A00007616,M00001296,pays_to,88
RC00001041,C000018649,D00039913,uses_device,90
RC00001041,D00039913,A00011529,linked_payout_account,92
RC00001041,A00011529,C000017002,pays_to,62
RC00001042,C000019871,D00049031,uses_device,64
RC00001042,D00049031,A00003571,linked_payout_account,70
RC00001042,A00003571,M00004811,pays_to,88
